name_ar,name_en,types,website,license_number,registration_number,source_name,source_url,verified_on,item_key
الشركة الزاملية للاستثمار,,developer,,1627,,الهيئة العامة للعقار — المنشآت المؤهلة (وافي),https://rega.gov.sa/en/rega-services/platforms/wafi-off-plan-sales-and-lease/?currentDeveloperPage=42&tabActive=Wafi+Developers,2026-10-01,1627:الشركة الزاملية للاستثمار
الشركة السعودية للتطوير العمراني,,developer,,1632,,الهيئة العامة للعقار — المنشآت المؤهلة (وافي),https://rega.gov.sa/en/rega-services/platforms/wafi-off-plan-sales-and-lease/?currentDeveloperPage=9&tabActive=Wafi+Developers,2026-10-01,1632:الشركة السعودية للتطوير العمراني
الشركة العالمية للتطوير العقاري,,developer,,697,,الهيئة العامة للعقار — المنشآت المؤهلة (وافي),https://rega.gov.sa/en/rega-services/platforms/wafi-off-plan-sales-and-lease/?currentDeveloperPage=79&tabActive=Wafi+Developers,2026-10-01,697:الشركة العالمية للتطوير العقاري
الشركة ألفا النخبة للاستثمار شخص واحد,,developer,,1350,,الهيئة العامة للعقار — المنشآت المؤهلة (وافي),https://rega.gov.sa/en/rega-services/platforms/wafi-off-plan-sales-and-lease/?currentDeveloperPage=9&tabActive=Wafi+Developers,2026-10-01,1350:الشركة ألفا النخبة للاستثمار شخص واحد
الشركة الوطنية لخدمات الاسكان شركة شخص واحد الوطنية لخدمات الاسكان شركة شخص واحد,,developer,,1935,,الهيئة العامة للعقار — المنشآت المؤهلة (وافي),https://rega.gov.sa/en/rega-services/platforms/wafi-off-plan-sales-and-lease/?currentDeveloperPage=32&tabActive=Wafi+Developers,2026-10-01,1935:الشركة الوطنية لخدمات الاسكان شركة شخص واحد الوطنية لخدمات الاسكان شركة شخص واحد
الشركة الوطنية للاسكان شركة شخص واحد مساهمة مقفلة الوطنية للاسكان شركة شخص واحد مساهمة مقفلة,,developer,,1276,,الهيئة العامة للعقار — المنشآت المؤهلة (وافي),https://rega.gov.sa/en/rega-services/platforms/wafi-off-plan-sales-and-lease/?currentDeveloperPage=33&tabActive=Wafi+Developers,2026-10-01,1276:الشركة الوطنية للاسكان شركة شخص واحد مساهمة مقفلة الوطنية للاسكان شركة شخص واحد مساهمة مقفلة
الهيئة الملكية لمدينة الرياض,,developer,,2000,,الهيئة العامة للعقار — المنشآت المؤهلة (وافي),https://rega.gov.sa/en/rega-services/platforms/wafi-off-plan-sales-and-lease/?currentDeveloperPage=40&tabActive=Wafi+Developers,2026-10-01,2000:الهيئة الملكية لمدينة الرياض
داران العقارية,,developer,,2320,,الهيئة العامة للعقار — المنشآت المؤهلة (وافي),https://rega.gov.sa/en/rega-services/platforms/wafi-off-plan-sales-and-lease/?currentDeveloperPage=69&tabActive=Wafi+Developers,2026-10-01,2320:داران العقارية
شركة آرام المتقدمة للتطوير والاستثمار العقاري,,developer,,2433,,الهيئة العامة للعقار — المنشآت المؤهلة (وافي),https://rega.gov.sa/en/rega-services/platforms/wafi-off-plan-sales-and-lease/?currentDeveloperPage=74&tabActive=Wafi+Developers,2026-10-01,2433:شركة آرام المتقدمة للتطوير والاستثمار العقاري
شركة آريك ريد,,developer,,1102,,الهيئة العامة للعقار — المنشآت المؤهلة (وافي),https://rega.gov.sa/en/rega-services/platforms/wafi-off-plan-sales-and-lease/?currentDeveloperPage=18&tabActive=Wafi+Developers,2026-10-01,1102:شركة آريك ريد
شركة آل سعيدان للعقارات,,developer,,1679,,الهيئة العامة للعقار — المنشآت المؤهلة (وافي),https://rega.gov.sa/en/rega-services/platforms/wafi-off-plan-sales-and-lease/?currentDeveloperPage=13&tabActive=Wafi+Developers,2026-10-01,1679:شركة آل سعيدان للعقارات
شركة آي سي هوم,,developer,,2062,,الهيئة العامة للعقار — المنشآت المؤهلة (وافي),https://rega.gov.sa/en/rega-services/platforms/wafi-off-plan-sales-and-lease/?currentDeveloperPage=43&tabActive=Wafi+Developers,2026-10-01,2062:شركة آي سي هوم
شركة ابات للتطوير العقاري شركة شخص واحد,,developer,,2274,,الهيئة العامة للعقار — المنشآت المؤهلة (وافي),https://rega.gov.sa/en/rega-services/platforms/wafi-off-plan-sales-and-lease/?currentDeveloperPage=63&tabActive=Wafi+Developers,2026-10-01,2274:شركة ابات للتطوير العقاري شركة شخص واحد
شركة ابداع المنازل للتطوير العقاري شركة شخص واحد,,developer,,1607,,الهيئة العامة للعقار — المنشآت المؤهلة (وافي),https://rega.gov.sa/en/rega-services/platforms/wafi-off-plan-sales-and-lease/?currentDeveloperPage=47&tabActive=Wafi+Developers,2026-10-01,1607:شركة ابداع المنازل للتطوير العقاري شركة شخص واحد
شركة ابداع المنازل للتطوير العقاري شركة شخص واحد,,developer,,2198,,الهيئة العامة للعقار — المنشآت المؤهلة (وافي),https://rega.gov.sa/en/rega-services/platforms/wafi-off-plan-sales-and-lease/?currentDeveloperPage=58&tabActive=Wafi+Developers,2026-10-01,2198:شركة ابداع المنازل للتطوير العقاري شركة شخص واحد
شركة ابراج الجودة للتطوير العقاري,,developer,,1199,,الهيئة العامة للعقار — المنشآت المؤهلة (وافي),https://rega.gov.sa/en/rega-services/platforms/wafi-off-plan-sales-and-lease/?currentDeveloperPage=71&tabActive=Wafi+Developers,2026-10-01,1199:شركة ابراج الجودة للتطوير العقاري
شركة ابراج الرفاهية القابضة,,developer,,2193,,الهيئة العامة للعقار — المنشآت المؤهلة (وافي),https://rega.gov.sa/en/rega-services/platforms/wafi-off-plan-sales-and-lease/?currentDeveloperPage=53&tabActive=Wafi+Developers,2026-10-01,2193:شركة ابراج الرفاهية القابضة
شركة ابراج السمو العقارية شركة شخص واحد,,developer,,1739,,الهيئة العامة للعقار — المنشآت المؤهلة (وافي),https://rega.gov.sa/en/rega-services/platforms/wafi-off-plan-sales-and-lease/?currentDeveloperPage=17&tabActive=Wafi+Developers,2026-10-01,1739:شركة ابراج السمو العقارية شركة شخص واحد
شركة أبراج بابل للتطوير العقاري,,developer,,1726,,الهيئة العامة للعقار — المنشآت المؤهلة (وافي),https://rega.gov.sa/en/rega-services/platforms/wafi-off-plan-sales-and-lease/?currentDeveloperPage=14&tabActive=Wafi+Developers,2026-10-01,1726:شركة أبراج بابل للتطوير العقاري
شركة ابراهيم القحطاني العقارية شركة شخص واحد,,developer,,36,,الهيئة العامة للعقار — المنشآت المؤهلة (وافي),https://rega.gov.sa/en/rega-services/platforms/wafi-off-plan-sales-and-lease/?currentDeveloperPage=7&tabActive=Wafi+Developers,2026-10-01,36:شركة ابراهيم القحطاني العقارية شركة شخص واحد
شركة ابراهيم القحطاني العقارية شركة شخص واحد,,developer,,695,,الهيئة العامة للعقار — المنشآت المؤهلة (وافي),https://rega.gov.sa/en/rega-services/platforms/wafi-off-plan-sales-and-lease/?currentDeveloperPage=35&tabActive=Wafi+Developers,2026-10-01,695:شركة ابراهيم القحطاني العقارية شركة شخص واحد
شركة ابراهيم بن محمد بن سعيدان للاستثمار شركةشخص واحد,,developer,,58,,الهيئة العامة للعقار — المنشآت المؤهلة (وافي),https://rega.gov.sa/en/rega-services/platforms/wafi-off-plan-sales-and-lease/?currentDeveloperPage=17&tabActive=Wafi+Developers,2026-10-01,58:شركة ابراهيم بن محمد بن سعيدان للاستثمار شركةشخص واحد
شركة ابراهيم بن محمد بن علي عطيف للمقاولات العامة,,developer,,2365,,الهيئة العامة للعقار — المنشآت المؤهلة (وافي),https://rega.gov.sa/en/rega-services/platforms/wafi-off-plan-sales-and-lease/?currentDeveloperPage=70&tabActive=Wafi+Developers,2026-10-01,2365:شركة ابراهيم بن محمد بن علي عطيف للمقاولات العامة
شركة ابراهيم عبدالرحمن المهيدب للتجارة شركة شخص واحد,,developer,,2459,,الهيئة العامة للعقار — المنشآت المؤهلة (وافي),https://rega.gov.sa/en/rega-services/platforms/wafi-off-plan-sales-and-lease/?currentDeveloperPage=83&tabActive=Wafi+Developers,2026-10-01,2459:شركة ابراهيم عبدالرحمن المهيدب للتجارة شركة شخص واحد
شركة ابراهيم علي حسن مراد للتطوير والاستثمار العقاري,,developer,,2020,,الهيئة العامة للعقار — المنشآت المؤهلة (وافي),https://rega.gov.sa/en/rega-services/platforms/wafi-off-plan-sales-and-lease/?currentDeveloperPage=34&tabActive=Wafi+Developers,2026-10-01,2020:شركة ابراهيم علي حسن مراد للتطوير والاستثمار العقاري
شركة ابراهيم ماجد صالح الغنام العقارية شركة شخص واحد العقارية,,developer,,2374,,الهيئة العامة للعقار — المنشآت المؤهلة (وافي),https://rega.gov.sa/en/rega-services/platforms/wafi-off-plan-sales-and-lease/?currentDeveloperPage=68&tabActive=Wafi+Developers,2026-10-01,2374:شركة ابراهيم ماجد صالح الغنام العقارية شركة شخص واحد العقارية
شركة ابعاد فنية للمقاولات,,developer,,1572,,الهيئة العامة للعقار — المنشآت المؤهلة (وافي),https://rega.gov.sa/en/rega-services/platforms/wafi-off-plan-sales-and-lease/?currentDeveloperPage=20&tabActive=Wafi+Developers,2026-10-01,1572:شركة ابعاد فنية للمقاولات
شركة أبناء عبدالعزيز العجلان للاستثمار التجاري والعقاري عجلان واخوانه,,developer,,1030,,الهيئة العامة للعقار — المنشآت المؤهلة (وافي),https://rega.gov.sa/en/rega-services/platforms/wafi-off-plan-sales-and-lease/?currentDeveloperPage=40&tabActive=Wafi+Developers,2026-10-01,1030:شركة أبناء عبدالعزيز العجلان للاستثمار التجاري والعقاري عجلان واخوانه
شركة إبهام للتطوير العقاري,,developer,,1487,,الهيئة العامة للعقار — المنشآت المؤهلة (وافي),https://rega.gov.sa/en/rega-services/platforms/wafi-off-plan-sales-and-lease/?currentDeveloperPage=53&tabActive=Wafi+Developers,2026-10-01,1487:شركة إبهام للتطوير العقاري
شركة ابياتنا التطويرية,,developer,,1538,,الهيئة العامة للعقار — المنشآت المؤهلة (وافي),https://rega.gov.sa/en/rega-services/platforms/wafi-off-plan-sales-and-lease/?currentDeveloperPage=5&tabActive=Wafi+Developers,2026-10-01,1538:شركة ابياتنا التطويرية
شركة ابياتنا التطويرية,,developer,,1590,,الهيئة العامة للعقار — المنشآت المؤهلة (وافي),https://rega.gov.sa/en/rega-services/platforms/wafi-off-plan-sales-and-lease/?currentDeveloperPage=12&tabActive=Wafi+Developers,2026-10-01,1590:شركة ابياتنا التطويرية
شركة ابياتنا التطويرية,,developer,,1611,,الهيئة العامة للعقار — المنشآت المؤهلة (وافي),https://rega.gov.sa/en/rega-services/platforms/wafi-off-plan-sales-and-lease/?currentDeveloperPage=12&tabActive=Wafi+Developers,2026-10-01,1611:شركة ابياتنا التطويرية
شركة أبيكس ديفيلوبمنت,,developer,,2113,,الهيئة العامة للعقار — المنشآت المؤهلة (وافي),https://rega.gov.sa/en/rega-services/platforms/wafi-off-plan-sales-and-lease/?currentDeveloperPage=48&tabActive=Wafi+Developers,2026-10-01,2113:شركة أبيكس ديفيلوبمنت
شركة اتبار للتطوير والاستثمار العقاري ذات مسؤولية محدودة,,developer,,2279,,الهيئة العامة للعقار — المنشآت المؤهلة (وافي),https://rega.gov.sa/en/rega-services/platforms/wafi-off-plan-sales-and-lease/?currentDeveloperPage=66&tabActive=Wafi+Developers,2026-10-01,2279:شركة اتبار للتطوير والاستثمار العقاري ذات مسؤولية محدودة
شركة اتحاد الخالديه,,developer,,1971,,الهيئة العامة للعقار — المنشآت المؤهلة (وافي),https://rega.gov.sa/en/rega-services/platforms/wafi-off-plan-sales-and-lease/?currentDeveloperPage=34&tabActive=Wafi+Developers,2026-10-01,1971:شركة اتحاد الخالديه
شركة اتحاد الراجحي العقارية,,developer,,396,,الهيئة العامة للعقار — المنشآت المؤهلة (وافي),https://rega.gov.sa/en/rega-services/platforms/wafi-off-plan-sales-and-lease/?currentDeveloperPage=23&tabActive=Wafi+Developers,2026-10-01,396:شركة اتحاد الراجحي العقارية
شركة اتر للتطوير العقاري,,developer,,1508,,الهيئة العامة للعقار — المنشآت المؤهلة (وافي),https://rega.gov.sa/en/rega-services/platforms/wafi-off-plan-sales-and-lease/?currentDeveloperPage=24&tabActive=Wafi+Developers,2026-10-01,1508:شركة اتر للتطوير العقاري
شركة إتقان العقارية شركة مساهمة مقفلة,,developer,,889,,الهيئة العامة للعقار — المنشآت المؤهلة (وافي),https://rega.gov.sa/en/rega-services/platforms/wafi-off-plan-sales-and-lease/?currentDeveloperPage=25&tabActive=Wafi+Developers,2026-10-01,889:شركة إتقان العقارية شركة مساهمة مقفلة
شركة اتقان الفناء للتطوير العقاري,,developer,,2079,,الهيئة العامة للعقار — المنشآت المؤهلة (وافي),https://rega.gov.sa/en/rega-services/platforms/wafi-off-plan-sales-and-lease/?currentDeveloperPage=44&tabActive=Wafi+Developers,2026-10-01,2079:شركة اتقان الفناء للتطوير العقاري
شركة أثر الحديثة للتطوير العقاري,,developer,,1706,,الهيئة العامة للعقار — المنشآت المؤهلة (وافي),https://rega.gov.sa/en/rega-services/platforms/wafi-off-plan-sales-and-lease/?currentDeveloperPage=13&tabActive=Wafi+Developers,2026-10-01,1706:شركة أثر الحديثة للتطوير العقاري
شركة إثراء الدمام العقارية,,developer,,1248,,الهيئة العامة للعقار — المنشآت المؤهلة (وافي),https://rega.gov.sa/en/rega-services/platforms/wafi-off-plan-sales-and-lease/?currentDeveloperPage=85&tabActive=Wafi+Developers,2026-10-01,1248:شركة إثراء الدمام العقارية
شركة أثل للتطوير والاستثمار العقاري,,developer,,2154,,الهيئة العامة للعقار — المنشآت المؤهلة (وافي),https://rega.gov.sa/en/rega-services/platforms/wafi-off-plan-sales-and-lease/?currentDeveloperPage=24&tabActive=Wafi+Developers,2026-10-01,2154:شركة أثل للتطوير والاستثمار العقاري
شركة أثيث للتطوير والاستثمار العقاري,,developer,,1944,,الهيئة العامة للعقار — المنشآت المؤهلة (وافي),https://rega.gov.sa/en/rega-services/platforms/wafi-off-plan-sales-and-lease/?currentDeveloperPage=20&tabActive=Wafi+Developers,2026-10-01,1944:شركة أثيث للتطوير والاستثمار العقاري
شركة اثيل المتطورة العقارية,,developer,,2187,,الهيئة العامة للعقار — المنشآت المؤهلة (وافي),https://rega.gov.sa/en/rega-services/platforms/wafi-off-plan-sales-and-lease/?currentDeveloperPage=51&tabActive=Wafi+Developers,2026-10-01,2187:شركة اثيل المتطورة العقارية
شركة أثيل المعمار للتطوير والاستثمار العقاري,,developer,,2292,,الهيئة العامة للعقار — المنشآت المؤهلة (وافي),https://rega.gov.sa/en/rega-services/platforms/wafi-off-plan-sales-and-lease/?currentDeveloperPage=68&tabActive=Wafi+Developers,2026-10-01,2292:شركة أثيل المعمار للتطوير والاستثمار العقاري
شركة أجذى,,developer,,2064,,الهيئة العامة للعقار — المنشآت المؤهلة (وافي),https://rega.gov.sa/en/rega-services/platforms/wafi-off-plan-sales-and-lease/?currentDeveloperPage=40&tabActive=Wafi+Developers,2026-10-01,2064:شركة أجذى
شركة اجراس للتطوير العقاري شركة شخص واحد,,developer,,2223,,الهيئة العامة للعقار — المنشآت المؤهلة (وافي),https://rega.gov.sa/en/rega-services/platforms/wafi-off-plan-sales-and-lease/?currentDeveloperPage=58&tabActive=Wafi+Developers,2026-10-01,2223:شركة اجراس للتطوير العقاري شركة شخص واحد
شركة اجياد العربية العقارية,,developer,,1358,,الهيئة العامة للعقار — المنشآت المؤهلة (وافي),https://rega.gov.sa/en/rega-services/platforms/wafi-off-plan-sales-and-lease/?currentDeveloperPage=8&tabActive=Wafi+Developers,2026-10-01,1358:شركة اجياد العربية العقارية
شركة احتراف البناء للمقاولات,,developer,,1438,,الهيئة العامة للعقار — المنشآت المؤهلة (وافي),https://rega.gov.sa/en/rega-services/platforms/wafi-off-plan-sales-and-lease/?currentDeveloperPage=5&tabActive=Wafi+Developers,2026-10-01,1438:شركة احتراف البناء للمقاولات
شركة احمد عبدالله آل مبارك,,developer,,2061,,الهيئة العامة للعقار — المنشآت المؤهلة (وافي),https://rega.gov.sa/en/rega-services/platforms/wafi-off-plan-sales-and-lease/?currentDeveloperPage=43&tabActive=Wafi+Developers,2026-10-01,2061:شركة احمد عبدالله آل مبارك
شركة إحياء العقارية,,developer,,1153,,الهيئة العامة للعقار — المنشآت المؤهلة (وافي),https://rega.gov.sa/en/rega-services/platforms/wafi-off-plan-sales-and-lease/?currentDeveloperPage=67&tabActive=Wafi+Developers,2026-10-01,1153:شركة إحياء العقارية
شركة أداء للمقاولات شركة شخص واحد,,developer,,1982,,الهيئة العامة للعقار — المنشآت المؤهلة (وافي),https://rega.gov.sa/en/rega-services/platforms/wafi-off-plan-sales-and-lease/?currentDeveloperPage=36&tabActive=Wafi+Developers,2026-10-01,1982:شركة أداء للمقاولات شركة شخص واحد
شركة إدارة للتنمية والتطوير,,developer,,1644,,الهيئة العامة للعقار — المنشآت المؤهلة (وافي),https://rega.gov.sa/en/rega-services/platforms/wafi-off-plan-sales-and-lease/?currentDeveloperPage=13&tabActive=Wafi+Developers,2026-10-01,1644:شركة إدارة للتنمية والتطوير
شركة أدفا للمقاولات العامة شركة شخص واحد,,developer,,1857,,الهيئة العامة للعقار — المنشآت المؤهلة (وافي),https://rega.gov.sa/en/rega-services/platforms/wafi-off-plan-sales-and-lease/?currentDeveloperPage=24&tabActive=Wafi+Developers,2026-10-01,1857:شركة أدفا للمقاولات العامة شركة شخص واحد
شركة أدير العقارية مساهمة سعودية مقفلة,,developer,,1692,,الهيئة العامة للعقار — المنشآت المؤهلة (وافي),https://rega.gov.sa/en/rega-services/platforms/wafi-off-plan-sales-and-lease/?currentDeveloperPage=16&tabActive=Wafi+Developers,2026-10-01,1692:شركة أدير العقارية مساهمة سعودية مقفلة
شركة أدير العقارية مساهمة سعودية مقفلة,,developer,,38,,الهيئة العامة للعقار — المنشآت المؤهلة (وافي),https://rega.gov.sa/en/rega-services/platforms/wafi-off-plan-sales-and-lease/?currentDeveloperPage=7&tabActive=Wafi+Developers,2026-10-01,38:شركة أدير العقارية مساهمة سعودية مقفلة
شركة أدير القابضة,,developer,,1996,,الهيئة العامة للعقار — المنشآت المؤهلة (وافي),https://rega.gov.sa/en/rega-services/platforms/wafi-off-plan-sales-and-lease/?currentDeveloperPage=39&tabActive=Wafi+Developers,2026-10-01,1996:شركة أدير القابضة
شركة أذاخر للتطوير شركة شخص واحد,,developer,,2139,,الهيئة العامة للعقار — المنشآت المؤهلة (وافي),https://rega.gov.sa/en/rega-services/platforms/wafi-off-plan-sales-and-lease/?currentDeveloperPage=24&tabActive=Wafi+Developers,2026-10-01,2139:شركة أذاخر للتطوير شركة شخص واحد
شركة اراك المدائن للتطوير العقاري,,developer,,1903,,الهيئة العامة للعقار — المنشآت المؤهلة (وافي),https://rega.gov.sa/en/rega-services/platforms/wafi-off-plan-sales-and-lease/?currentDeveloperPage=30&tabActive=Wafi+Developers,2026-10-01,1903:شركة اراك المدائن للتطوير العقاري
شركة أرام السعودية,,developer,,1886,,الهيئة العامة للعقار — المنشآت المؤهلة (وافي),https://rega.gov.sa/en/rega-services/platforms/wafi-off-plan-sales-and-lease/?currentDeveloperPage=29&tabActive=Wafi+Developers,2026-10-01,1886:شركة أرام السعودية
شركة أرتار بروبرتي,,developer,,2255,,الهيئة العامة للعقار — المنشآت المؤهلة (وافي),https://rega.gov.sa/en/rega-services/platforms/wafi-off-plan-sales-and-lease/?currentDeveloperPage=24&tabActive=Wafi+Developers,2026-10-01,2255:شركة أرتار بروبرتي
شركة ارتاس للعقارات شخص واحد,,developer,,1742,,الهيئة العامة للعقار — المنشآت المؤهلة (وافي),https://rega.gov.sa/en/rega-services/platforms/wafi-off-plan-sales-and-lease/?currentDeveloperPage=19&tabActive=Wafi+Developers,2026-10-01,1742:شركة ارتاس للعقارات شخص واحد
شركة إرث الأوطان للتطوير العقاري,,developer,,1515,,الهيئة العامة للعقار — المنشآت المؤهلة (وافي),https://rega.gov.sa/en/rega-services/platforms/wafi-off-plan-sales-and-lease/?currentDeveloperPage=5&tabActive=Wafi+Developers,2026-10-01,1515:شركة إرث الأوطان للتطوير العقاري
شركة إرث الغربية للتطوير العقاري,,developer,,1545,,الهيئة العامة للعقار — المنشآت المؤهلة (وافي),https://rega.gov.sa/en/rega-services/platforms/wafi-off-plan-sales-and-lease/?currentDeveloperPage=10&tabActive=Wafi+Developers,2026-10-01,1545:شركة إرث الغربية للتطوير العقاري
شركة إرث جدة للتطوير العقاري شركة شخص واحد,,developer,,1488,,الهيئة العامة للعقار — المنشآت المؤهلة (وافي),https://rega.gov.sa/en/rega-services/platforms/wafi-off-plan-sales-and-lease/?currentDeveloperPage=19&tabActive=Wafi+Developers,2026-10-01,1488:شركة إرث جدة للتطوير العقاري شركة شخص واحد
شركة ارجان المعمارية العقارية شركة شخص واحد,,developer,,1493,,الهيئة العامة للعقار — المنشآت المؤهلة (وافي),https://rega.gov.sa/en/rega-services/platforms/wafi-off-plan-sales-and-lease/?currentDeveloperPage=4&tabActive=Wafi+Developers,2026-10-01,1493:شركة ارجان المعمارية العقارية شركة شخص واحد
شركة ارجان كازا للتطوير العقاري,,developer,,1800,,الهيئة العامة للعقار — المنشآت المؤهلة (وافي),https://rega.gov.sa/en/rega-services/platforms/wafi-off-plan-sales-and-lease/?currentDeveloperPage=22&tabActive=Wafi+Developers,2026-10-01,1800:شركة ارجان كازا للتطوير العقاري
شركة ارض وبناء للاستثمار والتطوير العقاري,,developer,,1113,,الهيئة العامة للعقار — المنشآت المؤهلة (وافي),https://rega.gov.sa/en/rega-services/platforms/wafi-off-plan-sales-and-lease/?currentDeveloperPage=57&tabActive=Wafi+Developers,2026-10-01,1113:شركة ارض وبناء للاستثمار والتطوير العقاري
شركة ارضين للتنمية والتطوير شركة شخص واحد,,developer,,2221,,الهيئة العامة للعقار — المنشآت المؤهلة (وافي),https://rega.gov.sa/en/rega-services/platforms/wafi-off-plan-sales-and-lease/?currentDeveloperPage=61&tabActive=Wafi+Developers,2026-10-01,2221:شركة ارضين للتنمية والتطوير شركة شخص واحد
شركة أرقى سكن العقارية مساهمة مقفلة,,developer,,1137,,الهيئة العامة للعقار — المنشآت المؤهلة (وافي),https://rega.gov.sa/en/rega-services/platforms/wafi-off-plan-sales-and-lease/?currentDeveloperPage=60&tabActive=Wafi+Developers,2026-10-01,1137:شركة أرقى سكن العقارية مساهمة مقفلة
شركة ارك الماسية العقارية,,developer,,2053,,الهيئة العامة للعقار — المنشآت المؤهلة (وافي),https://rega.gov.sa/en/rega-services/platforms/wafi-off-plan-sales-and-lease/?currentDeveloperPage=41&tabActive=Wafi+Developers,2026-10-01,2053:شركة ارك الماسية العقارية
شركة أركان البناء المتكاملة,,developer,,2557,,الهيئة العامة للعقار — المنشآت المؤهلة (وافي),https://rega.gov.sa/en/rega-services/platforms/wafi-off-plan-sales-and-lease/?currentDeveloperPage=91&tabActive=Wafi+Developers,2026-10-01,2557:شركة أركان البناء المتكاملة
شركة أركان البيت العقارية المحدودة,,developer,,1554,,الهيئة العامة للعقار — المنشآت المؤهلة (وافي),https://rega.gov.sa/en/rega-services/platforms/wafi-off-plan-sales-and-lease/?currentDeveloperPage=13&tabActive=Wafi+Developers,2026-10-01,1554:شركة أركان البيت العقارية المحدودة
شركة أركان البيت العقارية المحدودة,,developer,,762,,الهيئة العامة للعقار — المنشآت المؤهلة (وافي),https://rega.gov.sa/en/rega-services/platforms/wafi-off-plan-sales-and-lease/?currentDeveloperPage=15&tabActive=Wafi+Developers,2026-10-01,762:شركة أركان البيت العقارية المحدودة
شركة اركان القوة الحديثة,,developer,,2432,,الهيئة العامة للعقار — المنشآت المؤهلة (وافي),https://rega.gov.sa/en/rega-services/platforms/wafi-off-plan-sales-and-lease/?currentDeveloperPage=78&tabActive=Wafi+Developers,2026-10-01,2432:شركة اركان القوة الحديثة
شركة اركان الليوان للتطوير العقاري شركة شخص واحد,,developer,,19,,الهيئة العامة للعقار — المنشآت المؤهلة (وافي),https://rega.gov.sa/en/rega-services/platforms/wafi-off-plan-sales-and-lease/?currentDeveloperPage=6&tabActive=Wafi+Developers,2026-10-01,19:شركة اركان الليوان للتطوير العقاري شركة شخص واحد
شركة أرمال للتطوير العقاري شركة شخص واحد,,developer,,469,,الهيئة العامة للعقار — المنشآت المؤهلة (وافي),https://rega.gov.sa/en/rega-services/platforms/wafi-off-plan-sales-and-lease/?currentDeveloperPage=39&tabActive=Wafi+Developers,2026-10-01,469:شركة أرمال للتطوير العقاري شركة شخص واحد
شركة أرواد الأولى للتطوير العقاري,,developer,,2525,,الهيئة العامة للعقار — المنشآت المؤهلة (وافي),https://rega.gov.sa/en/rega-services/platforms/wafi-off-plan-sales-and-lease/?currentDeveloperPage=90&tabActive=Wafi+Developers,2026-10-01,2525:شركة أرواد الأولى للتطوير العقاري
شركة أروقة للاستثمار والتطوير,,developer,,453,,الهيئة العامة للعقار — المنشآت المؤهلة (وافي),https://rega.gov.sa/en/rega-services/platforms/wafi-off-plan-sales-and-lease/?currentDeveloperPage=12&tabActive=Wafi+Developers,2026-10-01,453:شركة أروقة للاستثمار والتطوير
شركة أرومة الإعمار للاستثمار,,developer,,1894,,الهيئة العامة للعقار — المنشآت المؤهلة (وافي),https://rega.gov.sa/en/rega-services/platforms/wafi-off-plan-sales-and-lease/?currentDeveloperPage=29&tabActive=Wafi+Developers,2026-10-01,1894:شركة أرومة الإعمار للاستثمار
شركة أزال العالمية,,developer,,2324,,الهيئة العامة للعقار — المنشآت المؤهلة (وافي),https://rega.gov.sa/en/rega-services/platforms/wafi-off-plan-sales-and-lease/?currentDeveloperPage=70&tabActive=Wafi+Developers,2026-10-01,2324:شركة أزال العالمية
شركة ازدان للتطوير والاستثمار العقاري شركة شخص واحد,,developer,,1336,,الهيئة العامة للعقار — المنشآت المؤهلة (وافي),https://rega.gov.sa/en/rega-services/platforms/wafi-off-plan-sales-and-lease/?currentDeveloperPage=4&tabActive=Wafi+Developers,2026-10-01,1336:شركة ازدان للتطوير والاستثمار العقاري شركة شخص واحد
شركة أساس التطوير العقارية,,developer,,2160,,الهيئة العامة للعقار — المنشآت المؤهلة (وافي),https://rega.gov.sa/en/rega-services/platforms/wafi-off-plan-sales-and-lease/?currentDeveloperPage=40&tabActive=Wafi+Developers,2026-10-01,2160:شركة أساس التطوير العقارية
شركة اساس المعمار للتطوير العقاري شركة ذات شخص واحد,,developer,,2058,,الهيئة العامة للعقار — المنشآت المؤهلة (وافي),https://rega.gov.sa/en/rega-services/platforms/wafi-off-plan-sales-and-lease/?currentDeveloperPage=44&tabActive=Wafi+Developers,2026-10-01,2058:شركة اساس المعمار للتطوير العقاري شركة ذات شخص واحد
شركة أساس الوطن للتطوير والاستثمار العقاري,,developer,,2126,,الهيئة العامة للعقار — المنشآت المؤهلة (وافي),https://rega.gov.sa/en/rega-services/platforms/wafi-off-plan-sales-and-lease/?currentDeveloperPage=48&tabActive=Wafi+Developers,2026-10-01,2126:شركة أساس الوطن للتطوير والاستثمار العقاري
شركة أساس إيناس العقارية شركة شخص واحد,,developer,,1239,,الهيئة العامة للعقار — المنشآت المؤهلة (وافي),https://rega.gov.sa/en/rega-services/platforms/wafi-off-plan-sales-and-lease/?currentDeveloperPage=83&tabActive=Wafi+Developers,2026-10-01,1239:شركة أساس إيناس العقارية شركة شخص واحد
شركة أساس إيناس العقارية شركة شخص واحد,,developer,,29,,الهيئة العامة للعقار — المنشآت المؤهلة (وافي),https://rega.gov.sa/en/rega-services/platforms/wafi-off-plan-sales-and-lease/?currentDeveloperPage=7&tabActive=Wafi+Developers,2026-10-01,29:شركة أساس إيناس العقارية شركة شخص واحد
شركة أساس لخدمات الأعمال,,developer,,2336,,الهيئة العامة للعقار — المنشآت المؤهلة (وافي),https://rega.gov.sa/en/rega-services/platforms/wafi-off-plan-sales-and-lease/?currentDeveloperPage=69&tabActive=Wafi+Developers,2026-10-01,2336:شركة أساس لخدمات الأعمال
شركة أساس مكين للتطوير والاستثمار العقاري,,developer,,1566,,الهيئة العامة للعقار — المنشآت المؤهلة (وافي),https://rega.gov.sa/en/rega-services/platforms/wafi-off-plan-sales-and-lease/?currentDeveloperPage=20&tabActive=Wafi+Developers,2026-10-01,1566:شركة أساس مكين للتطوير والاستثمار العقاري
شركة أساس مكين للتطوير والاستثمار العقاري,,developer,,824,,الهيئة العامة للعقار — المنشآت المؤهلة (وافي),https://rega.gov.sa/en/rega-services/platforms/wafi-off-plan-sales-and-lease/?currentDeveloperPage=21&tabActive=Wafi+Developers,2026-10-01,824:شركة أساس مكين للتطوير والاستثمار العقاري
شركة أساس نويا العقارية,,developer,,2299,,الهيئة العامة للعقار — المنشآت المؤهلة (وافي),https://rega.gov.sa/en/rega-services/platforms/wafi-off-plan-sales-and-lease/?currentDeveloperPage=68&tabActive=Wafi+Developers,2026-10-01,2299:شركة أساس نويا العقارية
شركة أساسات الحداثة للتطوير والاستثمار العقاري,,developer,,1666,,الهيئة العامة للعقار — المنشآت المؤهلة (وافي),https://rega.gov.sa/en/rega-services/platforms/wafi-off-plan-sales-and-lease/?currentDeveloperPage=14&tabActive=Wafi+Developers,2026-10-01,1666:شركة أساسات الحداثة للتطوير والاستثمار العقاري
شركة اساكن للتطوير العقاري,,developer,,1920,,الهيئة العامة للعقار — المنشآت المؤهلة (وافي),https://rega.gov.sa/en/rega-services/platforms/wafi-off-plan-sales-and-lease/?currentDeveloperPage=31&tabActive=Wafi+Developers,2026-10-01,1920:شركة اساكن للتطوير العقاري
شركة أستاد البناء العقارية شركة شخص واحد,,developer,,2353,,الهيئة العامة للعقار — المنشآت المؤهلة (وافي),https://rega.gov.sa/en/rega-services/platforms/wafi-off-plan-sales-and-lease/?currentDeveloperPage=71&tabActive=Wafi+Developers,2026-10-01,2353:شركة أستاد البناء العقارية شركة شخص واحد
شركة استدل العقارية,,developer,,2565,,الهيئة العامة للعقار — المنشآت المؤهلة (وافي),https://rega.gov.sa/en/rega-services/platforms/wafi-off-plan-sales-and-lease/?currentDeveloperPage=92&tabActive=Wafi+Developers,2026-10-01,2565:شركة استدل العقارية
شركة أسس الأراضي للتطوير العقاري شركة شخص واحد,,developer,,1427,,الهيئة العامة للعقار — المنشآت المؤهلة (وافي),https://rega.gov.sa/en/rega-services/platforms/wafi-off-plan-sales-and-lease/?currentDeveloperPage=36&tabActive=Wafi+Developers,2026-10-01,1427:شركة أسس الأراضي للتطوير العقاري شركة شخص واحد
شركة أسس الإنشاء التجارية شركة شخص واحد,,developer,,1618,,الهيئة العامة للعقار — المنشآت المؤهلة (وافي),https://rega.gov.sa/en/rega-services/platforms/wafi-off-plan-sales-and-lease/?currentDeveloperPage=12&tabActive=Wafi+Developers,2026-10-01,1618:شركة أسس الإنشاء التجارية شركة شخص واحد
شركة أسس السنبلة,,developer,,1924,,الهيئة العامة للعقار — المنشآت المؤهلة (وافي),https://rega.gov.sa/en/rega-services/platforms/wafi-off-plan-sales-and-lease/?currentDeveloperPage=31&tabActive=Wafi+Developers,2026-10-01,1924:شركة أسس السنبلة
شركة أسس رواد التلال,,developer,,2328,,الهيئة العامة للعقار — المنشآت المؤهلة (وافي),https://rega.gov.sa/en/rega-services/platforms/wafi-off-plan-sales-and-lease/?currentDeveloperPage=65&tabActive=Wafi+Developers,2026-10-01,2328:شركة أسس رواد التلال
شركة أسمو للتطوير العقاري,,developer,,1846,,الهيئة العامة للعقار — المنشآت المؤهلة (وافي),https://rega.gov.sa/en/rega-services/platforms/wafi-off-plan-sales-and-lease/?currentDeveloperPage=23&tabActive=Wafi+Developers,2026-10-01,1846:شركة أسمو للتطوير العقاري
شركة اسنام العقارية,,developer,,1552,,الهيئة العامة للعقار — المنشآت المؤهلة (وافي),https://rega.gov.sa/en/rega-services/platforms/wafi-off-plan-sales-and-lease/?currentDeveloperPage=84&tabActive=Wafi+Developers,2026-10-01,1552:شركة اسنام العقارية
شركة اسوار المتحدة للتطوير العقاري,,developer,,2296,,الهيئة العامة للعقار — المنشآت المؤهلة (وافي),https://rega.gov.sa/en/rega-services/platforms/wafi-off-plan-sales-and-lease/?currentDeveloperPage=59&tabActive=Wafi+Developers,2026-10-01,2296:شركة اسوار المتحدة للتطوير العقاري
شركة اسوار الهدا,,developer,,1041,,الهيئة العامة للعقار — المنشآت المؤهلة (وافي),https://rega.gov.sa/en/rega-services/platforms/wafi-off-plan-sales-and-lease/?currentDeveloperPage=41&tabActive=Wafi+Developers,2026-10-01,1041:شركة اسوار الهدا
شركة اشاد,,developer,,2340,,الهيئة العامة للعقار — المنشآت المؤهلة (وافي),https://rega.gov.sa/en/rega-services/platforms/wafi-off-plan-sales-and-lease/?currentDeveloperPage=71&tabActive=Wafi+Developers,2026-10-01,2340:شركة اشاد
شركة إشراق الذهبية للتطوير العقاري,,developer,,2171,,الهيئة العامة للعقار — المنشآت المؤهلة (وافي),https://rega.gov.sa/en/rega-services/platforms/wafi-off-plan-sales-and-lease/?currentDeveloperPage=53&tabActive=Wafi+Developers,2026-10-01,2171:شركة إشراق الذهبية للتطوير العقاري
شركة اشراقة التميز للتطوير العقاري,,developer,,982,,الهيئة العامة للعقار — المنشآت المؤهلة (وافي),https://rega.gov.sa/en/rega-services/platforms/wafi-off-plan-sales-and-lease/?currentDeveloperPage=32&tabActive=Wafi+Developers,2026-10-01,982:شركة اشراقة التميز للتطوير العقاري
شركة أصالة وتراث للتطوير العقاري,,developer,,2527,,الهيئة العامة للعقار — المنشآت المؤهلة (وافي),https://rega.gov.sa/en/rega-services/platforms/wafi-off-plan-sales-and-lease/?currentDeveloperPage=88&tabActive=Wafi+Developers,2026-10-01,2527:شركة أصالة وتراث للتطوير العقاري
شركة أصل التنمية للتطوير العقاري,,developer,,2498,,الهيئة العامة للعقار — المنشآت المؤهلة (وافي),https://rega.gov.sa/en/rega-services/platforms/wafi-off-plan-sales-and-lease/?currentDeveloperPage=83&tabActive=Wafi+Developers,2026-10-01,2498:شركة أصل التنمية للتطوير العقاري
شركة أصل الجزيرة للتطوير والاستثمار العقاري,,developer,,2031,,الهيئة العامة للعقار — المنشآت المؤهلة (وافي),https://rega.gov.sa/en/rega-services/platforms/wafi-off-plan-sales-and-lease/?currentDeveloperPage=35&tabActive=Wafi+Developers,2026-10-01,2031:شركة أصل الجزيرة للتطوير والاستثمار العقاري
شركة أصل المتحدة للتطوير والاستثمار العقاري,,developer,,1914,,الهيئة العامة للعقار — المنشآت المؤهلة (وافي),https://rega.gov.sa/en/rega-services/platforms/wafi-off-plan-sales-and-lease/?currentDeveloperPage=30&tabActive=Wafi+Developers,2026-10-01,1914:شركة أصل المتحدة للتطوير والاستثمار العقاري
شركة اصول مجد للاستثمار شخص واحد,,developer,,2558,,الهيئة العامة للعقار — المنشآت المؤهلة (وافي),https://rega.gov.sa/en/rega-services/platforms/wafi-off-plan-sales-and-lease/?currentDeveloperPage=91&tabActive=Wafi+Developers,2026-10-01,2558:شركة اصول مجد للاستثمار شخص واحد
شركة أصيل القابضة شركة شخص واحد,,developer,,2547,,الهيئة العامة للعقار — المنشآت المؤهلة (وافي),https://rega.gov.sa/en/rega-services/platforms/wafi-off-plan-sales-and-lease/?currentDeveloperPage=90&tabActive=Wafi+Developers,2026-10-01,2547:شركة أصيل القابضة شركة شخص واحد
شركة اطوار البناء للمقاولات,,developer,,2224,,الهيئة العامة للعقار — المنشآت المؤهلة (وافي),https://rega.gov.sa/en/rega-services/platforms/wafi-off-plan-sales-and-lease/?currentDeveloperPage=58&tabActive=Wafi+Developers,2026-10-01,2224:شركة اطوار البناء للمقاولات
شركة اعادة تشغيل المحدودة,,developer,,8,,الهيئة العامة للعقار — المنشآت المؤهلة (وافي),https://rega.gov.sa/en/rega-services/platforms/wafi-off-plan-sales-and-lease/?currentDeveloperPage=6&tabActive=Wafi+Developers,2026-10-01,8:شركة اعادة تشغيل المحدودة
شركة اعالى العمران للتطوير العقاري,,developer,,2108,,الهيئة العامة للعقار — المنشآت المؤهلة (وافي),https://rega.gov.sa/en/rega-services/platforms/wafi-off-plan-sales-and-lease/?currentDeveloperPage=50&tabActive=Wafi+Developers,2026-10-01,2108:شركة اعالى العمران للتطوير العقاري
شركة إعمار السعودية للإنشاء والتطوير,,developer,,672,,الهيئة العامة للعقار — المنشآت المؤهلة (وافي),https://rega.gov.sa/en/rega-services/platforms/wafi-off-plan-sales-and-lease/?currentDeveloperPage=8&tabActive=Wafi+Developers,2026-10-01,672:شركة إعمار السعودية للإنشاء والتطوير
شركة اعمار العالميه للاعمال التجاريه المحدودة,,developer,,1819,,الهيئة العامة للعقار — المنشآت المؤهلة (وافي),https://rega.gov.sa/en/rega-services/platforms/wafi-off-plan-sales-and-lease/?currentDeveloperPage=24&tabActive=Wafi+Developers,2026-10-01,1819:شركة اعمار العالميه للاعمال التجاريه المحدودة
شركة اعمار العناوين للتطوير والاستثمار العقاري,,developer,,2478,,الهيئة العامة للعقار — المنشآت المؤهلة (وافي),https://rega.gov.sa/en/rega-services/platforms/wafi-off-plan-sales-and-lease/?currentDeveloperPage=83&tabActive=Wafi+Developers,2026-10-01,2478:شركة اعمار العناوين للتطوير والاستثمار العقاري
شركة اعمار المساكن للتطوير والاستثمار العقاري,,developer,,2200,,الهيئة العامة للعقار — المنشآت المؤهلة (وافي),https://rega.gov.sa/en/rega-services/platforms/wafi-off-plan-sales-and-lease/?currentDeveloperPage=57&tabActive=Wafi+Developers,2026-10-01,2200:شركة اعمار المساكن للتطوير والاستثمار العقاري
شركة اعمار صقلية للتطوير العقاري,,developer,,1746,,الهيئة العامة للعقار — المنشآت المؤهلة (وافي),https://rega.gov.sa/en/rega-services/platforms/wafi-off-plan-sales-and-lease/?currentDeveloperPage=18&tabActive=Wafi+Developers,2026-10-01,1746:شركة اعمار صقلية للتطوير العقاري
شركة أعيان البنيان للتطوير والاستثمار العقاري,,developer,,1547,,الهيئة العامة للعقار — المنشآت المؤهلة (وافي),https://rega.gov.sa/en/rega-services/platforms/wafi-off-plan-sales-and-lease/?currentDeveloperPage=11&tabActive=Wafi+Developers,2026-10-01,1547:شركة أعيان البنيان للتطوير والاستثمار العقاري
شركة أعيان البنيان للتطوير والاستثمار العقاري,,developer,,2021,,الهيئة العامة للعقار — المنشآت المؤهلة (وافي),https://rega.gov.sa/en/rega-services/platforms/wafi-off-plan-sales-and-lease/?currentDeveloperPage=34&tabActive=Wafi+Developers,2026-10-01,2021:شركة أعيان البنيان للتطوير والاستثمار العقاري
شركة افاق الخليجية المحدودة,,developer,,1457,,الهيئة العامة للعقار — المنشآت المؤهلة (وافي),https://rega.gov.sa/en/rega-services/platforms/wafi-off-plan-sales-and-lease/?currentDeveloperPage=24&tabActive=Wafi+Developers,2026-10-01,1457:شركة افاق الخليجية المحدودة
شركة افاق السكن للتطوير العقاري,,developer,,1324,,الهيئة العامة للعقار — المنشآت المؤهلة (وافي),https://rega.gov.sa/en/rega-services/platforms/wafi-off-plan-sales-and-lease/?currentDeveloperPage=24&tabActive=Wafi+Developers,2026-10-01,1324:شركة افاق السكن للتطوير العقاري
شركة افاق العوالي العقارية,,developer,,1575,,الهيئة العامة للعقار — المنشآت المؤهلة (وافي),https://rega.gov.sa/en/rega-services/platforms/wafi-off-plan-sales-and-lease/?currentDeveloperPage=22&tabActive=Wafi+Developers,2026-10-01,1575:شركة افاق العوالي العقارية
شركة افاق للتطوير والاستثمار العقاري,,developer,,1335,,الهيئة العامة للعقار — المنشآت المؤهلة (وافي),https://rega.gov.sa/en/rega-services/platforms/wafi-off-plan-sales-and-lease/?currentDeveloperPage=11&tabActive=Wafi+Developers,2026-10-01,1335:شركة افاق للتطوير والاستثمار العقاري
شركة افضل اتقان للتطوير العقاري,,developer,,1565,,الهيئة العامة للعقار — المنشآت المؤهلة (وافي),https://rega.gov.sa/en/rega-services/platforms/wafi-off-plan-sales-and-lease/?currentDeveloperPage=10&tabActive=Wafi+Developers,2026-10-01,1565:شركة افضل اتقان للتطوير العقاري
شركة افق الانجاز العقارية,,developer,,1589,,الهيئة العامة للعقار — المنشآت المؤهلة (وافي),https://rega.gov.sa/en/rega-services/platforms/wafi-off-plan-sales-and-lease/?currentDeveloperPage=25&tabActive=Wafi+Developers,2026-10-01,1589:شركة افق الانجاز العقارية
شركة أفق السكنية,,developer,,2303,,الهيئة العامة للعقار — المنشآت المؤهلة (وافي),https://rega.gov.sa/en/rega-services/platforms/wafi-off-plan-sales-and-lease/?currentDeveloperPage=67&tabActive=Wafi+Developers,2026-10-01,2303:شركة أفق السكنية
شركة افق المتميز للخدمات العقارية,,developer,,2083,,الهيئة العامة للعقار — المنشآت المؤهلة (وافي),https://rega.gov.sa/en/rega-services/platforms/wafi-off-plan-sales-and-lease/?currentDeveloperPage=40&tabActive=Wafi+Developers,2026-10-01,2083:شركة افق المتميز للخدمات العقارية
شركة افلاك العمران للتطوير والاستثمار العقاري,,developer,,1555,,الهيئة العامة للعقار — المنشآت المؤهلة (وافي),https://rega.gov.sa/en/rega-services/platforms/wafi-off-plan-sales-and-lease/?currentDeveloperPage=4&tabActive=Wafi+Developers,2026-10-01,1555:شركة افلاك العمران للتطوير والاستثمار العقاري
شركة افيد,,developer,,2579,,الهيئة العامة للعقار — المنشآت المؤهلة (وافي),https://rega.gov.sa/en/rega-services/platforms/wafi-off-plan-sales-and-lease/?currentDeveloperPage=91&tabActive=Wafi+Developers,2026-10-01,2579:شركة افيد
شركة إقتناء للتطوير العقاري,,developer,,2275,,الهيئة العامة للعقار — المنشآت المؤهلة (وافي),https://rega.gov.sa/en/rega-services/platforms/wafi-off-plan-sales-and-lease/?currentDeveloperPage=50&tabActive=Wafi+Developers,2026-10-01,2275:شركة إقتناء للتطوير العقاري
شركة إقناع العقارية شركة شخص واحد,,developer,,1308,,الهيئة العامة للعقار — المنشآت المؤهلة (وافي),https://rega.gov.sa/en/rega-services/platforms/wafi-off-plan-sales-and-lease/?currentDeveloperPage=32&tabActive=Wafi+Developers,2026-10-01,1308:شركة إقناع العقارية شركة شخص واحد
شركة اكابر للتطوير العقاري,,developer,,1611,,الهيئة العامة للعقار — المنشآت المؤهلة (وافي),https://rega.gov.sa/en/rega-services/platforms/wafi-off-plan-sales-and-lease/?currentDeveloperPage=62&tabActive=Wafi+Developers,2026-10-01,1611:شركة اكابر للتطوير العقاري
شركة اكابر للتطوير العقاري,,developer,,2517,,الهيئة العامة للعقار — المنشآت المؤهلة (وافي),https://rega.gov.sa/en/rega-services/platforms/wafi-off-plan-sales-and-lease/?currentDeveloperPage=88&tabActive=Wafi+Developers,2026-10-01,2517:شركة اكابر للتطوير العقاري
شركة اكاسيا العقارية,,developer,,1601,,الهيئة العامة للعقار — المنشآت المؤهلة (وافي),https://rega.gov.sa/en/rega-services/platforms/wafi-off-plan-sales-and-lease/?currentDeveloperPage=31&tabActive=Wafi+Developers,2026-10-01,1601:شركة اكاسيا العقارية
شركة اكان العالمية للعقارات,,developer,,1930,,الهيئة العامة للعقار — المنشآت المؤهلة (وافي),https://rega.gov.sa/en/rega-services/platforms/wafi-off-plan-sales-and-lease/?currentDeveloperPage=26&tabActive=Wafi+Developers,2026-10-01,1930:شركة اكان العالمية للعقارات
شركة إكس أو إنترناشونال,,developer,,1778,,الهيئة العامة للعقار — المنشآت المؤهلة (وافي),https://rega.gov.sa/en/rega-services/platforms/wafi-off-plan-sales-and-lease/?currentDeveloperPage=21&tabActive=Wafi+Developers,2026-10-01,1778:شركة إكس أو إنترناشونال
شركة اكستوبيا للاستثمار,,developer,,2314,,الهيئة العامة للعقار — المنشآت المؤهلة (وافي),https://rega.gov.sa/en/rega-services/platforms/wafi-off-plan-sales-and-lease/?currentDeveloperPage=69&tabActive=Wafi+Developers,2026-10-01,2314:شركة اكستوبيا للاستثمار
شركة اكليل المعمارية للتطوير العقاري,,developer,,2140,,الهيئة العامة للعقار — المنشآت المؤهلة (وافي),https://rega.gov.sa/en/rega-services/platforms/wafi-off-plan-sales-and-lease/?currentDeveloperPage=53&tabActive=Wafi+Developers,2026-10-01,2140:شركة اكليل المعمارية للتطوير العقاري
شركة اكنان البناء للتطوير العقاري,,developer,,1549,,الهيئة العامة للعقار — المنشآت المؤهلة (وافي),https://rega.gov.sa/en/rega-services/platforms/wafi-off-plan-sales-and-lease/?currentDeveloperPage=11&tabActive=Wafi+Developers,2026-10-01,1549:شركة اكنان البناء للتطوير العقاري
شركة أكنان القمة العقارية,,developer,,1577,,الهيئة العامة للعقار — المنشآت المؤهلة (وافي),https://rega.gov.sa/en/rega-services/platforms/wafi-off-plan-sales-and-lease/?currentDeveloperPage=23&tabActive=Wafi+Developers,2026-10-01,1577:شركة أكنان القمة العقارية
شركة أكنان القمة العقارية,,developer,,1736,,الهيئة العامة للعقار — المنشآت المؤهلة (وافي),https://rega.gov.sa/en/rega-services/platforms/wafi-off-plan-sales-and-lease/?currentDeveloperPage=17&tabActive=Wafi+Developers,2026-10-01,1736:شركة أكنان القمة العقارية
شركة أكيم للإستثمار والتطوير العقاري,,developer,,733,,الهيئة العامة للعقار — المنشآت المؤهلة (وافي),https://rega.gov.sa/en/rega-services/platforms/wafi-off-plan-sales-and-lease/?currentDeveloperPage=11&tabActive=Wafi+Developers,2026-10-01,733:شركة أكيم للإستثمار والتطوير العقاري
شركة أكيم للإستثمار والتطوير العقاري,,developer,,1540,,الهيئة العامة للعقار — المنشآت المؤهلة (وافي),https://rega.gov.sa/en/rega-services/platforms/wafi-off-plan-sales-and-lease/?currentDeveloperPage=7&tabActive=Wafi+Developers,2026-10-01,1540:شركة أكيم للإستثمار والتطوير العقاري
شركة الأبعاد السعودية المحدودة,,developer,,1543,,الهيئة العامة للعقار — المنشآت المؤهلة (وافي),https://rega.gov.sa/en/rega-services/platforms/wafi-off-plan-sales-and-lease/?currentDeveloperPage=8&tabActive=Wafi+Developers,2026-10-01,1543:شركة الأبعاد السعودية المحدودة
شركة الاحتراف المعماري للتطوير العقاري,,developer,,1876,,الهيئة العامة للعقار — المنشآت المؤهلة (وافي),https://rega.gov.sa/en/rega-services/platforms/wafi-off-plan-sales-and-lease/?currentDeveloperPage=23&tabActive=Wafi+Developers,2026-10-01,1876:شركة الاحتراف المعماري للتطوير العقاري
شركة الأرض الجرز للتطوير والاستثمار العقاري,,developer,,2497,,الهيئة العامة للعقار — المنشآت المؤهلة (وافي),https://rega.gov.sa/en/rega-services/platforms/wafi-off-plan-sales-and-lease/?currentDeveloperPage=84&tabActive=Wafi+Developers,2026-10-01,2497:شركة الأرض الجرز للتطوير والاستثمار العقاري
شركة الاستثمارات المبتكرة العقارية مساهمة مقفلة,,developer,,6,,الهيئة العامة للعقار — المنشآت المؤهلة (وافي),https://rega.gov.sa/en/rega-services/platforms/wafi-off-plan-sales-and-lease/?currentDeveloperPage=6&tabActive=Wafi+Developers,2026-10-01,6:شركة الاستثمارات المبتكرة العقارية مساهمة مقفلة
شركة الاطار العربي للتطوير العقاري شخص واحد,,developer,,2225,,الهيئة العامة للعقار — المنشآت المؤهلة (وافي),https://rega.gov.sa/en/rega-services/platforms/wafi-off-plan-sales-and-lease/?currentDeveloperPage=56&tabActive=Wafi+Developers,2026-10-01,2225:شركة الاطار العربي للتطوير العقاري شخص واحد
شركة الاعمار المتكامل,,developer,,1437,,الهيئة العامة للعقار — المنشآت المؤهلة (وافي),https://rega.gov.sa/en/rega-services/platforms/wafi-off-plan-sales-and-lease/?currentDeveloperPage=12&tabActive=Wafi+Developers,2026-10-01,1437:شركة الاعمار المتكامل
شركة الاعمار المتكامل,,developer,,1608,,الهيئة العامة للعقار — المنشآت المؤهلة (وافي),https://rega.gov.sa/en/rega-services/platforms/wafi-off-plan-sales-and-lease/?currentDeveloperPage=53&tabActive=Wafi+Developers,2026-10-01,1608:شركة الاعمار المتكامل
شركة الاعمار والتنمية المحدودة شركة شخص واحد,,developer,,2006,,الهيئة العامة للعقار — المنشآت المؤهلة (وافي),https://rega.gov.sa/en/rega-services/platforms/wafi-off-plan-sales-and-lease/?currentDeveloperPage=39&tabActive=Wafi+Developers,2026-10-01,2006:شركة الاعمار والتنمية المحدودة شركة شخص واحد
شركة الأقطار للتطوير العقاري,,developer,,10,,الهيئة العامة للعقار — المنشآت المؤهلة (وافي),https://rega.gov.sa/en/rega-services/platforms/wafi-off-plan-sales-and-lease/?currentDeveloperPage=6&tabActive=Wafi+Developers,2026-10-01,10:شركة الأقطار للتطوير العقاري
شركة الامباط للمقاولات,,developer,,1966,,الهيئة العامة للعقار — المنشآت المؤهلة (وافي),https://rega.gov.sa/en/rega-services/platforms/wafi-off-plan-sales-and-lease/?currentDeveloperPage=35&tabActive=Wafi+Developers,2026-10-01,1966:شركة الامباط للمقاولات
شركة الأمين المميزة للاستثمار العقاري,,developer,,1665,,الهيئة العامة للعقار — المنشآت المؤهلة (وافي),https://rega.gov.sa/en/rega-services/platforms/wafi-off-plan-sales-and-lease/?currentDeveloperPage=14&tabActive=Wafi+Developers,2026-10-01,1665:شركة الأمين المميزة للاستثمار العقاري
شركة الامين المميزه للتطوير العمراني,,developer,,1347,,الهيئة العامة للعقار — المنشآت المؤهلة (وافي),https://rega.gov.sa/en/rega-services/platforms/wafi-off-plan-sales-and-lease/?currentDeveloperPage=14&tabActive=Wafi+Developers,2026-10-01,1347:شركة الامين المميزه للتطوير العمراني
شركة الأولى الشمالية للتطوير العقاري,,developer,,2442,,الهيئة العامة للعقار — المنشآت المؤهلة (وافي),https://rega.gov.sa/en/rega-services/platforms/wafi-off-plan-sales-and-lease/?currentDeveloperPage=83&tabActive=Wafi+Developers,2026-10-01,2442:شركة الأولى الشمالية للتطوير العقاري
شركة البانون للتطوير والاستثمار العقاري شركة شخص واحد,,developer,,1584,,الهيئة العامة للعقار — المنشآت المؤهلة (وافي),https://rega.gov.sa/en/rega-services/platforms/wafi-off-plan-sales-and-lease/?currentDeveloperPage=29&tabActive=Wafi+Developers,2026-10-01,1584:شركة البانون للتطوير والاستثمار العقاري شركة شخص واحد
شركة البحر الاحمر الثانية العقارية,,developer,,1580,,الهيئة العامة للعقار — المنشآت المؤهلة (وافي),https://rega.gov.sa/en/rega-services/platforms/wafi-off-plan-sales-and-lease/?currentDeveloperPage=25&tabActive=Wafi+Developers,2026-10-01,1580:شركة البحر الاحمر الثانية العقارية
شركة البحر الأحمر العالمية,,developer,,1837,,الهيئة العامة للعقار — المنشآت المؤهلة (وافي),https://rega.gov.sa/en/rega-services/platforms/wafi-off-plan-sales-and-lease/?currentDeveloperPage=23&tabActive=Wafi+Developers,2026-10-01,1837:شركة البحر الأحمر العالمية
شركة البحر الأحمر العقارية الأولى شركة شخص واحد,,developer,,1360,,الهيئة العامة للعقار — المنشآت المؤهلة (وافي),https://rega.gov.sa/en/rega-services/platforms/wafi-off-plan-sales-and-lease/?currentDeveloperPage=53&tabActive=Wafi+Developers,2026-10-01,1360:شركة البحر الأحمر العقارية الأولى شركة شخص واحد
شركة البروج للتطوير العقاري,,developer,,1582,,الهيئة العامة للعقار — المنشآت المؤهلة (وافي),https://rega.gov.sa/en/rega-services/platforms/wafi-off-plan-sales-and-lease/?currentDeveloperPage=11&tabActive=Wafi+Developers,2026-10-01,1582:شركة البروج للتطوير العقاري
شركة البروج للتطوير العقاري,,developer,,1651,,الهيئة العامة للعقار — المنشآت المؤهلة (وافي),https://rega.gov.sa/en/rega-services/platforms/wafi-off-plan-sales-and-lease/?currentDeveloperPage=11&tabActive=Wafi+Developers,2026-10-01,1651:شركة البروج للتطوير العقاري
شركة البنيان النادر للتطوير والاستثمار العقاري,,developer,,1890,,الهيئة العامة للعقار — المنشآت المؤهلة (وافي),https://rega.gov.sa/en/rega-services/platforms/wafi-off-plan-sales-and-lease/?currentDeveloperPage=27&tabActive=Wafi+Developers,2026-10-01,1890:شركة البنيان النادر للتطوير والاستثمار العقاري
شركة البوابة الغربية للمقاولات العامة المحدودة شركة ذات مسؤولية محدودة,,developer,,1897,,الهيئة العامة للعقار — المنشآت المؤهلة (وافي),https://rega.gov.sa/en/rega-services/platforms/wafi-off-plan-sales-and-lease/?currentDeveloperPage=25&tabActive=Wafi+Developers,2026-10-01,1897:شركة البوابة الغربية للمقاولات العامة المحدودة شركة ذات مسؤولية محدودة
شركة البيت المبدع العقارية,,developer,,2569,,الهيئة العامة للعقار — المنشآت المؤهلة (وافي),https://rega.gov.sa/en/rega-services/platforms/wafi-off-plan-sales-and-lease/?currentDeveloperPage=90&tabActive=Wafi+Developers,2026-10-01,2569:شركة البيت المبدع العقارية
شركة البيت الوثير للخدمات العقارية,,developer,,1031,,الهيئة العامة للعقار — المنشآت المؤهلة (وافي),https://rega.gov.sa/en/rega-services/platforms/wafi-off-plan-sales-and-lease/?currentDeveloperPage=39&tabActive=Wafi+Developers,2026-10-01,1031:شركة البيت الوثير للخدمات العقارية
شركة البيوت الإقتصادية للمقاولات,,developer,,823,,الهيئة العامة للعقار — المنشآت المؤهلة (وافي),https://rega.gov.sa/en/rega-services/platforms/wafi-off-plan-sales-and-lease/?currentDeveloperPage=20&tabActive=Wafi+Developers,2026-10-01,823:شركة البيوت الإقتصادية للمقاولات
شركة البيوت الدولية العقارية,,developer,,1176,,الهيئة العامة للعقار — المنشآت المؤهلة (وافي),https://rega.gov.sa/en/rega-services/platforms/wafi-off-plan-sales-and-lease/?currentDeveloperPage=68&tabActive=Wafi+Developers,2026-10-01,1176:شركة البيوت الدولية العقارية
شركة التحالف العقاري شركة مساهمة غير مدرجة,,developer,,1004,,الهيئة العامة للعقار — المنشآت المؤهلة (وافي),https://rega.gov.sa/en/rega-services/platforms/wafi-off-plan-sales-and-lease/?currentDeveloperPage=34&tabActive=Wafi+Developers,2026-10-01,1004:شركة التحالف العقاري شركة مساهمة غير مدرجة
شركة التزام الاولى للتطوير العقاري شخص واحد قابضة,,developer,,1328,,الهيئة العامة للعقار — المنشآت المؤهلة (وافي),https://rega.gov.sa/en/rega-services/platforms/wafi-off-plan-sales-and-lease/?currentDeveloperPage=4&tabActive=Wafi+Developers,2026-10-01,1328:شركة التزام الاولى للتطوير العقاري شخص واحد قابضة
شركة التفاصيل الذكية للتطوير العقاري,,developer,,2436,,الهيئة العامة للعقار — المنشآت المؤهلة (وافي),https://rega.gov.sa/en/rega-services/platforms/wafi-off-plan-sales-and-lease/?currentDeveloperPage=78&tabActive=Wafi+Developers,2026-10-01,2436:شركة التفاصيل الذكية للتطوير العقاري
شركة التو باز العقارية,,developer,,2400,,الهيئة العامة للعقار — المنشآت المؤهلة (وافي),https://rega.gov.sa/en/rega-services/platforms/wafi-off-plan-sales-and-lease/?currentDeveloperPage=76&tabActive=Wafi+Developers,2026-10-01,2400:شركة التو باز العقارية
شركة الثنية للتطوير العقاري شركة شخص واحد,,developer,,1660,,الهيئة العامة للعقار — المنشآت المؤهلة (وافي),https://rega.gov.sa/en/rega-services/platforms/wafi-off-plan-sales-and-lease/?currentDeveloperPage=13&tabActive=Wafi+Developers,2026-10-01,1660:شركة الثنية للتطوير العقاري شركة شخص واحد
شركة الجادة الأولى للتطوير العقاري,,developer,,1201,,الهيئة العامة للعقار — المنشآت المؤهلة (وافي),https://rega.gov.sa/en/rega-services/platforms/wafi-off-plan-sales-and-lease/?currentDeveloperPage=72&tabActive=Wafi+Developers,2026-10-01,1201:شركة الجادة الأولى للتطوير العقاري
شركة الجبيل وينبع لخدمات المدن الصناعية شركة شخص واحد مساهمة مقفلة,,developer,,1743,,الهيئة العامة للعقار — المنشآت المؤهلة (وافي),https://rega.gov.sa/en/rega-services/platforms/wafi-off-plan-sales-and-lease/?currentDeveloperPage=18&tabActive=Wafi+Developers,2026-10-01,1743:شركة الجبيل وينبع لخدمات المدن الصناعية شركة شخص واحد مساهمة مقفلة
شركة الجزيرة رافن العقارية,,developer,,2046,,الهيئة العامة للعقار — المنشآت المؤهلة (وافي),https://rega.gov.sa/en/rega-services/platforms/wafi-off-plan-sales-and-lease/?currentDeveloperPage=45&tabActive=Wafi+Developers,2026-10-01,2046:شركة الجزيرة رافن العقارية
شركة الجمان للتطوير العقاري,,developer,,2266,,الهيئة العامة للعقار — المنشآت المؤهلة (وافي),https://rega.gov.sa/en/rega-services/platforms/wafi-off-plan-sales-and-lease/?currentDeveloperPage=29&tabActive=Wafi+Developers,2026-10-01,2266:شركة الجمان للتطوير العقاري
شركة الجهات الاربعة العالمية التجارية,,developer,,1452,,الهيئة العامة للعقار — المنشآت المؤهلة (وافي),https://rega.gov.sa/en/rega-services/platforms/wafi-off-plan-sales-and-lease/?currentDeveloperPage=24&tabActive=Wafi+Developers,2026-10-01,1452:شركة الجهات الاربعة العالمية التجارية
شركة الجود للتطوير والاستثمار العقاري شركة شخص واحد,,developer,,1813,,الهيئة العامة للعقار — المنشآت المؤهلة (وافي),https://rega.gov.sa/en/rega-services/platforms/wafi-off-plan-sales-and-lease/?currentDeveloperPage=19&tabActive=Wafi+Developers,2026-10-01,1813:شركة الجود للتطوير والاستثمار العقاري شركة شخص واحد
شركة الحرف المستدامة للمقاولات,,developer,,1734,,الهيئة العامة للعقار — المنشآت المؤهلة (وافي),https://rega.gov.sa/en/rega-services/platforms/wafi-off-plan-sales-and-lease/?currentDeveloperPage=18&tabActive=Wafi+Developers,2026-10-01,1734:شركة الحرف المستدامة للمقاولات
شركة الحصاد للاستثمارات العقارية,,developer,,1810,,الهيئة العامة للعقار — المنشآت المؤهلة (وافي),https://rega.gov.sa/en/rega-services/platforms/wafi-off-plan-sales-and-lease/?currentDeveloperPage=21&tabActive=Wafi+Developers,2026-10-01,1810:شركة الحصاد للاستثمارات العقارية
شركة الحل المناسب للتطوير العقاري,,developer,,1392,,الهيئة العامة للعقار — المنشآت المؤهلة (وافي),https://rega.gov.sa/en/rega-services/platforms/wafi-off-plan-sales-and-lease/?currentDeveloperPage=66&tabActive=Wafi+Developers,2026-10-01,1392:شركة الحل المناسب للتطوير العقاري
شركة الحلول الهندسيه الذكيه للمقاولات,,developer,,1598,,الهيئة العامة للعقار — المنشآت المؤهلة (وافي),https://rega.gov.sa/en/rega-services/platforms/wafi-off-plan-sales-and-lease/?currentDeveloperPage=30&tabActive=Wafi+Developers,2026-10-01,1598:شركة الحلول الهندسيه الذكيه للمقاولات
شركة الحناكي للتطوير العقاري,,developer,,493,,الهيئة العامة للعقار — المنشآت المؤهلة (وافي),https://rega.gov.sa/en/rega-services/platforms/wafi-off-plan-sales-and-lease/?currentDeveloperPage=46&tabActive=Wafi+Developers,2026-10-01,493:شركة الحناكي للتطوير العقاري
شركة الحياة العصرية للتطوير العقاري,,developer,,1417,,الهيئة العامة للعقار — المنشآت المؤهلة (وافي),https://rega.gov.sa/en/rega-services/platforms/wafi-off-plan-sales-and-lease/?currentDeveloperPage=91&tabActive=Wafi+Developers,2026-10-01,1417:شركة الحياة العصرية للتطوير العقاري
شركة الخلجان الثلاثة العقارية,,developer,,1563,,الهيئة العامة للعقار — المنشآت المؤهلة (وافي),https://rega.gov.sa/en/rega-services/platforms/wafi-off-plan-sales-and-lease/?currentDeveloperPage=10&tabActive=Wafi+Developers,2026-10-01,1563:شركة الخلجان الثلاثة العقارية
شركة الخيول العربية للتطوير العمراني شركة شخص واحد,,developer,,2383,,الهيئة العامة للعقار — المنشآت المؤهلة (وافي),https://rega.gov.sa/en/rega-services/platforms/wafi-off-plan-sales-and-lease/?currentDeveloperPage=74&tabActive=Wafi+Developers,2026-10-01,2383:شركة الخيول العربية للتطوير العمراني شركة شخص واحد
شركة الدارة للتطوير العقاري,,developer,,765,,الهيئة العامة للعقار — المنشآت المؤهلة (وافي),https://rega.gov.sa/en/rega-services/platforms/wafi-off-plan-sales-and-lease/?currentDeveloperPage=15&tabActive=Wafi+Developers,2026-10-01,765:شركة الدارة للتطوير العقاري
شركة الدرر الخليجية للمقاولات,,developer,,1613,,الهيئة العامة للعقار — المنشآت المؤهلة (وافي),https://rega.gov.sa/en/rega-services/platforms/wafi-off-plan-sales-and-lease/?currentDeveloperPage=60&tabActive=Wafi+Developers,2026-10-01,1613:شركة الدرر الخليجية للمقاولات
شركة الدرر الخليجية للمقاولات,,developer,,1623,,الهيئة العامة للعقار — المنشآت المؤهلة (وافي),https://rega.gov.sa/en/rega-services/platforms/wafi-off-plan-sales-and-lease/?currentDeveloperPage=11&tabActive=Wafi+Developers,2026-10-01,1623:شركة الدرر الخليجية للمقاولات
شركة الدرعية شركة مساهمة شخص واحد,,developer,,946,,الهيئة العامة للعقار — المنشآت المؤهلة (وافي),https://rega.gov.sa/en/rega-services/platforms/wafi-off-plan-sales-and-lease/?currentDeveloperPage=29&tabActive=Wafi+Developers,2026-10-01,946:شركة الدرعية شركة مساهمة شخص واحد
شركة الديار الحديثة العقارية شركة شخص واحد,,developer,,2102,,الهيئة العامة للعقار — المنشآت المؤهلة (وافي),https://rega.gov.sa/en/rega-services/platforms/wafi-off-plan-sales-and-lease/?currentDeveloperPage=49&tabActive=Wafi+Developers,2026-10-01,2102:شركة الديار الحديثة العقارية شركة شخص واحد
شركة الديار العربية للتطوير العقاري,,developer,,443,,الهيئة العامة للعقار — المنشآت المؤهلة (وافي),https://rega.gov.sa/en/rega-services/platforms/wafi-off-plan-sales-and-lease/?currentDeveloperPage=84&tabActive=Wafi+Developers,2026-10-01,443:شركة الديار العربية للتطوير العقاري
شركة الديار المتقدمة للتطوير والاستثمار العقاري,,developer,,1776,,الهيئة العامة للعقار — المنشآت المؤهلة (وافي),https://rega.gov.sa/en/rega-services/platforms/wafi-off-plan-sales-and-lease/?currentDeveloperPage=20&tabActive=Wafi+Developers,2026-10-01,1776:شركة الديار المتقدمة للتطوير والاستثمار العقاري
شركة الذياب,,developer,,1374,,الهيئة العامة للعقار — المنشآت المؤهلة (وافي),https://rega.gov.sa/en/rega-services/platforms/wafi-off-plan-sales-and-lease/?currentDeveloperPage=22&tabActive=Wafi+Developers,2026-10-01,1374:شركة الذياب
شركة الرائم العالمية,,developer,,381,,الهيئة العامة للعقار — المنشآت المؤهلة (وافي),https://rega.gov.sa/en/rega-services/platforms/wafi-off-plan-sales-and-lease/?currentDeveloperPage=27&tabActive=Wafi+Developers,2026-10-01,381:شركة الرائم العالمية
شركة الرابية العالية العقارية,,developer,,1798,,الهيئة العامة للعقار — المنشآت المؤهلة (وافي),https://rega.gov.sa/en/rega-services/platforms/wafi-off-plan-sales-and-lease/?currentDeveloperPage=22&tabActive=Wafi+Developers,2026-10-01,1798:شركة الرابية العالية العقارية
شركة الرادف للتطوير والاستثمار العقاري,,developer,,2028,,الهيئة العامة للعقار — المنشآت المؤهلة (وافي),https://rega.gov.sa/en/rega-services/platforms/wafi-off-plan-sales-and-lease/?currentDeveloperPage=40&tabActive=Wafi+Developers,2026-10-01,2028:شركة الرادف للتطوير والاستثمار العقاري
شركة الراسيات الغربية للتطوير العقاري,,developer,,2001,,الهيئة العامة للعقار — المنشآت المؤهلة (وافي),https://rega.gov.sa/en/rega-services/platforms/wafi-off-plan-sales-and-lease/?currentDeveloperPage=40&tabActive=Wafi+Developers,2026-10-01,2001:شركة الراسيات الغربية للتطوير العقاري
شركة الـرؤية النموذجية,,developer,,1691,,الهيئة العامة للعقار — المنشآت المؤهلة (وافي),https://rega.gov.sa/en/rega-services/platforms/wafi-off-plan-sales-and-lease/?currentDeveloperPage=15&tabActive=Wafi+Developers,2026-10-01,1691:شركة الـرؤية النموذجية
شركة الرؤية و الاعمار للمقاولات العامة,,developer,,1975,,الهيئة العامة للعقار — المنشآت المؤهلة (وافي),https://rega.gov.sa/en/rega-services/platforms/wafi-off-plan-sales-and-lease/?currentDeveloperPage=31&tabActive=Wafi+Developers,2026-10-01,1975:شركة الرؤية و الاعمار للمقاولات العامة
شركة الرشيد والمهنا للتطوير والاستثمار العقاري,,developer,,2535,,الهيئة العامة للعقار — المنشآت المؤهلة (وافي),https://rega.gov.sa/en/rega-services/platforms/wafi-off-plan-sales-and-lease/?currentDeveloperPage=86&tabActive=Wafi+Developers,2026-10-01,2535:شركة الرشيد والمهنا للتطوير والاستثمار العقاري
شركة الركن الأبيض العقاري,,developer,,2519,,الهيئة العامة للعقار — المنشآت المؤهلة (وافي),https://rega.gov.sa/en/rega-services/platforms/wafi-off-plan-sales-and-lease/?currentDeveloperPage=89&tabActive=Wafi+Developers,2026-10-01,2519:شركة الركن الأبيض العقاري
شركة الرواد الهندسية للمقاولات العامة,,developer,,17,,الهيئة العامة للعقار — المنشآت المؤهلة (وافي),https://rega.gov.sa/en/rega-services/platforms/wafi-off-plan-sales-and-lease/?currentDeveloperPage=6&tabActive=Wafi+Developers,2026-10-01,17:شركة الرواد الهندسية للمقاولات العامة
شركة الرواد الهندسية للمقاولات العامة,,developer,,2080,,الهيئة العامة للعقار — المنشآت المؤهلة (وافي),https://rega.gov.sa/en/rega-services/platforms/wafi-off-plan-sales-and-lease/?currentDeveloperPage=44&tabActive=Wafi+Developers,2026-10-01,2080:شركة الرواد الهندسية للمقاولات العامة
شركة الروسان للمقاولات,,developer,,1000,,الهيئة العامة للعقار — المنشآت المؤهلة (وافي),https://rega.gov.sa/en/rega-services/platforms/wafi-off-plan-sales-and-lease/?currentDeveloperPage=33&tabActive=Wafi+Developers,2026-10-01,1000:شركة الروسان للمقاولات
شركة الزامل للتطوير العقاري شركة شخص واحد,,developer,,2315,,الهيئة العامة للعقار — المنشآت المؤهلة (وافي),https://rega.gov.sa/en/rega-services/platforms/wafi-off-plan-sales-and-lease/?currentDeveloperPage=64&tabActive=Wafi+Developers,2026-10-01,2315:شركة الزامل للتطوير العقاري شركة شخص واحد
شركة السبق العربي للتجارة والمقاولات,,developer,,1779,,الهيئة العامة للعقار — المنشآت المؤهلة (وافي),https://rega.gov.sa/en/rega-services/platforms/wafi-off-plan-sales-and-lease/?currentDeveloperPage=20&tabActive=Wafi+Developers,2026-10-01,1779:شركة السبق العربي للتجارة والمقاولات
شركة السكن الدائم للتطوير العقاري,,developer,,1595,,الهيئة العامة للعقار — المنشآت المؤهلة (وافي),https://rega.gov.sa/en/rega-services/platforms/wafi-off-plan-sales-and-lease/?currentDeveloperPage=42&tabActive=Wafi+Developers,2026-10-01,1595:شركة السكن الدائم للتطوير العقاري
شركة السكن الدائم للتطوير العقاري,,developer,,1669,,الهيئة العامة للعقار — المنشآت المؤهلة (وافي),https://rega.gov.sa/en/rega-services/platforms/wafi-off-plan-sales-and-lease/?currentDeveloperPage=14&tabActive=Wafi+Developers,2026-10-01,1669:شركة السكن الدائم للتطوير العقاري
شركة السليمان العقارية,,developer,,1573,,الهيئة العامة للعقار — المنشآت المؤهلة (وافي),https://rega.gov.sa/en/rega-services/platforms/wafi-off-plan-sales-and-lease/?currentDeveloperPage=22&tabActive=Wafi+Developers,2026-10-01,1573:شركة السليمان العقارية
شركة السمات العمرانيه للخدمات العقارية شركة شخص واحد,,developer,,2306,,الهيئة العامة للعقار — المنشآت المؤهلة (وافي),https://rega.gov.sa/en/rega-services/platforms/wafi-off-plan-sales-and-lease/?currentDeveloperPage=63&tabActive=Wafi+Developers,2026-10-01,2306:شركة السمات العمرانيه للخدمات العقارية شركة شخص واحد
شركة السماوة العقارية شركة شخص واحد,,developer,,1904,,الهيئة العامة للعقار — المنشآت المؤهلة (وافي),https://rega.gov.sa/en/rega-services/platforms/wafi-off-plan-sales-and-lease/?currentDeveloperPage=30&tabActive=Wafi+Developers,2026-10-01,1904:شركة السماوة العقارية شركة شخص واحد
شركة السودة للتطوير شركة شخص واحد مساهمة مقفلة,,developer,,2548,,الهيئة العامة للعقار — المنشآت المؤهلة (وافي),https://rega.gov.sa/en/rega-services/platforms/wafi-off-plan-sales-and-lease/?currentDeveloperPage=92&tabActive=Wafi+Developers,2026-10-01,2548:شركة السودة للتطوير شركة شخص واحد مساهمة مقفلة
شركة الشامخ الذهبي للتطوير والاستثمار العقاري,,developer,,2317,,الهيئة العامة للعقار — المنشآت المؤهلة (وافي),https://rega.gov.sa/en/rega-services/platforms/wafi-off-plan-sales-and-lease/?currentDeveloperPage=54&tabActive=Wafi+Developers,2026-10-01,2317:شركة الشامخ الذهبي للتطوير والاستثمار العقاري
شركة الصمود للتطوير العقاري,,developer,,1859,,الهيئة العامة للعقار — المنشآت المؤهلة (وافي),https://rega.gov.sa/en/rega-services/platforms/wafi-off-plan-sales-and-lease/?currentDeveloperPage=22&tabActive=Wafi+Developers,2026-10-01,1859:شركة الصمود للتطوير العقاري
شركة العامة للأعمال الاستثمارية العقارية المحدودة,,developer,,2168,,الهيئة العامة للعقار — المنشآت المؤهلة (وافي),https://rega.gov.sa/en/rega-services/platforms/wafi-off-plan-sales-and-lease/?currentDeveloperPage=55&tabActive=Wafi+Developers,2026-10-01,2168:شركة العامة للأعمال الاستثمارية العقارية المحدودة
شركة العامرية للتطوير العقاري,,developer,,1815,,الهيئة العامة للعقار — المنشآت المؤهلة (وافي),https://rega.gov.sa/en/rega-services/platforms/wafi-off-plan-sales-and-lease/?currentDeveloperPage=23&tabActive=Wafi+Developers,2026-10-01,1815:شركة العامرية للتطوير العقاري
شركة العبيكان للاستثمار العقاري شركة شخص واحد,,developer,,2123,,الهيئة العامة للعقار — المنشآت المؤهلة (وافي),https://rega.gov.sa/en/rega-services/platforms/wafi-off-plan-sales-and-lease/?currentDeveloperPage=49&tabActive=Wafi+Developers,2026-10-01,2123:شركة العبيكان للاستثمار العقاري شركة شخص واحد
شركة العربي السادسة العقارية شخص واحد,,developer,,1459,,الهيئة العامة للعقار — المنشآت المؤهلة (وافي),https://rega.gov.sa/en/rega-services/platforms/wafi-off-plan-sales-and-lease/?currentDeveloperPage=12&tabActive=Wafi+Developers,2026-10-01,1459:شركة العربي السادسة العقارية شخص واحد
شركة العروض الماسية المحدودة شخص واحد,,developer,,1722,,الهيئة العامة للعقار — المنشآت المؤهلة (وافي),https://rega.gov.sa/en/rega-services/platforms/wafi-off-plan-sales-and-lease/?currentDeveloperPage=17&tabActive=Wafi+Developers,2026-10-01,1722:شركة العروض الماسية المحدودة شخص واحد
شركة العز الغربية للتطوير والاستثمار العقاري,,developer,,2474,,الهيئة العامة للعقار — المنشآت المؤهلة (وافي),https://rega.gov.sa/en/rega-services/platforms/wafi-off-plan-sales-and-lease/?currentDeveloperPage=82&tabActive=Wafi+Developers,2026-10-01,2474:شركة العز الغربية للتطوير والاستثمار العقاري
شركة العلا للتطوير شركة شخص واحد مساهمة مقفلة العلا للتطوير شركة شخص واحد مساهمة مقفلة,,developer,,2004,,الهيئة العامة للعقار — المنشآت المؤهلة (وافي),https://rega.gov.sa/en/rega-services/platforms/wafi-off-plan-sales-and-lease/?currentDeveloperPage=39&tabActive=Wafi+Developers,2026-10-01,2004:شركة العلا للتطوير شركة شخص واحد مساهمة مقفلة العلا للتطوير شركة شخص واحد مساهمة مقفلة
شركة العمر للاستثمار شركة شخص واحد,,developer,,1467,,الهيئة العامة للعقار — المنشآت المؤهلة (وافي),https://rega.gov.sa/en/rega-services/platforms/wafi-off-plan-sales-and-lease/?currentDeveloperPage=28&tabActive=Wafi+Developers,2026-10-01,1467:شركة العمر للاستثمار شركة شخص واحد
شركة العوالم السبعة للتطوير والاستثمار العقاري شركة شخص واحد,,developer,,2118,,الهيئة العامة للعقار — المنشآت المؤهلة (وافي),https://rega.gov.sa/en/rega-services/platforms/wafi-off-plan-sales-and-lease/?currentDeveloperPage=50&tabActive=Wafi+Developers,2026-10-01,2118:شركة العوالم السبعة للتطوير والاستثمار العقاري شركة شخص واحد
شركة العوالي العقارية,,developer,,1617,,الهيئة العامة للعقار — المنشآت المؤهلة (وافي),https://rega.gov.sa/en/rega-services/platforms/wafi-off-plan-sales-and-lease/?currentDeveloperPage=9&tabActive=Wafi+Developers,2026-10-01,1617:شركة العوالي العقارية
شركة العوالي العقارية شركة مساهمة مقفلة,,developer,,1244,,الهيئة العامة للعقار — المنشآت المؤهلة (وافي),https://rega.gov.sa/en/rega-services/platforms/wafi-off-plan-sales-and-lease/?currentDeveloperPage=86&tabActive=Wafi+Developers,2026-10-01,1244:شركة العوالي العقارية شركة مساهمة مقفلة
شركة الغدراء العقارية,,developer,,2158,,الهيئة العامة للعقار — المنشآت المؤهلة (وافي),https://rega.gov.sa/en/rega-services/platforms/wafi-off-plan-sales-and-lease/?currentDeveloperPage=46&tabActive=Wafi+Developers,2026-10-01,2158:شركة الغدراء العقارية
شركة الغربية المطورة العقارية,,developer,,1670,,الهيئة العامة للعقار — المنشآت المؤهلة (وافي),https://rega.gov.sa/en/rega-services/platforms/wafi-off-plan-sales-and-lease/?currentDeveloperPage=10&tabActive=Wafi+Developers,2026-10-01,1670:شركة الغربية المطورة العقارية
شركة الغزاوي للتنمية والتطوير العقاري,,developer,,1896,,الهيئة العامة للعقار — المنشآت المؤهلة (وافي),https://rega.gov.sa/en/rega-services/platforms/wafi-off-plan-sales-and-lease/?currentDeveloperPage=29&tabActive=Wafi+Developers,2026-10-01,1896:شركة الغزاوي للتنمية والتطوير العقاري
شركة الفا البلاتينية العقارية,,developer,,2484,,الهيئة العامة للعقار — المنشآت المؤهلة (وافي),https://rega.gov.sa/en/rega-services/platforms/wafi-off-plan-sales-and-lease/?currentDeveloperPage=86&tabActive=Wafi+Developers,2026-10-01,2484:شركة الفا البلاتينية العقارية
شركة ألفا التطوير التجارية,,developer,,2157,,الهيئة العامة للعقار — المنشآت المؤهلة (وافي),https://rega.gov.sa/en/rega-services/platforms/wafi-off-plan-sales-and-lease/?currentDeveloperPage=54&tabActive=Wafi+Developers,2026-10-01,2157:شركة ألفا التطوير التجارية
شركة الفا المعماريون للتطوير والاستثمار العقاري,,developer,,2532,,الهيئة العامة للعقار — المنشآت المؤهلة (وافي),https://rega.gov.sa/en/rega-services/platforms/wafi-off-plan-sales-and-lease/?currentDeveloperPage=84&tabActive=Wafi+Developers,2026-10-01,2532:شركة الفا المعماريون للتطوير والاستثمار العقاري
شركة الفايزية للتطوير العقاري شركة مساهمة سعودية مقفلة,,developer,,1537,,الهيئة العامة للعقار — المنشآت المؤهلة (وافي),https://rega.gov.sa/en/rega-services/platforms/wafi-off-plan-sales-and-lease/?currentDeveloperPage=75&tabActive=Wafi+Developers,2026-10-01,1537:شركة الفايزية للتطوير العقاري شركة مساهمة سعودية مقفلة
شركة الفرسان الثلاث للمقاولات,,developer,,1861,,الهيئة العامة للعقار — المنشآت المؤهلة (وافي),https://rega.gov.sa/en/rega-services/platforms/wafi-off-plan-sales-and-lease/?currentDeveloperPage=26&tabActive=Wafi+Developers,2026-10-01,1861:شركة الفرسان الثلاث للمقاولات
شركة الفنار العقارية,,developer,,2411,,الهيئة العامة للعقار — المنشآت المؤهلة (وافي),https://rega.gov.sa/en/rega-services/platforms/wafi-off-plan-sales-and-lease/?currentDeveloperPage=78&tabActive=Wafi+Developers,2026-10-01,2411:شركة الفنار العقارية
شركة القادسية الاولى العقارية,,developer,,1483,,الهيئة العامة للعقار — المنشآت المؤهلة (وافي),https://rega.gov.sa/en/rega-services/platforms/wafi-off-plan-sales-and-lease/?currentDeveloperPage=21&tabActive=Wafi+Developers,2026-10-01,1483:شركة القادسية الاولى العقارية
شركة القصواء الشامخة للتطوير العقاري,,developer,,1327,,الهيئة العامة للعقار — المنشآت المؤهلة (وافي),https://rega.gov.sa/en/rega-services/platforms/wafi-off-plan-sales-and-lease/?currentDeveloperPage=51&tabActive=Wafi+Developers,2026-10-01,1327:شركة القصواء الشامخة للتطوير العقاري
شركة القصواء الشامخة للتطوير العقاري,,developer,,26,,الهيئة العامة للعقار — المنشآت المؤهلة (وافي),https://rega.gov.sa/en/rega-services/platforms/wafi-off-plan-sales-and-lease/?currentDeveloperPage=7&tabActive=Wafi+Developers,2026-10-01,26:شركة القصواء الشامخة للتطوير العقاري
شركة القصواء للعقار,,developer,,1710,,الهيئة العامة للعقار — المنشآت المؤهلة (وافي),https://rega.gov.sa/en/rega-services/platforms/wafi-off-plan-sales-and-lease/?currentDeveloperPage=16&tabActive=Wafi+Developers,2026-10-01,1710:شركة القصواء للعقار
شركة القصيم العقارية شركة ذات مسؤولية محدودة,,developer,,2352,,الهيئة العامة للعقار — المنشآت المؤهلة (وافي),https://rega.gov.sa/en/rega-services/platforms/wafi-off-plan-sales-and-lease/?currentDeveloperPage=71&tabActive=Wafi+Developers,2026-10-01,2352:شركة القصيم العقارية شركة ذات مسؤولية محدودة
شركة الكمال العمران للتطوير والاستثمار العقاري,,developer,,2439,,الهيئة العامة للعقار — المنشآت المؤهلة (وافي),https://rega.gov.sa/en/rega-services/platforms/wafi-off-plan-sales-and-lease/?currentDeveloperPage=79&tabActive=Wafi+Developers,2026-10-01,2439:شركة الكمال العمران للتطوير والاستثمار العقاري
شركة الكن العقارية شركة شخص واحد,,developer,,2090,,الهيئة العامة للعقار — المنشآت المؤهلة (وافي),https://rega.gov.sa/en/rega-services/platforms/wafi-off-plan-sales-and-lease/?currentDeveloperPage=39&tabActive=Wafi+Developers,2026-10-01,2090:شركة الكن العقارية شركة شخص واحد
شركة الكنف العقارية,,developer,,2408,,الهيئة العامة للعقار — المنشآت المؤهلة (وافي),https://rega.gov.sa/en/rega-services/platforms/wafi-off-plan-sales-and-lease/?currentDeveloperPage=74&tabActive=Wafi+Developers,2026-10-01,2408:شركة الكنف العقارية
شركة اللجين المعمارية للتطوير والاستثمار العقاري,,developer,,1597,,الهيئة العامة للعقار — المنشآت المؤهلة (وافي),https://rega.gov.sa/en/rega-services/platforms/wafi-off-plan-sales-and-lease/?currentDeveloperPage=42&tabActive=Wafi+Developers,2026-10-01,1597:شركة اللجين المعمارية للتطوير والاستثمار العقاري
شركة اللجين المعمارية للتطوير والاستثمار العقاري,,developer,,1797,,الهيئة العامة للعقار — المنشآت المؤهلة (وافي),https://rega.gov.sa/en/rega-services/platforms/wafi-off-plan-sales-and-lease/?currentDeveloperPage=20&tabActive=Wafi+Developers,2026-10-01,1797:شركة اللجين المعمارية للتطوير والاستثمار العقاري
شركة ألما المباني العقارية,,developer,,1138,,الهيئة العامة للعقار — المنشآت المؤهلة (وافي),https://rega.gov.sa/en/rega-services/platforms/wafi-off-plan-sales-and-lease/?currentDeveloperPage=60&tabActive=Wafi+Developers,2026-10-01,1138:شركة ألما المباني العقارية
شركة المارية للتطوير العقاري,,developer,,1852,,الهيئة العامة للعقار — المنشآت المؤهلة (وافي),https://rega.gov.sa/en/rega-services/platforms/wafi-off-plan-sales-and-lease/?currentDeveloperPage=26&tabActive=Wafi+Developers,2026-10-01,1852:شركة المارية للتطوير العقاري
شركة المباني الاولى العقارية,,developer,,13,,الهيئة العامة للعقار — المنشآت المؤهلة (وافي),https://rega.gov.sa/en/rega-services/platforms/wafi-off-plan-sales-and-lease/?currentDeveloperPage=6&tabActive=Wafi+Developers,2026-10-01,13:شركة المباني الاولى العقارية
شركة المباني الاولى العقارية,,developer,,659,,الهيئة العامة للعقار — المنشآت المؤهلة (وافي),https://rega.gov.sa/en/rega-services/platforms/wafi-off-plan-sales-and-lease/?currentDeveloperPage=85&tabActive=Wafi+Developers,2026-10-01,659:شركة المباني الاولى العقارية
شركة المباني العقارية,,developer,,2199,,الهيئة العامة للعقار — المنشآت المؤهلة (وافي),https://rega.gov.sa/en/rega-services/platforms/wafi-off-plan-sales-and-lease/?currentDeveloperPage=57&tabActive=Wafi+Developers,2026-10-01,2199:شركة المباني العقارية
شركة المباني الكاملة للتطوير العقاري,,developer,,1593,,الهيئة العامة للعقار — المنشآت المؤهلة (وافي),https://rega.gov.sa/en/rega-services/platforms/wafi-off-plan-sales-and-lease/?currentDeveloperPage=8&tabActive=Wafi+Developers,2026-10-01,1593:شركة المباني الكاملة للتطوير العقاري
شركة المبنى العالمي للمقاولات,,developer,,1202,,الهيئة العامة للعقار — المنشآت المؤهلة (وافي),https://rega.gov.sa/en/rega-services/platforms/wafi-off-plan-sales-and-lease/?currentDeveloperPage=7&tabActive=Wafi+Developers,2026-10-01,1202:شركة المبنى العالمي للمقاولات
شركة المتمكنة العربية للتجارة والمقاولات شركة شخص واحد,,developer,,2271,,الهيئة العامة للعقار — المنشآت المؤهلة (وافي),https://rega.gov.sa/en/rega-services/platforms/wafi-off-plan-sales-and-lease/?currentDeveloperPage=65&tabActive=Wafi+Developers,2026-10-01,2271:شركة المتمكنة العربية للتجارة والمقاولات شركة شخص واحد
شركة المتولي المتطورة للتطوير والاستثمار العقاري,,developer,,2034,,الهيئة العامة للعقار — المنشآت المؤهلة (وافي),https://rega.gov.sa/en/rega-services/platforms/wafi-off-plan-sales-and-lease/?currentDeveloperPage=40&tabActive=Wafi+Developers,2026-10-01,2034:شركة المتولي المتطورة للتطوير والاستثمار العقاري
شركة المجالات العقارية,,developer,,1780,,الهيئة العامة للعقار — المنشآت المؤهلة (وافي),https://rega.gov.sa/en/rega-services/platforms/wafi-off-plan-sales-and-lease/?currentDeveloperPage=19&tabActive=Wafi+Developers,2026-10-01,1780:شركة المجالات العقارية
شركة المجموعه السعوديه للاستثمارات والتسويق المحدودة,,developer,,1300,,الهيئة العامة للعقار — المنشآت المؤهلة (وافي),https://rega.gov.sa/en/rega-services/platforms/wafi-off-plan-sales-and-lease/?currentDeveloperPage=40&tabActive=Wafi+Developers,2026-10-01,1300:شركة المجموعه السعوديه للاستثمارات والتسويق المحدودة
شركة المحاور الأربعة للتطوير والاستثمار العقاري شركة شخص واحد,,developer,,1976,,الهيئة العامة للعقار — المنشآت المؤهلة (وافي),https://rega.gov.sa/en/rega-services/platforms/wafi-off-plan-sales-and-lease/?currentDeveloperPage=23&tabActive=Wafi+Developers,2026-10-01,1976:شركة المحاور الأربعة للتطوير والاستثمار العقاري شركة شخص واحد
شركة المحمل العقارية,,developer,,1879,,الهيئة العامة للعقار — المنشآت المؤهلة (وافي),https://rega.gov.sa/en/rega-services/platforms/wafi-off-plan-sales-and-lease/?currentDeveloperPage=25&tabActive=Wafi+Developers,2026-10-01,1879:شركة المحمل العقارية
شركة المختلف للتطوير العقاري,,developer,,2156,,الهيئة العامة للعقار — المنشآت المؤهلة (وافي),https://rega.gov.sa/en/rega-services/platforms/wafi-off-plan-sales-and-lease/?currentDeveloperPage=50&tabActive=Wafi+Developers,2026-10-01,2156:شركة المختلف للتطوير العقاري
شركة المدار الواعد للتطوير والاستثمار العقاري شركة مساهمة سعودية مقفلة,,developer,,1690,,الهيئة العامة للعقار — المنشآت المؤهلة (وافي),https://rega.gov.sa/en/rega-services/platforms/wafi-off-plan-sales-and-lease/?currentDeveloperPage=51&tabActive=Wafi+Developers,2026-10-01,1690:شركة المدار الواعد للتطوير والاستثمار العقاري شركة مساهمة سعودية مقفلة
شركة المراشد للتطوير والاستثمار العقاري,,developer,,1297,,الهيئة العامة للعقار — المنشآت المؤهلة (وافي),https://rega.gov.sa/en/rega-services/platforms/wafi-off-plan-sales-and-lease/?currentDeveloperPage=44&tabActive=Wafi+Developers,2026-10-01,1297:شركة المراشد للتطوير والاستثمار العقاري
شركة المسار الرائدة للتطوير العقاري,,developer,,2191,,الهيئة العامة للعقار — المنشآت المؤهلة (وافي),https://rega.gov.sa/en/rega-services/platforms/wafi-off-plan-sales-and-lease/?currentDeveloperPage=56&tabActive=Wafi+Developers,2026-10-01,2191:شركة المسار الرائدة للتطوير العقاري
شركة المساكن المتكاملة للتطوير العقاري شركة شخص واحد,,developer,,1620,,الهيئة العامة للعقار — المنشآت المؤهلة (وافي),https://rega.gov.sa/en/rega-services/platforms/wafi-off-plan-sales-and-lease/?currentDeveloperPage=12&tabActive=Wafi+Developers,2026-10-01,1620:شركة المساكن المتكاملة للتطوير العقاري شركة شخص واحد
شركة المسكن الفضي للتطوير العقاري,,developer,,2069,,الهيئة العامة للعقار — المنشآت المؤهلة (وافي),https://rega.gov.sa/en/rega-services/platforms/wafi-off-plan-sales-and-lease/?currentDeveloperPage=18&tabActive=Wafi+Developers,2026-10-01,2069:شركة المسكن الفضي للتطوير العقاري
شركة المسكن المشيد للتطوير والاستثمار العقاري,,developer,,34,,الهيئة العامة للعقار — المنشآت المؤهلة (وافي),https://rega.gov.sa/en/rega-services/platforms/wafi-off-plan-sales-and-lease/?currentDeveloperPage=7&tabActive=Wafi+Developers,2026-10-01,34:شركة المسكن المشيد للتطوير والاستثمار العقاري
شركة المشاريع الأولى المحدودة,,developer,,1359,,الهيئة العامة للعقار — المنشآت المؤهلة (وافي),https://rega.gov.sa/en/rega-services/platforms/wafi-off-plan-sales-and-lease/?currentDeveloperPage=5&tabActive=Wafi+Developers,2026-10-01,1359:شركة المشاريع الأولى المحدودة
شركة المشاريع السكنية للتطوير العقاري,,developer,,1881,,الهيئة العامة للعقار — المنشآت المؤهلة (وافي),https://rega.gov.sa/en/rega-services/platforms/wafi-off-plan-sales-and-lease/?currentDeveloperPage=79&tabActive=Wafi+Developers,2026-10-01,1881:شركة المشاريع السكنية للتطوير العقاري
شركة المطور الماسي للتطوير العقاري,,developer,,1806,,الهيئة العامة للعقار — المنشآت المؤهلة (وافي),https://rega.gov.sa/en/rega-services/platforms/wafi-off-plan-sales-and-lease/?currentDeveloperPage=22&tabActive=Wafi+Developers,2026-10-01,1806:شركة المطور الماسي للتطوير العقاري
شركة المقاييس المتطورة للتطوير العقاري,,developer,,1617,,الهيئة العامة للعقار — المنشآت المؤهلة (وافي),https://rega.gov.sa/en/rega-services/platforms/wafi-off-plan-sales-and-lease/?currentDeveloperPage=62&tabActive=Wafi+Developers,2026-10-01,1617:شركة المقاييس المتطورة للتطوير العقاري
شركة المهيا العقارية,,developer,,1738,,الهيئة العامة للعقار — المنشآت المؤهلة (وافي),https://rega.gov.sa/en/rega-services/platforms/wafi-off-plan-sales-and-lease/?currentDeveloperPage=18&tabActive=Wafi+Developers,2026-10-01,1738:شركة المهيا العقارية
شركة الموحده للتطوير العقاري,,developer,,2057,,الهيئة العامة للعقار — المنشآت المؤهلة (وافي),https://rega.gov.sa/en/rega-services/platforms/wafi-off-plan-sales-and-lease/?currentDeveloperPage=27&tabActive=Wafi+Developers,2026-10-01,2057:شركة الموحده للتطوير العقاري
شركة الورود للاستثمار العقاري,,developer,,2501,,الهيئة العامة للعقار — المنشآت المؤهلة (وافي),https://rega.gov.sa/en/rega-services/platforms/wafi-off-plan-sales-and-lease/?currentDeveloperPage=86&tabActive=Wafi+Developers,2026-10-01,2501:شركة الورود للاستثمار العقاري
شركة الوسطاء للاستثمار والتطوير العقاري,,developer,,1083,,الهيئة العامة للعقار — المنشآت المؤهلة (وافي),https://rega.gov.sa/en/rega-services/platforms/wafi-off-plan-sales-and-lease/?currentDeveloperPage=45&tabActive=Wafi+Developers,2026-10-01,1083:شركة الوسطاء للاستثمار والتطوير العقاري
شركة الوسطاء للاستثمار والتطوير العقاري,,developer,,5,,الهيئة العامة للعقار — المنشآت المؤهلة (وافي),https://rega.gov.sa/en/rega-services/platforms/wafi-off-plan-sales-and-lease/?currentDeveloperPage=6&tabActive=Wafi+Developers,2026-10-01,5:شركة الوسطاء للاستثمار والتطوير العقاري
شركة اليم للتطوير العقاري,,developer,,2264,,الهيئة العامة للعقار — المنشآت المؤهلة (وافي),https://rega.gov.sa/en/rega-services/platforms/wafi-off-plan-sales-and-lease/?currentDeveloperPage=65&tabActive=Wafi+Developers,2026-10-01,2264:شركة اليم للتطوير العقاري
شركة اليوسفية للتطوير والاستثمار العقاري,,developer,,1522,,الهيئة العامة للعقار — المنشآت المؤهلة (وافي),https://rega.gov.sa/en/rega-services/platforms/wafi-off-plan-sales-and-lease/?currentDeveloperPage=4&tabActive=Wafi+Developers,2026-10-01,1522:شركة اليوسفية للتطوير والاستثمار العقاري
شركة إم جي ديڤيلوبمنتس,,developer,,2023,,الهيئة العامة للعقار — المنشآت المؤهلة (وافي),https://rega.gov.sa/en/rega-services/platforms/wafi-off-plan-sales-and-lease/?currentDeveloperPage=42&tabActive=Wafi+Developers,2026-10-01,2023:شركة إم جي ديڤيلوبمنتس
شركة أمالا شركة,,developer,,1569,,الهيئة العامة للعقار — المنشآت المؤهلة (وافي),https://rega.gov.sa/en/rega-services/platforms/wafi-off-plan-sales-and-lease/?currentDeveloperPage=10&tabActive=Wafi+Developers,2026-10-01,1569:شركة أمالا شركة
شركة أمكن العقارية,,developer,,1523,,الهيئة العامة للعقار — المنشآت المؤهلة (وافي),https://rega.gov.sa/en/rega-services/platforms/wafi-off-plan-sales-and-lease/?currentDeveloperPage=4&tabActive=Wafi+Developers,2026-10-01,1523:شركة أمكن العقارية
شركة أمكن العقارية,,developer,,37,,الهيئة العامة للعقار — المنشآت المؤهلة (وافي),https://rega.gov.sa/en/rega-services/platforms/wafi-off-plan-sales-and-lease/?currentDeveloperPage=7&tabActive=Wafi+Developers,2026-10-01,37:شركة أمكن العقارية
شركة املاك أصيل للتطوير والاستثمار العقاري,,developer,,2073,,الهيئة العامة للعقار — المنشآت المؤهلة (وافي),https://rega.gov.sa/en/rega-services/platforms/wafi-off-plan-sales-and-lease/?currentDeveloperPage=46&tabActive=Wafi+Developers,2026-10-01,2073:شركة املاك أصيل للتطوير والاستثمار العقاري
شركة أملاك البيان العقارية,,developer,,2093,,الهيئة العامة للعقار — المنشآت المؤهلة (وافي),https://rega.gov.sa/en/rega-services/platforms/wafi-off-plan-sales-and-lease/?currentDeveloperPage=48&tabActive=Wafi+Developers,2026-10-01,2093:شركة أملاك البيان العقارية
شركة أملاك القصور,,developer,,2037,,الهيئة العامة للعقار — المنشآت المؤهلة (وافي),https://rega.gov.sa/en/rega-services/platforms/wafi-off-plan-sales-and-lease/?currentDeveloperPage=43&tabActive=Wafi+Developers,2026-10-01,2037:شركة أملاك القصور
شركة أملاك طيبة العقارية,,developer,,2132,,الهيئة العامة للعقار — المنشآت المؤهلة (وافي),https://rega.gov.sa/en/rega-services/platforms/wafi-off-plan-sales-and-lease/?currentDeveloperPage=51&tabActive=Wafi+Developers,2026-10-01,2132:شركة أملاك طيبة العقارية
شركة املاك للتطوير والاستثمار العقاري مساهمة مقفلة,,developer,,35,,الهيئة العامة للعقار — المنشآت المؤهلة (وافي),https://rega.gov.sa/en/rega-services/platforms/wafi-off-plan-sales-and-lease/?currentDeveloperPage=7&tabActive=Wafi+Developers,2026-10-01,35:شركة املاك للتطوير والاستثمار العقاري مساهمة مقفلة
شركة اميال البناء للتطوير العقاري,,developer,,2089,,الهيئة العامة للعقار — المنشآت المؤهلة (وافي),https://rega.gov.sa/en/rega-services/platforms/wafi-off-plan-sales-and-lease/?currentDeveloperPage=44&tabActive=Wafi+Developers,2026-10-01,2089:شركة اميال البناء للتطوير العقاري
شركة إن بي آر سي,,developer,,1476,,الهيئة العامة للعقار — المنشآت المؤهلة (وافي),https://rega.gov.sa/en/rega-services/platforms/wafi-off-plan-sales-and-lease/?currentDeveloperPage=75&tabActive=Wafi+Developers,2026-10-01,1476:شركة إن بي آر سي
شركة إنبار للتطوير والاستثمار العقاري,,developer,,1524,,الهيئة العامة للعقار — المنشآت المؤهلة (وافي),https://rega.gov.sa/en/rega-services/platforms/wafi-off-plan-sales-and-lease/?currentDeveloperPage=4&tabActive=Wafi+Developers,2026-10-01,1524:شركة إنبار للتطوير والاستثمار العقاري
شركة إنبار للتطوير والاستثمار العقاري,,developer,,1588,,الهيئة العامة للعقار — المنشآت المؤهلة (وافي),https://rega.gov.sa/en/rega-services/platforms/wafi-off-plan-sales-and-lease/?currentDeveloperPage=25&tabActive=Wafi+Developers,2026-10-01,1588:شركة إنبار للتطوير والاستثمار العقاري
شركة إنجاز المدن للتطوير العقاري,,developer,,2472,,الهيئة العامة للعقار — المنشآت المؤهلة (وافي),https://rega.gov.sa/en/rega-services/platforms/wafi-off-plan-sales-and-lease/?currentDeveloperPage=82&tabActive=Wafi+Developers,2026-10-01,2472:شركة إنجاز المدن للتطوير العقاري
شركة اندماج للتطوير العقاري شخص واحد,,developer,,1538,,الهيئة العامة للعقار — المنشآت المؤهلة (وافي),https://rega.gov.sa/en/rega-services/platforms/wafi-off-plan-sales-and-lease/?currentDeveloperPage=10&tabActive=Wafi+Developers,2026-10-01,1538:شركة اندماج للتطوير العقاري شخص واحد
شركة انرشيا العربية العقارية,,developer,,2039,,الهيئة العامة للعقار — المنشآت المؤهلة (وافي),https://rega.gov.sa/en/rega-services/platforms/wafi-off-plan-sales-and-lease/?currentDeveloperPage=43&tabActive=Wafi+Developers,2026-10-01,2039:شركة انرشيا العربية العقارية
شركة انس عبدالملك منشي للعقارات,,developer,,2230,,الهيئة العامة للعقار — المنشآت المؤهلة (وافي),https://rega.gov.sa/en/rega-services/platforms/wafi-off-plan-sales-and-lease/?currentDeveloperPage=63&tabActive=Wafi+Developers,2026-10-01,2230:شركة انس عبدالملك منشي للعقارات
شركة انشاء المساكن للتطوير والاستثمار العقاري شركة شخص واحد,,developer,,1793,,الهيئة العامة للعقار — المنشآت المؤهلة (وافي),https://rega.gov.sa/en/rega-services/platforms/wafi-off-plan-sales-and-lease/?currentDeveloperPage=21&tabActive=Wafi+Developers,2026-10-01,1793:شركة انشاء المساكن للتطوير والاستثمار العقاري شركة شخص واحد
شركة انشاء نخبة المساكن العقارية شخص واحد,,developer,,1583,,الهيئة العامة للعقار — المنشآت المؤهلة (وافي),https://rega.gov.sa/en/rega-services/platforms/wafi-off-plan-sales-and-lease/?currentDeveloperPage=10&tabActive=Wafi+Developers,2026-10-01,1583:شركة انشاء نخبة المساكن العقارية شخص واحد
شركة أنظمة البناء المتقدمة المحدودة,,developer,,2263,,الهيئة العامة للعقار — المنشآت المؤهلة (وافي),https://rega.gov.sa/en/rega-services/platforms/wafi-off-plan-sales-and-lease/?currentDeveloperPage=17&tabActive=Wafi+Developers,2026-10-01,2263:شركة أنظمة البناء المتقدمة المحدودة
شركة أنفال البيوت للتطوير والاستثمار العقاري,,developer,,2018,,الهيئة العامة للعقار — المنشآت المؤهلة (وافي),https://rega.gov.sa/en/rega-services/platforms/wafi-off-plan-sales-and-lease/?currentDeveloperPage=38&tabActive=Wafi+Developers,2026-10-01,2018:شركة أنفال البيوت للتطوير والاستثمار العقاري
شركة أنوى المدن للتطوير العقاري,,developer,,857,,الهيئة العامة للعقار — المنشآت المؤهلة (وافي),https://rega.gov.sa/en/rega-services/platforms/wafi-off-plan-sales-and-lease/?currentDeveloperPage=23&tabActive=Wafi+Developers,2026-10-01,857:شركة أنوى المدن للتطوير العقاري
شركة اوتاد البناء العقارية,,developer,,2540,,الهيئة العامة للعقار — المنشآت المؤهلة (وافي),https://rega.gov.sa/en/rega-services/platforms/wafi-off-plan-sales-and-lease/?currentDeveloperPage=81&tabActive=Wafi+Developers,2026-10-01,2540:شركة اوتاد البناء العقارية
شركة اوتاد الخليج القابضة,,developer,,2178,,الهيئة العامة للعقار — المنشآت المؤهلة (وافي),https://rega.gov.sa/en/rega-services/platforms/wafi-off-plan-sales-and-lease/?currentDeveloperPage=55&tabActive=Wafi+Developers,2026-10-01,2178:شركة اوتاد الخليج القابضة
شركة أوتاد العربية للتطوير العقاري شخص واحد,,developer,,1781,,الهيئة العامة للعقار — المنشآت المؤهلة (وافي),https://rega.gov.sa/en/rega-services/platforms/wafi-off-plan-sales-and-lease/?currentDeveloperPage=14&tabActive=Wafi+Developers,2026-10-01,1781:شركة أوتاد العربية للتطوير العقاري شخص واحد
شركة اوتاد العمران المحدودة,,developer,,1926,,الهيئة العامة للعقار — المنشآت المؤهلة (وافي),https://rega.gov.sa/en/rega-services/platforms/wafi-off-plan-sales-and-lease/?currentDeveloperPage=30&tabActive=Wafi+Developers,2026-10-01,1926:شركة اوتاد العمران المحدودة
شركة أوتادا للتطوير العقاري,,developer,,1885,,الهيئة العامة للعقار — المنشآت المؤهلة (وافي),https://rega.gov.sa/en/rega-services/platforms/wafi-off-plan-sales-and-lease/?currentDeveloperPage=29&tabActive=Wafi+Developers,2026-10-01,1885:شركة أوتادا للتطوير العقاري
شركة أوج العمران للتطوير العقاري,,developer,,1605,,الهيئة العامة للعقار — المنشآت المؤهلة (وافي),https://rega.gov.sa/en/rega-services/platforms/wafi-off-plan-sales-and-lease/?currentDeveloperPage=8&tabActive=Wafi+Developers,2026-10-01,1605:شركة أوج العمران للتطوير العقاري
شركة أي كون المحدودة,,developer,,1790,,الهيئة العامة للعقار — المنشآت المؤهلة (وافي),https://rega.gov.sa/en/rega-services/platforms/wafi-off-plan-sales-and-lease/?currentDeveloperPage=21&tabActive=Wafi+Developers,2026-10-01,1790:شركة أي كون المحدودة
شركة أيامن الخير للتطوير العقاري,,developer,,2017,,الهيئة العامة للعقار — المنشآت المؤهلة (وافي),https://rega.gov.sa/en/rega-services/platforms/wafi-off-plan-sales-and-lease/?currentDeveloperPage=40&tabActive=Wafi+Developers,2026-10-01,2017:شركة أيامن الخير للتطوير العقاري
شركة ايان الدولية العقارية شركة شخص واحد,,developer,,2254,,الهيئة العامة للعقار — المنشآت المؤهلة (وافي),https://rega.gov.sa/en/rega-services/platforms/wafi-off-plan-sales-and-lease/?currentDeveloperPage=64&tabActive=Wafi+Developers,2026-10-01,2254:شركة ايان الدولية العقارية شركة شخص واحد
شركة إيبيكس الماسية العقارية,,developer,,2451,,الهيئة العامة للعقار — المنشآت المؤهلة (وافي),https://rega.gov.sa/en/rega-services/platforms/wafi-off-plan-sales-and-lease/?currentDeveloperPage=83&tabActive=Wafi+Developers,2026-10-01,2451:شركة إيبيكس الماسية العقارية
شركة إيثار الجودة للتطوير والاستثمار العقاري,,developer,,2489,,الهيئة العامة للعقار — المنشآت المؤهلة (وافي),https://rega.gov.sa/en/rega-services/platforms/wafi-off-plan-sales-and-lease/?currentDeveloperPage=87&tabActive=Wafi+Developers,2026-10-01,2489:شركة إيثار الجودة للتطوير والاستثمار العقاري
شركة ايد للتطوير العقاري,,developer,,1934,,الهيئة العامة للعقار — المنشآت المؤهلة (وافي),https://rega.gov.sa/en/rega-services/platforms/wafi-off-plan-sales-and-lease/?currentDeveloperPage=32&tabActive=Wafi+Developers,2026-10-01,1934:شركة ايد للتطوير العقاري
شركة ايما الحديثة للتطوير العقاري شخص واحد,,developer,,1795,,الهيئة العامة للعقار — المنشآت المؤهلة (وافي),https://rega.gov.sa/en/rega-services/platforms/wafi-off-plan-sales-and-lease/?currentDeveloperPage=21&tabActive=Wafi+Developers,2026-10-01,1795:شركة ايما الحديثة للتطوير العقاري شخص واحد
شركة إيملاك كونوت,,developer,,2202,,الهيئة العامة للعقار — المنشآت المؤهلة (وافي),https://rega.gov.sa/en/rega-services/platforms/wafi-off-plan-sales-and-lease/?currentDeveloperPage=59&tabActive=Wafi+Developers,2026-10-01,2202:شركة إيملاك كونوت
شركة بارعون للتطوير العقاري,,developer,,2227,,الهيئة العامة للعقار — المنشآت المؤهلة (وافي),https://rega.gov.sa/en/rega-services/platforms/wafi-off-plan-sales-and-lease/?currentDeveloperPage=54&tabActive=Wafi+Developers,2026-10-01,2227:شركة بارعون للتطوير العقاري
شركة باسقات المساكن للتطوير العقاري,,developer,,2269,,الهيئة العامة للعقار — المنشآت المؤهلة (وافي),https://rega.gov.sa/en/rega-services/platforms/wafi-off-plan-sales-and-lease/?currentDeveloperPage=66&tabActive=Wafi+Developers,2026-10-01,2269:شركة باسقات المساكن للتطوير العقاري
شركة بتائل للتطوير العقاري,,developer,,1764,,الهيئة العامة للعقار — المنشآت المؤهلة (وافي),https://rega.gov.sa/en/rega-services/platforms/wafi-off-plan-sales-and-lease/?currentDeveloperPage=18&tabActive=Wafi+Developers,2026-10-01,1764:شركة بتائل للتطوير العقاري
شركة بحر العقارية,,developer,,1898,,الهيئة العامة للعقار — المنشآت المؤهلة (وافي),https://rega.gov.sa/en/rega-services/platforms/wafi-off-plan-sales-and-lease/?currentDeveloperPage=29&tabActive=Wafi+Developers,2026-10-01,1898:شركة بحر العقارية
شركة بحر الفاخرة العقارية,,developer,,1433,,الهيئة العامة للعقار — المنشآت المؤهلة (وافي),https://rega.gov.sa/en/rega-services/platforms/wafi-off-plan-sales-and-lease/?currentDeveloperPage=28&tabActive=Wafi+Developers,2026-10-01,1433:شركة بحر الفاخرة العقارية
شركة بحيرات الشعلة للتطوير العقاري,,developer,,2050,,الهيئة العامة للعقار — المنشآت المؤهلة (وافي),https://rega.gov.sa/en/rega-services/platforms/wafi-off-plan-sales-and-lease/?currentDeveloperPage=43&tabActive=Wafi+Developers,2026-10-01,2050:شركة بحيرات الشعلة للتطوير العقاري
شركة بدء العقارية,,developer,,1099,,الهيئة العامة للعقار — المنشآت المؤهلة (وافي),https://rega.gov.sa/en/rega-services/platforms/wafi-off-plan-sales-and-lease/?currentDeveloperPage=17&tabActive=Wafi+Developers,2026-10-01,1099:شركة بدء العقارية
شركة بدء العقارية,,developer,,1602,,الهيئة العامة للعقار — المنشآت المؤهلة (وافي),https://rega.gov.sa/en/rega-services/platforms/wafi-off-plan-sales-and-lease/?currentDeveloperPage=47&tabActive=Wafi+Developers,2026-10-01,1602:شركة بدء العقارية
شركة بدار النجاح,,developer,,2568,,الهيئة العامة للعقار — المنشآت المؤهلة (وافي),https://rega.gov.sa/en/rega-services/platforms/wafi-off-plan-sales-and-lease/?currentDeveloperPage=91&tabActive=Wafi+Developers,2026-10-01,2568:شركة بدار النجاح
شركة بديع الفرص للاستثمار,,developer,,2091,,الهيئة العامة للعقار — المنشآت المؤهلة (وافي),https://rega.gov.sa/en/rega-services/platforms/wafi-off-plan-sales-and-lease/?currentDeveloperPage=37&tabActive=Wafi+Developers,2026-10-01,2091:شركة بديع الفرص للاستثمار
شركة برج ثروة املاك ومداد,,developer,,2201,,الهيئة العامة للعقار — المنشآت المؤهلة (وافي),https://rega.gov.sa/en/rega-services/platforms/wafi-off-plan-sales-and-lease/?currentDeveloperPage=59&tabActive=Wafi+Developers,2026-10-01,2201:شركة برج ثروة املاك ومداد
شركة برج حمد,,developer,,2121,,الهيئة العامة للعقار — المنشآت المؤهلة (وافي),https://rega.gov.sa/en/rega-services/platforms/wafi-off-plan-sales-and-lease/?currentDeveloperPage=49&tabActive=Wafi+Developers,2026-10-01,2121:شركة برج حمد
شركة برهان التجارة المحدودة,,developer,,2516,,الهيئة العامة للعقار — المنشآت المؤهلة (وافي),https://rega.gov.sa/en/rega-services/platforms/wafi-off-plan-sales-and-lease/?currentDeveloperPage=84&tabActive=Wafi+Developers,2026-10-01,2516:شركة برهان التجارة المحدودة
شركة بروج التطوير للاستثمار,,developer,,1620,,الهيئة العامة للعقار — المنشآت المؤهلة (وافي),https://rega.gov.sa/en/rega-services/platforms/wafi-off-plan-sales-and-lease/?currentDeveloperPage=56&tabActive=Wafi+Developers,2026-10-01,1620:شركة بروج التطوير للاستثمار
شركة بروج التطوير للاستثمار,,developer,,2100,,الهيئة العامة للعقار — المنشآت المؤهلة (وافي),https://rega.gov.sa/en/rega-services/platforms/wafi-off-plan-sales-and-lease/?currentDeveloperPage=40&tabActive=Wafi+Developers,2026-10-01,2100:شركة بروج التطوير للاستثمار
شركة بساتين الجصة للتطوير والاستثمار العقاري,,developer,,2369,,الهيئة العامة للعقار — المنشآت المؤهلة (وافي),https://rega.gov.sa/en/rega-services/platforms/wafi-off-plan-sales-and-lease/?currentDeveloperPage=60&tabActive=Wafi+Developers,2026-10-01,2369:شركة بساتين الجصة للتطوير والاستثمار العقاري
شركة بصمة الاركان العقارية,,developer,,1412,,الهيئة العامة للعقار — المنشآت المؤهلة (وافي),https://rega.gov.sa/en/rega-services/platforms/wafi-off-plan-sales-and-lease/?currentDeveloperPage=39&tabActive=Wafi+Developers,2026-10-01,1412:شركة بصمة الاركان العقارية
شركة بصمتي المتطورة للتطوير العقاري,,developer,,2226,,الهيئة العامة للعقار — المنشآت المؤهلة (وافي),https://rega.gov.sa/en/rega-services/platforms/wafi-off-plan-sales-and-lease/?currentDeveloperPage=55&tabActive=Wafi+Developers,2026-10-01,2226:شركة بصمتي المتطورة للتطوير العقاري
شركة بعد العقارية,,developer,,2161,,الهيئة العامة للعقار — المنشآت المؤهلة (وافي),https://rega.gov.sa/en/rega-services/platforms/wafi-off-plan-sales-and-lease/?currentDeveloperPage=55&tabActive=Wafi+Developers,2026-10-01,2161:شركة بعد العقارية
شركة بلاكساند,,developer,,1822,,الهيئة العامة للعقار — المنشآت المؤهلة (وافي),https://rega.gov.sa/en/rega-services/platforms/wafi-off-plan-sales-and-lease/?currentDeveloperPage=22&tabActive=Wafi+Developers,2026-10-01,1822:شركة بلاكساند
شركة بن رافع للمقاولات المحدودة,,developer,,2234,,الهيئة العامة للعقار — المنشآت المؤهلة (وافي),https://rega.gov.sa/en/rega-services/platforms/wafi-off-plan-sales-and-lease/?currentDeveloperPage=58&tabActive=Wafi+Developers,2026-10-01,2234:شركة بن رافع للمقاولات المحدودة
شركة بناء ونماء العقارية,,developer,,2321,,الهيئة العامة للعقار — المنشآت المؤهلة (وافي),https://rega.gov.sa/en/rega-services/platforms/wafi-off-plan-sales-and-lease/?currentDeveloperPage=68&tabActive=Wafi+Developers,2026-10-01,2321:شركة بناء ونماء العقارية
شركة بناءات العقارية,,developer,,1591,,الهيئة العامة للعقار — المنشآت المؤهلة (وافي),https://rega.gov.sa/en/rega-services/platforms/wafi-off-plan-sales-and-lease/?currentDeveloperPage=37&tabActive=Wafi+Developers,2026-10-01,1591:شركة بناءات العقارية
شركة بنائات العقارية المحدودة,,developer,,1339,,الهيئة العامة للعقار — المنشآت المؤهلة (وافي),https://rega.gov.sa/en/rega-services/platforms/wafi-off-plan-sales-and-lease/?currentDeveloperPage=5&tabActive=Wafi+Developers,2026-10-01,1339:شركة بنائات العقارية المحدودة
شركة بنايات العقارية,,developer,,2173,,الهيئة العامة للعقار — المنشآت المؤهلة (وافي),https://rega.gov.sa/en/rega-services/platforms/wafi-off-plan-sales-and-lease/?currentDeveloperPage=57&tabActive=Wafi+Developers,2026-10-01,2173:شركة بنايات العقارية
شركة بنايات طويق للمقاولات العامة,,developer,,1775,,الهيئة العامة للعقار — المنشآت المؤهلة (وافي),https://rega.gov.sa/en/rega-services/platforms/wafi-off-plan-sales-and-lease/?currentDeveloperPage=19&tabActive=Wafi+Developers,2026-10-01,1775:شركة بنايات طويق للمقاولات العامة
شركة بنو العقارية,,developer,,1763,,الهيئة العامة للعقار — المنشآت المؤهلة (وافي),https://rega.gov.sa/en/rega-services/platforms/wafi-off-plan-sales-and-lease/?currentDeveloperPage=18&tabActive=Wafi+Developers,2026-10-01,1763:شركة بنو العقارية
شركة بنى المملكة القابضة,,developer,,1129,,الهيئة العامة للعقار — المنشآت المؤهلة (وافي),https://rega.gov.sa/en/rega-services/platforms/wafi-off-plan-sales-and-lease/?currentDeveloperPage=63&tabActive=Wafi+Developers,2026-10-01,1129:شركة بنى المملكة القابضة
شركة بوابة أجياد,,developer,,2333,,الهيئة العامة للعقار — المنشآت المؤهلة (وافي),https://rega.gov.sa/en/rega-services/platforms/wafi-off-plan-sales-and-lease/?currentDeveloperPage=70&tabActive=Wafi+Developers,2026-10-01,2333:شركة بوابة أجياد
شركة بوابة الابراج للتطوير العقاري,,developer,,1964,,الهيئة العامة للعقار — المنشآت المؤهلة (وافي),https://rega.gov.sa/en/rega-services/platforms/wafi-off-plan-sales-and-lease/?currentDeveloperPage=32&tabActive=Wafi+Developers,2026-10-01,1964:شركة بوابة الابراج للتطوير العقاري
شركة بيت العطلة لإدارة مرافق الضيافة السياحية,,developer,,2052,,الهيئة العامة للعقار — المنشآت المؤهلة (وافي),https://rega.gov.sa/en/rega-services/platforms/wafi-off-plan-sales-and-lease/?currentDeveloperPage=42&tabActive=Wafi+Developers,2026-10-01,2052:شركة بيت العطلة لإدارة مرافق الضيافة السياحية
شركة بيتنا للتطوير والاستثمار العقاري,,developer,,1807,,الهيئة العامة للعقار — المنشآت المؤهلة (وافي),https://rega.gov.sa/en/rega-services/platforms/wafi-off-plan-sales-and-lease/?currentDeveloperPage=22&tabActive=Wafi+Developers,2026-10-01,1807:شركة بيتنا للتطوير والاستثمار العقاري
شركة بيرق ريل إستيت,,developer,,2541,,الهيئة العامة للعقار — المنشآت المؤهلة (وافي),https://rega.gov.sa/en/rega-services/platforms/wafi-off-plan-sales-and-lease/?currentDeveloperPage=90&tabActive=Wafi+Developers,2026-10-01,2541:شركة بيرق ريل إستيت
شركة بيوت الارجان,,developer,,2204,,الهيئة العامة للعقار — المنشآت المؤهلة (وافي),https://rega.gov.sa/en/rega-services/platforms/wafi-off-plan-sales-and-lease/?currentDeveloperPage=59&tabActive=Wafi+Developers,2026-10-01,2204:شركة بيوت الارجان
شركة بيوت الأضواء للتطوير العقاري,,developer,,2443,,الهيئة العامة للعقار — المنشآت المؤهلة (وافي),https://rega.gov.sa/en/rega-services/platforms/wafi-off-plan-sales-and-lease/?currentDeveloperPage=82&tabActive=Wafi+Developers,2026-10-01,2443:شركة بيوت الأضواء للتطوير العقاري
شركة بيوتكم العقارية,,developer,,2008,,الهيئة العامة للعقار — المنشآت المؤهلة (وافي),https://rega.gov.sa/en/rega-services/platforms/wafi-off-plan-sales-and-lease/?currentDeveloperPage=38&tabActive=Wafi+Developers,2026-10-01,2008:شركة بيوتكم العقارية
شركة تارك للمقاولات والتطوير العقاري,,developer,,2122,,الهيئة العامة للعقار — المنشآت المؤهلة (وافي),https://rega.gov.sa/en/rega-services/platforms/wafi-off-plan-sales-and-lease/?currentDeveloperPage=49&tabActive=Wafi+Developers,2026-10-01,2122:شركة تارك للمقاولات والتطوير العقاري
شركة تأسيس البناء للتطوير العقاري,,developer,,1693,,الهيئة العامة للعقار — المنشآت المؤهلة (وافي),https://rega.gov.sa/en/rega-services/platforms/wafi-off-plan-sales-and-lease/?currentDeveloperPage=15&tabActive=Wafi+Developers,2026-10-01,1693:شركة تأسيس البناء للتطوير العقاري
شركة تالة العقارية,,developer,,1541,,الهيئة العامة للعقار — المنشآت المؤهلة (وافي),https://rega.gov.sa/en/rega-services/platforms/wafi-off-plan-sales-and-lease/?currentDeveloperPage=8&tabActive=Wafi+Developers,2026-10-01,1541:شركة تالة العقارية
شركة تالة العقارية,,developer,,962,,الهيئة العامة للعقار — المنشآت المؤهلة (وافي),https://rega.gov.sa/en/rega-services/platforms/wafi-off-plan-sales-and-lease/?currentDeveloperPage=30&tabActive=Wafi+Developers,2026-10-01,962:شركة تالة العقارية
شركة تام التشييد العقارية,,developer,,1826,,الهيئة العامة للعقار — المنشآت المؤهلة (وافي),https://rega.gov.sa/en/rega-services/platforms/wafi-off-plan-sales-and-lease/?currentDeveloperPage=14&tabActive=Wafi+Developers,2026-10-01,1826:شركة تام التشييد العقارية
شركة تبارك نجد المحدودة,,developer,,1262,,الهيئة العامة للعقار — المنشآت المؤهلة (وافي),https://rega.gov.sa/en/rega-services/platforms/wafi-off-plan-sales-and-lease/?currentDeveloperPage=87&tabActive=Wafi+Developers,2026-10-01,1262:شركة تبارك نجد المحدودة
شركة تجمعات للتطوير العقاري,,developer,,1609,,الهيئة العامة للعقار — المنشآت المؤهلة (وافي),https://rega.gov.sa/en/rega-services/platforms/wafi-off-plan-sales-and-lease/?currentDeveloperPage=11&tabActive=Wafi+Developers,2026-10-01,1609:شركة تجمعات للتطوير العقاري
شركة تحالف الإعمار للتطوير العقاري,,developer,,2190,,الهيئة العامة للعقار — المنشآت المؤهلة (وافي),https://rega.gov.sa/en/rega-services/platforms/wafi-off-plan-sales-and-lease/?currentDeveloperPage=57&tabActive=Wafi+Developers,2026-10-01,2190:شركة تحالف الإعمار للتطوير العقاري
شركة تحالف رؤى العقارية,,developer,,1714,,الهيئة العامة للعقار — المنشآت المؤهلة (وافي),https://rega.gov.sa/en/rega-services/platforms/wafi-off-plan-sales-and-lease/?currentDeveloperPage=17&tabActive=Wafi+Developers,2026-10-01,1714:شركة تحالف رؤى العقارية
شركة تحقيق الأمل للمقاولات,,developer,,1600,,الهيئة العامة للعقار — المنشآت المؤهلة (وافي),https://rega.gov.sa/en/rega-services/platforms/wafi-off-plan-sales-and-lease/?currentDeveloperPage=41&tabActive=Wafi+Developers,2026-10-01,1600:شركة تحقيق الأمل للمقاولات
شركة تحقيق الأمل للمقاولات,,developer,,630,,الهيئة العامة للعقار — المنشآت المؤهلة (وافي),https://rega.gov.sa/en/rega-services/platforms/wafi-off-plan-sales-and-lease/?currentDeveloperPage=26&tabActive=Wafi+Developers,2026-10-01,630:شركة تحقيق الأمل للمقاولات
شركة تخطيط للتطوير والاستثمار العقاري,,developer,,2483,,الهيئة العامة للعقار — المنشآت المؤهلة (وافي),https://rega.gov.sa/en/rega-services/platforms/wafi-off-plan-sales-and-lease/?currentDeveloperPage=84&tabActive=Wafi+Developers,2026-10-01,2483:شركة تخطيط للتطوير والاستثمار العقاري
شركة ترف للتطوير والاستثمار العقاري,,developer,,1595,,الهيئة العامة للعقار — المنشآت المؤهلة (وافي),https://rega.gov.sa/en/rega-services/platforms/wafi-off-plan-sales-and-lease/?currentDeveloperPage=9&tabActive=Wafi+Developers,2026-10-01,1595:شركة ترف للتطوير والاستثمار العقاري
شركة ترف للتطوير والاستثمار العقاري,,developer,,40,,الهيئة العامة للعقار — المنشآت المؤهلة (وافي),https://rega.gov.sa/en/rega-services/platforms/wafi-off-plan-sales-and-lease/?currentDeveloperPage=7&tabActive=Wafi+Developers,2026-10-01,40:شركة ترف للتطوير والاستثمار العقاري
شركة تركي عبدالله الوكيل,,developer,,2454,,الهيئة العامة للعقار — المنشآت المؤهلة (وافي),https://rega.gov.sa/en/rega-services/platforms/wafi-off-plan-sales-and-lease/?currentDeveloperPage=83&tabActive=Wafi+Developers,2026-10-01,2454:شركة تركي عبدالله الوكيل
شركة تزايد العقارية شركة شخص واحد,,developer,,954,,الهيئة العامة للعقار — المنشآت المؤهلة (وافي),https://rega.gov.sa/en/rega-services/platforms/wafi-off-plan-sales-and-lease/?currentDeveloperPage=31&tabActive=Wafi+Developers,2026-10-01,954:شركة تزايد العقارية شركة شخص واحد
شركة تشييد الأولى للتطوير العمراني شركة مساهمة مبسطة,,developer,,1599,,الهيئة العامة للعقار — المنشآت المؤهلة (وافي),https://rega.gov.sa/en/rega-services/platforms/wafi-off-plan-sales-and-lease/?currentDeveloperPage=43&tabActive=Wafi+Developers,2026-10-01,1599:شركة تشييد الأولى للتطوير العمراني شركة مساهمة مبسطة
شركة تشييد الأولى للتطوير العمراني شركة مساهمة مبسطة,,developer,,2081,,الهيئة العامة للعقار — المنشآت المؤهلة (وافي),https://rega.gov.sa/en/rega-services/platforms/wafi-off-plan-sales-and-lease/?currentDeveloperPage=42&tabActive=Wafi+Developers,2026-10-01,2081:شركة تشييد الأولى للتطوير العمراني شركة مساهمة مبسطة
شركة تشييد نجد للتطوير والاستثمار العقاري,,developer,,1029,,الهيئة العامة للعقار — المنشآت المؤهلة (وافي),https://rega.gov.sa/en/rega-services/platforms/wafi-off-plan-sales-and-lease/?currentDeveloperPage=41&tabActive=Wafi+Developers,2026-10-01,1029:شركة تشييد نجد للتطوير والاستثمار العقاري
شركة تشييد نجد للتطوير والاستثمار العقاري,,developer,,1612,,الهيئة العامة للعقار — المنشآت المؤهلة (وافي),https://rega.gov.sa/en/rega-services/platforms/wafi-off-plan-sales-and-lease/?currentDeveloperPage=54&tabActive=Wafi+Developers,2026-10-01,1612:شركة تشييد نجد للتطوير والاستثمار العقاري
شركة تطبيق وحدات للاستثمار,,developer,,1845,,الهيئة العامة للعقار — المنشآت المؤهلة (وافي),https://rega.gov.sa/en/rega-services/platforms/wafi-off-plan-sales-and-lease/?currentDeveloperPage=24&tabActive=Wafi+Developers,2026-10-01,1845:شركة تطبيق وحدات للاستثمار
شركة تطوير,,developer,,1443,,الهيئة العامة للعقار — المنشآت المؤهلة (وافي),https://rega.gov.sa/en/rega-services/platforms/wafi-off-plan-sales-and-lease/?currentDeveloperPage=92&tabActive=Wafi+Developers,2026-10-01,1443:شركة تطوير
شركة تطوير الاستثمار للتجارة والمقاولات شركة شخص واحد محدودة,,developer,,1395,,الهيئة العامة للعقار — المنشآت المؤهلة (وافي),https://rega.gov.sa/en/rega-services/platforms/wafi-off-plan-sales-and-lease/?currentDeveloperPage=11&tabActive=Wafi+Developers,2026-10-01,1395:شركة تطوير الاستثمار للتجارة والمقاولات شركة شخص واحد محدودة
شركة تطوير الجزيرة العقارية,,developer,,1771,,الهيئة العامة للعقار — المنشآت المؤهلة (وافي),https://rega.gov.sa/en/rega-services/platforms/wafi-off-plan-sales-and-lease/?currentDeveloperPage=19&tabActive=Wafi+Developers,2026-10-01,1771:شركة تطوير الجزيرة العقارية
شركة تطوير المربع الجديد مساهمة مقفلة,,developer,,1829,,الهيئة العامة للعقار — المنشآت المؤهلة (وافي),https://rega.gov.sa/en/rega-services/platforms/wafi-off-plan-sales-and-lease/?currentDeveloperPage=25&tabActive=Wafi+Developers,2026-10-01,1829:شركة تطوير المربع الجديد مساهمة مقفلة
شركة تطوير المشاريع الحديثه العقارية,,developer,,2562,,الهيئة العامة للعقار — المنشآت المؤهلة (وافي),https://rega.gov.sa/en/rega-services/platforms/wafi-off-plan-sales-and-lease/?currentDeveloperPage=92&tabActive=Wafi+Developers,2026-10-01,2562:شركة تطوير المشاريع الحديثه العقارية
شركة تطوير منطقة العقير شركة شخص واحد,,developer,,1453,,الهيئة العامة للعقار — المنشآت المؤهلة (وافي),https://rega.gov.sa/en/rega-services/platforms/wafi-off-plan-sales-and-lease/?currentDeveloperPage=65&tabActive=Wafi+Developers,2026-10-01,1453:شركة تطوير منطقة العقير شركة شخص واحد
شركة تطوير وسط مدينة الرياض شركة شخص واحد مساهمة مقفلة,,developer,,2213,,الهيئة العامة للعقار — المنشآت المؤهلة (وافي),https://rega.gov.sa/en/rega-services/platforms/wafi-off-plan-sales-and-lease/?currentDeveloperPage=61&tabActive=Wafi+Developers,2026-10-01,2213:شركة تطوير وسط مدينة الرياض شركة شخص واحد مساهمة مقفلة
شركة تعمير المتكاملة المحدودة,,developer,,2462,,الهيئة العامة للعقار — المنشآت المؤهلة (وافي),https://rega.gov.sa/en/rega-services/platforms/wafi-off-plan-sales-and-lease/?currentDeveloperPage=82&tabActive=Wafi+Developers,2026-10-01,2462:شركة تعمير المتكاملة المحدودة
شركة تعمير الوادي للمقاولات المعمارية,,developer,,2232,,الهيئة العامة للعقار — المنشآت المؤهلة (وافي),https://rega.gov.sa/en/rega-services/platforms/wafi-off-plan-sales-and-lease/?currentDeveloperPage=62&tabActive=Wafi+Developers,2026-10-01,2232:شركة تعمير الوادي للمقاولات المعمارية
شركة تفاصيل البناء العقارية شركة شخص واحد,,developer,,837,,الهيئة العامة للعقار — المنشآت المؤهلة (وافي),https://rega.gov.sa/en/rega-services/platforms/wafi-off-plan-sales-and-lease/?currentDeveloperPage=20&tabActive=Wafi+Developers,2026-10-01,837:شركة تفاصيل البناء العقارية شركة شخص واحد
شركة تكامل للتطوير والاستثمار العقاري,,developer,,1918,,الهيئة العامة للعقار — المنشآت المؤهلة (وافي),https://rega.gov.sa/en/rega-services/platforms/wafi-off-plan-sales-and-lease/?currentDeveloperPage=26&tabActive=Wafi+Developers,2026-10-01,1918:شركة تكامل للتطوير والاستثمار العقاري
شركة تكوين الوادي للمقاولات عامة,,developer,,2251,,الهيئة العامة للعقار — المنشآت المؤهلة (وافي),https://rega.gov.sa/en/rega-services/platforms/wafi-off-plan-sales-and-lease/?currentDeveloperPage=63&tabActive=Wafi+Developers,2026-10-01,2251:شركة تكوين الوادي للمقاولات عامة
شركة تكوين وبناء,,developer,,1961,,الهيئة العامة للعقار — المنشآت المؤهلة (وافي),https://rega.gov.sa/en/rega-services/platforms/wafi-off-plan-sales-and-lease/?currentDeveloperPage=34&tabActive=Wafi+Developers,2026-10-01,1961:شركة تكوين وبناء
شركة تلاد العقارية شركة شخص واحد,,developer,,931,,الهيئة العامة للعقار — المنشآت المؤهلة (وافي),https://rega.gov.sa/en/rega-services/platforms/wafi-off-plan-sales-and-lease/?currentDeveloperPage=27&tabActive=Wafi+Developers,2026-10-01,931:شركة تلاد العقارية شركة شخص واحد
شركة تلال الخزام للتطوير والاستثمار العقاري,,developer,,1641,,الهيئة العامة للعقار — المنشآت المؤهلة (وافي),https://rega.gov.sa/en/rega-services/platforms/wafi-off-plan-sales-and-lease/?currentDeveloperPage=13&tabActive=Wafi+Developers,2026-10-01,1641:شركة تلال الخزام للتطوير والاستثمار العقاري
شركة تلال العربية للتطوير العقاري,,developer,,2265,,الهيئة العامة للعقار — المنشآت المؤهلة (وافي),https://rega.gov.sa/en/rega-services/platforms/wafi-off-plan-sales-and-lease/?currentDeveloperPage=62&tabActive=Wafi+Developers,2026-10-01,2265:شركة تلال العربية للتطوير العقاري
شركة تمارا للمقاولات العامة,,developer,,2250,,الهيئة العامة للعقار — المنشآت المؤهلة (وافي),https://rega.gov.sa/en/rega-services/platforms/wafi-off-plan-sales-and-lease/?currentDeveloperPage=63&tabActive=Wafi+Developers,2026-10-01,2250:شركة تمارا للمقاولات العامة
شركة تمام العقارية,,developer,,39,,الهيئة العامة للعقار — المنشآت المؤهلة (وافي),https://rega.gov.sa/en/rega-services/platforms/wafi-off-plan-sales-and-lease/?currentDeveloperPage=7&tabActive=Wafi+Developers,2026-10-01,39:شركة تمام العقارية
شركة تمدن العقارية,,developer,,1580,,الهيئة العامة للعقار — المنشآت المؤهلة (وافي),https://rega.gov.sa/en/rega-services/platforms/wafi-off-plan-sales-and-lease/?currentDeveloperPage=26&tabActive=Wafi+Developers,2026-10-01,1580:شركة تمدن العقارية
شركة تمدن العقارية,,developer,,1851,,الهيئة العامة للعقار — المنشآت المؤهلة (وافي),https://rega.gov.sa/en/rega-services/platforms/wafi-off-plan-sales-and-lease/?currentDeveloperPage=26&tabActive=Wafi+Developers,2026-10-01,1851:شركة تمدن العقارية
شركة تمكين للاستثمار والتطوير العقاري مساهمه مقفله,,developer,,380,,الهيئة العامة للعقار — المنشآت المؤهلة (وافي),https://rega.gov.sa/en/rega-services/platforms/wafi-off-plan-sales-and-lease/?currentDeveloperPage=28&tabActive=Wafi+Developers,2026-10-01,380:شركة تمكين للاستثمار والتطوير العقاري مساهمه مقفله
شركة تمليك السلطان العقارية,,developer,,1552,,الهيئة العامة للعقار — المنشآت المؤهلة (وافي),https://rega.gov.sa/en/rega-services/platforms/wafi-off-plan-sales-and-lease/?currentDeveloperPage=15&tabActive=Wafi+Developers,2026-10-01,1552:شركة تمليك السلطان العقارية
شركة تمليك السلطان العقارية,,developer,,2114,,الهيئة العامة للعقار — المنشآت المؤهلة (وافي),https://rega.gov.sa/en/rega-services/platforms/wafi-off-plan-sales-and-lease/?currentDeveloperPage=41&tabActive=Wafi+Developers,2026-10-01,2114:شركة تمليك السلطان العقارية
شركة تمليك المنزل للتطوير العقاري,,developer,,1627,,الهيئة العامة للعقار — المنشآت المؤهلة (وافي),https://rega.gov.sa/en/rega-services/platforms/wafi-off-plan-sales-and-lease/?currentDeveloperPage=88&tabActive=Wafi+Developers,2026-10-01,1627:شركة تمليك المنزل للتطوير العقاري
شركة تمليك المنزل للتطوير العقاري,,developer,,2475,,الهيئة العامة للعقار — المنشآت المؤهلة (وافي),https://rega.gov.sa/en/rega-services/platforms/wafi-off-plan-sales-and-lease/?currentDeveloperPage=78&tabActive=Wafi+Developers,2026-10-01,2475:شركة تمليك المنزل للتطوير العقاري
شركة تميز عقارك للتطوير والاستثمار العقاري,,developer,,1385,,الهيئة العامة للعقار — المنشآت المؤهلة (وافي),https://rega.gov.sa/en/rega-services/platforms/wafi-off-plan-sales-and-lease/?currentDeveloperPage=5&tabActive=Wafi+Developers,2026-10-01,1385:شركة تميز عقارك للتطوير والاستثمار العقاري
شركة تنمية الحياة للتطوير العقاري شركة شخص واحد,,developer,,975,,الهيئة العامة للعقار — المنشآت المؤهلة (وافي),https://rega.gov.sa/en/rega-services/platforms/wafi-off-plan-sales-and-lease/?currentDeveloperPage=31&tabActive=Wafi+Developers,2026-10-01,975:شركة تنمية الحياة للتطوير العقاري شركة شخص واحد
شركة توافق العقارية شركة مساهمة سعودية مقفلة,,developer,,1900,,الهيئة العامة للعقار — المنشآت المؤهلة (وافي),https://rega.gov.sa/en/rega-services/platforms/wafi-off-plan-sales-and-lease/?currentDeveloperPage=29&tabActive=Wafi+Developers,2026-10-01,1900:شركة توافق العقارية شركة مساهمة سعودية مقفلة
شركة تيرافيا,,developer,,2115,,الهيئة العامة للعقار — المنشآت المؤهلة (وافي),https://rega.gov.sa/en/rega-services/platforms/wafi-off-plan-sales-and-lease/?currentDeveloperPage=35&tabActive=Wafi+Developers,2026-10-01,2115:شركة تيرافيا
شركة تيم ثرى المحدودة شركة شخص واحد,,developer,,23,,الهيئة العامة للعقار — المنشآت المؤهلة (وافي),https://rega.gov.sa/en/rega-services/platforms/wafi-off-plan-sales-and-lease/?currentDeveloperPage=6&tabActive=Wafi+Developers,2026-10-01,23:شركة تيم ثرى المحدودة شركة شخص واحد
شركة تيمار المحدودة شركة شخص واحد,,developer,,20,,الهيئة العامة للعقار — المنشآت المؤهلة (وافي),https://rega.gov.sa/en/rega-services/platforms/wafi-off-plan-sales-and-lease/?currentDeveloperPage=6&tabActive=Wafi+Developers,2026-10-01,20:شركة تيمار المحدودة شركة شخص واحد
شركة تينا الوطنية للتطوير العقاري,,developer,,1799,,الهيئة العامة للعقار — المنشآت المؤهلة (وافي),https://rega.gov.sa/en/rega-services/platforms/wafi-off-plan-sales-and-lease/?currentDeveloperPage=22&tabActive=Wafi+Developers,2026-10-01,1799:شركة تينا الوطنية للتطوير العقاري
شركة ثرا الاولى العقارية,,developer,,2109,,الهيئة العامة للعقار — المنشآت المؤهلة (وافي),https://rega.gov.sa/en/rega-services/platforms/wafi-off-plan-sales-and-lease/?currentDeveloperPage=47&tabActive=Wafi+Developers,2026-10-01,2109:شركة ثرا الاولى العقارية
شركة ثراء السادسة عشر العقارية,,developer,,2257,,الهيئة العامة للعقار — المنشآت المؤهلة (وافي),https://rega.gov.sa/en/rega-services/platforms/wafi-off-plan-sales-and-lease/?currentDeveloperPage=62&tabActive=Wafi+Developers,2026-10-01,2257:شركة ثراء السادسة عشر العقارية
شركة ثروات الربوة للتطوير العقاري شركة شخص واحد,,developer,,1663,,الهيئة العامة للعقار — المنشآت المؤهلة (وافي),https://rega.gov.sa/en/rega-services/platforms/wafi-off-plan-sales-and-lease/?currentDeveloperPage=12&tabActive=Wafi+Developers,2026-10-01,1663:شركة ثروات الربوة للتطوير العقاري شركة شخص واحد
شركة ثروات نجد العقارية,,developer,,2549,,الهيئة العامة للعقار — المنشآت المؤهلة (وافي),https://rega.gov.sa/en/rega-services/platforms/wafi-off-plan-sales-and-lease/?currentDeveloperPage=91&tabActive=Wafi+Developers,2026-10-01,2549:شركة ثروات نجد العقارية
شركة ثروه السعودية للتطوير العقاري,,developer,,752,,الهيئة العامة للعقار — المنشآت المؤهلة (وافي),https://rega.gov.sa/en/rega-services/platforms/wafi-off-plan-sales-and-lease/?currentDeveloperPage=14&tabActive=Wafi+Developers,2026-10-01,752:شركة ثروه السعودية للتطوير العقاري
شركة ثقة الشرق للتطوير العقاري,,developer,,2380,,الهيئة العامة للعقار — المنشآت المؤهلة (وافي),https://rega.gov.sa/en/rega-services/platforms/wafi-off-plan-sales-and-lease/?currentDeveloperPage=74&tabActive=Wafi+Developers,2026-10-01,2380:شركة ثقة الشرق للتطوير العقاري
شركة ثقه التطوير للمقاولات,,developer,,2367,,الهيئة العامة للعقار — المنشآت المؤهلة (وافي),https://rega.gov.sa/en/rega-services/platforms/wafi-off-plan-sales-and-lease/?currentDeveloperPage=68&tabActive=Wafi+Developers,2026-10-01,2367:شركة ثقه التطوير للمقاولات
شركة جادة الستين للتطوير العقاري,,developer,,1919,,الهيئة العامة للعقار — المنشآت المؤهلة (وافي),https://rega.gov.sa/en/rega-services/platforms/wafi-off-plan-sales-and-lease/?currentDeveloperPage=31&tabActive=Wafi+Developers,2026-10-01,1919:شركة جادة الستين للتطوير العقاري
شركة جادة المشاريع للتطوير العقاري,,developer,,14,,الهيئة العامة للعقار — المنشآت المؤهلة (وافي),https://rega.gov.sa/en/rega-services/platforms/wafi-off-plan-sales-and-lease/?currentDeveloperPage=6&tabActive=Wafi+Developers,2026-10-01,14:شركة جادة المشاريع للتطوير العقاري
شركة جادة المشاريع للتطوير العقاري,,developer,,2177,,الهيئة العامة للعقار — المنشآت المؤهلة (وافي),https://rega.gov.sa/en/rega-services/platforms/wafi-off-plan-sales-and-lease/?currentDeveloperPage=56&tabActive=Wafi+Developers,2026-10-01,2177:شركة جادة المشاريع للتطوير العقاري
شركة جدارة للعقارات,,developer,,2385,,الهيئة العامة للعقار — المنشآت المؤهلة (وافي),https://rega.gov.sa/en/rega-services/platforms/wafi-off-plan-sales-and-lease/?currentDeveloperPage=72&tabActive=Wafi+Developers,2026-10-01,2385:شركة جدارة للعقارات
شركة جدروا,,developer,,1534,,الهيئة العامة للعقار — المنشآت المؤهلة (وافي),https://rega.gov.sa/en/rega-services/platforms/wafi-off-plan-sales-and-lease/?currentDeveloperPage=4&tabActive=Wafi+Developers,2026-10-01,1534:شركة جدروا
شركة جدوى البساتين للعقارات شركة شخص واحد,,developer,,505,,الهيئة العامة للعقار — المنشآت المؤهلة (وافي),https://rega.gov.sa/en/rega-services/platforms/wafi-off-plan-sales-and-lease/?currentDeveloperPage=16&tabActive=Wafi+Developers,2026-10-01,505:شركة جدوى البساتين للعقارات شركة شخص واحد
شركة جروفا تلال,,developer,,2136,,الهيئة العامة للعقار — المنشآت المؤهلة (وافي),https://rega.gov.sa/en/rega-services/platforms/wafi-off-plan-sales-and-lease/?currentDeveloperPage=49&tabActive=Wafi+Developers,2026-10-01,2136:شركة جروفا تلال
شركة جرير العقارية,,developer,,2260,,الهيئة العامة للعقار — المنشآت المؤهلة (وافي),https://rega.gov.sa/en/rega-services/platforms/wafi-off-plan-sales-and-lease/?currentDeveloperPage=65&tabActive=Wafi+Developers,2026-10-01,2260:شركة جرير العقارية
شركة جزر السعادة للعقارات,,developer,,1762,,الهيئة العامة للعقار — المنشآت المؤهلة (وافي),https://rega.gov.sa/en/rega-services/platforms/wafi-off-plan-sales-and-lease/?currentDeveloperPage=18&tabActive=Wafi+Developers,2026-10-01,1762:شركة جزر السعادة للعقارات
شركة جزيل البناء,,developer,,2287,,الهيئة العامة للعقار — المنشآت المؤهلة (وافي),https://rega.gov.sa/en/rega-services/platforms/wafi-off-plan-sales-and-lease/?currentDeveloperPage=66&tabActive=Wafi+Developers,2026-10-01,2287:شركة جزيل البناء
شركة جزيل التشييد للتطوير العقاري,,developer,,1532,,الهيئة العامة للعقار — المنشآت المؤهلة (وافي),https://rega.gov.sa/en/rega-services/platforms/wafi-off-plan-sales-and-lease/?currentDeveloperPage=4&tabActive=Wafi+Developers,2026-10-01,1532:شركة جزيل التشييد للتطوير العقاري
شركة جسور العقارية,,developer,,1583,,الهيئة العامة للعقار — المنشآت المؤهلة (وافي),https://rega.gov.sa/en/rega-services/platforms/wafi-off-plan-sales-and-lease/?currentDeveloperPage=26&tabActive=Wafi+Developers,2026-10-01,1583:شركة جسور العقارية
شركة جسور العقارية,,developer,,1801,,الهيئة العامة للعقار — المنشآت المؤهلة (وافي),https://rega.gov.sa/en/rega-services/platforms/wafi-off-plan-sales-and-lease/?currentDeveloperPage=21&tabActive=Wafi+Developers,2026-10-01,1801:شركة جسور العقارية
شركة جسور المتحدة القابضة,,developer,,2381,,الهيئة العامة للعقار — المنشآت المؤهلة (وافي),https://rega.gov.sa/en/rega-services/platforms/wafi-off-plan-sales-and-lease/?currentDeveloperPage=74&tabActive=Wafi+Developers,2026-10-01,2381:شركة جسور المتحدة القابضة
شركة جسور كابيتال,,developer,,2137,,الهيئة العامة للعقار — المنشآت المؤهلة (وافي),https://rega.gov.sa/en/rega-services/platforms/wafi-off-plan-sales-and-lease/?currentDeveloperPage=49&tabActive=Wafi+Developers,2026-10-01,2137:شركة جسور كابيتال
شركة جمارا للتطوير العقاري شركة شخص واحد,,developer,,2430,,الهيئة العامة للعقار — المنشآت المؤهلة (وافي),https://rega.gov.sa/en/rega-services/platforms/wafi-off-plan-sales-and-lease/?currentDeveloperPage=81&tabActive=Wafi+Developers,2026-10-01,2430:شركة جمارا للتطوير العقاري شركة شخص واحد
شركة جنان فدك للتطوير والاستثمار العقاري شركة مساهمة غير مدرجة,,developer,,917,,الهيئة العامة للعقار — المنشآت المؤهلة (وافي),https://rega.gov.sa/en/rega-services/platforms/wafi-off-plan-sales-and-lease/?currentDeveloperPage=26&tabActive=Wafi+Developers,2026-10-01,917:شركة جنان فدك للتطوير والاستثمار العقاري شركة مساهمة غير مدرجة
شركة جوار الاولى العقارية,,developer,,1521,,الهيئة العامة للعقار — المنشآت المؤهلة (وافي),https://rega.gov.sa/en/rega-services/platforms/wafi-off-plan-sales-and-lease/?currentDeveloperPage=27&tabActive=Wafi+Developers,2026-10-01,1521:شركة جوار الاولى العقارية
شركة جوار العربية العقارية,,developer,,1698,,الهيئة العامة للعقار — المنشآت المؤهلة (وافي),https://rega.gov.sa/en/rega-services/platforms/wafi-off-plan-sales-and-lease/?currentDeveloperPage=16&tabActive=Wafi+Developers,2026-10-01,1698:شركة جوار العربية العقارية
شركة جود العمارة للتطوير والاستثمار العقاري شركة شخص واحد,,developer,,1120,,الهيئة العامة للعقار — المنشآت المؤهلة (وافي),https://rega.gov.sa/en/rega-services/platforms/wafi-off-plan-sales-and-lease/?currentDeveloperPage=19&tabActive=Wafi+Developers,2026-10-01,1120:شركة جود العمارة للتطوير والاستثمار العقاري شركة شخص واحد
شركة جوهرة رواس للتطوير العقاري شركة شخص واحد,,developer,,1076,,الهيئة العامة للعقار — المنشآت المؤهلة (وافي),https://rega.gov.sa/en/rega-services/platforms/wafi-off-plan-sales-and-lease/?currentDeveloperPage=51&tabActive=Wafi+Developers,2026-10-01,1076:شركة جوهرة رواس للتطوير العقاري شركة شخص واحد
شركة جيدانة العقارية شركة شخص واحد,,developer,,1701,,الهيئة العامة للعقار — المنشآت المؤهلة (وافي),https://rega.gov.sa/en/rega-services/platforms/wafi-off-plan-sales-and-lease/?currentDeveloperPage=50&tabActive=Wafi+Developers,2026-10-01,1701:شركة جيدانة العقارية شركة شخص واحد
شركة حسام محمد العاطفي للتطوير والاستثمار العقاري,,developer,,1491,,الهيئة العامة للعقار — المنشآت المؤهلة (وافي),https://rega.gov.sa/en/rega-services/platforms/wafi-off-plan-sales-and-lease/?currentDeveloperPage=47&tabActive=Wafi+Developers,2026-10-01,1491:شركة حسام محمد العاطفي للتطوير والاستثمار العقاري
شركة حسم البنيان العقارية,,developer,,2446,,الهيئة العامة للعقار — المنشآت المؤهلة (وافي),https://rega.gov.sa/en/rega-services/platforms/wafi-off-plan-sales-and-lease/?currentDeveloperPage=80&tabActive=Wafi+Developers,2026-10-01,2446:شركة حسم البنيان العقارية
شركة حسين ابن عبد الله آل شويل,,developer,,2041,,الهيئة العامة للعقار — المنشآت المؤهلة (وافي),https://rega.gov.sa/en/rega-services/platforms/wafi-off-plan-sales-and-lease/?currentDeveloperPage=42&tabActive=Wafi+Developers,2026-10-01,2041:شركة حسين ابن عبد الله آل شويل
شركة حفظ مدينة النسيم للاستثمار,,developer,,1512,,الهيئة العامة للعقار — المنشآت المؤهلة (وافي),https://rega.gov.sa/en/rega-services/platforms/wafi-off-plan-sales-and-lease/?currentDeveloperPage=12&tabActive=Wafi+Developers,2026-10-01,1512:شركة حفظ مدينة النسيم للاستثمار
شركة حكاية منزال,,developer,,2111,,الهيئة العامة للعقار — المنشآت المؤهلة (وافي),https://rega.gov.sa/en/rega-services/platforms/wafi-off-plan-sales-and-lease/?currentDeveloperPage=43&tabActive=Wafi+Developers,2026-10-01,2111:شركة حكاية منزال
شركة حلول التطوير العقارية,,developer,,2463,,الهيئة العامة للعقار — المنشآت المؤهلة (وافي),https://rega.gov.sa/en/rega-services/platforms/wafi-off-plan-sales-and-lease/?currentDeveloperPage=81&tabActive=Wafi+Developers,2026-10-01,2463:شركة حلول التطوير العقارية
شركة حلول فادن العقارية,,developer,,2364,,الهيئة العامة للعقار — المنشآت المؤهلة (وافي),https://rega.gov.sa/en/rega-services/platforms/wafi-off-plan-sales-and-lease/?currentDeveloperPage=70&tabActive=Wafi+Developers,2026-10-01,2364:شركة حلول فادن العقارية
شركة حمد الزامل العقارية,,developer,,711,,الهيئة العامة للعقار — المنشآت المؤهلة (وافي),https://rega.gov.sa/en/rega-services/platforms/wafi-off-plan-sales-and-lease/?currentDeveloperPage=15&tabActive=Wafi+Developers,2026-10-01,711:شركة حمد الزامل العقارية
شركة حمد محمد بن سعيدان العقارية,,developer,,1,,الهيئة العامة للعقار — المنشآت المؤهلة (وافي),https://rega.gov.sa/en/rega-services/platforms/wafi-off-plan-sales-and-lease/?currentDeveloperPage=5&tabActive=Wafi+Developers,2026-10-01,1:شركة حمد محمد بن سعيدان العقارية
شركة حمد محمد بن سعيدان العقارية,,developer,,1326,,الهيئة العامة للعقار — المنشآت المؤهلة (وافي),https://rega.gov.sa/en/rega-services/platforms/wafi-off-plan-sales-and-lease/?currentDeveloperPage=48&tabActive=Wafi+Developers,2026-10-01,1326:شركة حمد محمد بن سعيدان العقارية
شركة حوي المنزل,,developer,,2007,,الهيئة العامة للعقار — المنشآت المؤهلة (وافي),https://rega.gov.sa/en/rega-services/platforms/wafi-off-plan-sales-and-lease/?currentDeveloperPage=38&tabActive=Wafi+Developers,2026-10-01,2007:شركة حوي المنزل
شركة حيازه للتطوير العقاري,,developer,,2029,,الهيئة العامة للعقار — المنشآت المؤهلة (وافي),https://rega.gov.sa/en/rega-services/platforms/wafi-off-plan-sales-and-lease/?currentDeveloperPage=39&tabActive=Wafi+Developers,2026-10-01,2029:شركة حيازه للتطوير العقاري
شركة خارطة الأصول العقارية,,developer,,1983,,الهيئة العامة للعقار — المنشآت المؤهلة (وافي),https://rega.gov.sa/en/rega-services/platforms/wafi-off-plan-sales-and-lease/?currentDeveloperPage=35&tabActive=Wafi+Developers,2026-10-01,1983:شركة خارطة الأصول العقارية
شركة خطوط المستقبل العقارية,,developer,,1932,,الهيئة العامة للعقار — المنشآت المؤهلة (وافي),https://rega.gov.sa/en/rega-services/platforms/wafi-off-plan-sales-and-lease/?currentDeveloperPage=29&tabActive=Wafi+Developers,2026-10-01,1932:شركة خطوط المستقبل العقارية
شركة خوالد العقارية,,developer,,1131,,الهيئة العامة للعقار — المنشآت المؤهلة (وافي),https://rega.gov.sa/en/rega-services/platforms/wafi-off-plan-sales-and-lease/?currentDeveloperPage=20&tabActive=Wafi+Developers,2026-10-01,1131:شركة خوالد العقارية
شركة خيال العقارية قابضة,,developer,,1965,,الهيئة العامة للعقار — المنشآت المؤهلة (وافي),https://rega.gov.sa/en/rega-services/platforms/wafi-off-plan-sales-and-lease/?currentDeveloperPage=36&tabActive=Wafi+Developers,2026-10-01,1965:شركة خيال العقارية قابضة
شركة دار الأركان العقارية,,developer,,2492,,الهيئة العامة للعقار — المنشآت المؤهلة (وافي),https://rega.gov.sa/en/rega-services/platforms/wafi-off-plan-sales-and-lease/?currentDeveloperPage=87&tabActive=Wafi+Developers,2026-10-01,2492:شركة دار الأركان العقارية
شركة دار الاركان للتطوير العقاري,,developer,,2494,,الهيئة العامة للعقار — المنشآت المؤهلة (وافي),https://rega.gov.sa/en/rega-services/platforms/wafi-off-plan-sales-and-lease/?currentDeveloperPage=87&tabActive=Wafi+Developers,2026-10-01,2494:شركة دار الاركان للتطوير العقاري
شركة دار العز للعقار,,developer,,2219,,الهيئة العامة للعقار — المنشآت المؤهلة (وافي),https://rega.gov.sa/en/rega-services/platforms/wafi-off-plan-sales-and-lease/?currentDeveloperPage=61&tabActive=Wafi+Developers,2026-10-01,2219:شركة دار العز للعقار
شركة دار القمم العقارية مساهمة مقفلة,,developer,,12,,الهيئة العامة للعقار — المنشآت المؤهلة (وافي),https://rega.gov.sa/en/rega-services/platforms/wafi-off-plan-sales-and-lease/?currentDeveloperPage=6&tabActive=Wafi+Developers,2026-10-01,12:شركة دار القمم العقارية مساهمة مقفلة
شركة دار الكفاءة للتطوير العقاري,,developer,,2435,,الهيئة العامة للعقار — المنشآت المؤهلة (وافي),https://rega.gov.sa/en/rega-services/platforms/wafi-off-plan-sales-and-lease/?currentDeveloperPage=79&tabActive=Wafi+Developers,2026-10-01,2435:شركة دار الكفاءة للتطوير العقاري
شركة دار الماجد العقارية مساهمة مقفلة,,developer,,45,,الهيئة العامة للعقار — المنشآت المؤهلة (وافي),https://rega.gov.sa/en/rega-services/platforms/wafi-off-plan-sales-and-lease/?currentDeveloperPage=10&tabActive=Wafi+Developers,2026-10-01,45:شركة دار الماجد العقارية مساهمة مقفلة
شركة دار الملز العقارية,,developer,,2295,,الهيئة العامة للعقار — المنشآت المؤهلة (وافي),https://rega.gov.sa/en/rega-services/platforms/wafi-off-plan-sales-and-lease/?currentDeveloperPage=63&tabActive=Wafi+Developers,2026-10-01,2295:شركة دار الملز العقارية
شركة دار بيات للتطوير والاستثمار العقاري,,developer,,1495,,الهيئة العامة للعقار — المنشآت المؤهلة (وافي),https://rega.gov.sa/en/rega-services/platforms/wafi-off-plan-sales-and-lease/?currentDeveloperPage=78&tabActive=Wafi+Developers,2026-10-01,1495:شركة دار بيات للتطوير والاستثمار العقاري
شركة دار قلوبال هولدينجز العقارية,,developer,,1468,,الهيئة العامة للعقار — المنشآت المؤهلة (وافي),https://rega.gov.sa/en/rega-services/platforms/wafi-off-plan-sales-and-lease/?currentDeveloperPage=5&tabActive=Wafi+Developers,2026-10-01,1468:شركة دار قلوبال هولدينجز العقارية
شركة دار للتطوير العقاري,,developer,,1929,,الهيئة العامة للعقار — المنشآت المؤهلة (وافي),https://rega.gov.sa/en/rega-services/platforms/wafi-off-plan-sales-and-lease/?currentDeveloperPage=30&tabActive=Wafi+Developers,2026-10-01,1929:شركة دار للتطوير العقاري
شركة دار موسى للاستثمار التجاري والعقاري مساهمة مبسطة,,developer,,1831,,الهيئة العامة للعقار — المنشآت المؤهلة (وافي),https://rega.gov.sa/en/rega-services/platforms/wafi-off-plan-sales-and-lease/?currentDeveloperPage=24&tabActive=Wafi+Developers,2026-10-01,1831:شركة دار موسى للاستثمار التجاري والعقاري مساهمة مبسطة
شركة دار وإعمار للإستثمار والتطوير العقاري,,developer,,413,,الهيئة العامة للعقار — المنشآت المؤهلة (وافي),https://rega.gov.sa/en/rega-services/platforms/wafi-off-plan-sales-and-lease/?currentDeveloperPage=71&tabActive=Wafi+Developers,2026-10-01,413:شركة دار وإعمار للإستثمار والتطوير العقاري
شركة دارا للتطوير العقاري,,developer,,746,,الهيئة العامة للعقار — المنشآت المؤهلة (وافي),https://rega.gov.sa/en/rega-services/platforms/wafi-off-plan-sales-and-lease/?currentDeveloperPage=11&tabActive=Wafi+Developers,2026-10-01,746:شركة دارا للتطوير العقاري
شركة دارة رواس العقارية,,developer,,1865,,الهيئة العامة للعقار — المنشآت المؤهلة (وافي),https://rega.gov.sa/en/rega-services/platforms/wafi-off-plan-sales-and-lease/?currentDeveloperPage=26&tabActive=Wafi+Developers,2026-10-01,1865:شركة دارة رواس العقارية
شركة دارك المثالية العقارية شركة شخص واحد,,developer,,50,,الهيئة العامة للعقار — المنشآت المؤهلة (وافي),https://rega.gov.sa/en/rega-services/platforms/wafi-off-plan-sales-and-lease/?currentDeveloperPage=10&tabActive=Wafi+Developers,2026-10-01,50:شركة دارك المثالية العقارية شركة شخص واحد
شركة دال المستقبل للتطوير والاستثمار العقاري شخص واحد,,developer,,1792,,الهيئة العامة للعقار — المنشآت المؤهلة (وافي),https://rega.gov.sa/en/rega-services/platforms/wafi-off-plan-sales-and-lease/?currentDeveloperPage=21&tabActive=Wafi+Developers,2026-10-01,1792:شركة دال المستقبل للتطوير والاستثمار العقاري شخص واحد
شركة دام الحديثة للتطوير والاستثمار العقاري,,developer,,1525,,الهيئة العامة للعقار — المنشآت المؤهلة (وافي),https://rega.gov.sa/en/rega-services/platforms/wafi-off-plan-sales-and-lease/?currentDeveloperPage=8&tabActive=Wafi+Developers,2026-10-01,1525:شركة دام الحديثة للتطوير والاستثمار العقاري
شركة دانانتارا بيركاه لاند,,developer,,2566,,الهيئة العامة للعقار — المنشآت المؤهلة (وافي),https://rega.gov.sa/en/rega-services/platforms/wafi-off-plan-sales-and-lease/?currentDeveloperPage=91&tabActive=Wafi+Developers,2026-10-01,2566:شركة دانانتارا بيركاه لاند
شركة دانة العقارية,,developer,,2236,,الهيئة العامة للعقار — المنشآت المؤهلة (وافي),https://rega.gov.sa/en/rega-services/platforms/wafi-off-plan-sales-and-lease/?currentDeveloperPage=53&tabActive=Wafi+Developers,2026-10-01,2236:شركة دانة العقارية
شركة دؤوم العقارية,,developer,,1043,,الهيئة العامة للعقار — المنشآت المؤهلة (وافي),https://rega.gov.sa/en/rega-services/platforms/wafi-off-plan-sales-and-lease/?currentDeveloperPage=58&tabActive=Wafi+Developers,2026-10-01,1043:شركة دؤوم العقارية
شركة داون تاون السعودية شركة شخص واحد مساهمة مقفلة,,developer,,2005,,الهيئة العامة للعقار — المنشآت المؤهلة (وافي),https://rega.gov.sa/en/rega-services/platforms/wafi-off-plan-sales-and-lease/?currentDeveloperPage=39&tabActive=Wafi+Developers,2026-10-01,2005:شركة داون تاون السعودية شركة شخص واحد مساهمة مقفلة
شركة درة أفق البحر,,developer,,2070,,الهيئة العامة للعقار — المنشآت المؤهلة (وافي),https://rega.gov.sa/en/rega-services/platforms/wafi-off-plan-sales-and-lease/?currentDeveloperPage=42&tabActive=Wafi+Developers,2026-10-01,2070:شركة درة أفق البحر
شركة درة البناء والعمران للتطوير العقاري,,developer,,2074,,الهيئة العامة للعقار — المنشآت المؤهلة (وافي),https://rega.gov.sa/en/rega-services/platforms/wafi-off-plan-sales-and-lease/?currentDeveloperPage=46&tabActive=Wafi+Developers,2026-10-01,2074:شركة درة البناء والعمران للتطوير العقاري
شركة درة الذهبية للتطوير العقاري شركة شخص واحد,,developer,,980,,الهيئة العامة للعقار — المنشآت المؤهلة (وافي),https://rega.gov.sa/en/rega-services/platforms/wafi-off-plan-sales-and-lease/?currentDeveloperPage=34&tabActive=Wafi+Developers,2026-10-01,980:شركة درة الذهبية للتطوير العقاري شركة شخص واحد
شركة درة الزمرد العقارية,,developer,,1927,,الهيئة العامة للعقار — المنشآت المؤهلة (وافي),https://rega.gov.sa/en/rega-services/platforms/wafi-off-plan-sales-and-lease/?currentDeveloperPage=30&tabActive=Wafi+Developers,2026-10-01,1927:شركة درة الزمرد العقارية
شركة درة المباني للتطوير والاستثمار العقاري,,developer,,2185,,الهيئة العامة للعقار — المنشآت المؤهلة (وافي),https://rega.gov.sa/en/rega-services/platforms/wafi-off-plan-sales-and-lease/?currentDeveloperPage=56&tabActive=Wafi+Developers,2026-10-01,2185:شركة درة المباني للتطوير والاستثمار العقاري
شركة درة المربع الذهبي للاستثمار,,developer,,1910,,الهيئة العامة للعقار — المنشآت المؤهلة (وافي),https://rega.gov.sa/en/rega-services/platforms/wafi-off-plan-sales-and-lease/?currentDeveloperPage=29&tabActive=Wafi+Developers,2026-10-01,1910:شركة درة المربع الذهبي للاستثمار
شركة درة المعمار للتطوير العقاري,,developer,,1624,,الهيئة العامة للعقار — المنشآت المؤهلة (وافي),https://rega.gov.sa/en/rega-services/platforms/wafi-off-plan-sales-and-lease/?currentDeveloperPage=11&tabActive=Wafi+Developers,2026-10-01,1624:شركة درة المعمار للتطوير العقاري
شركة درفة المتحدة,,developer,,2323,,الهيئة العامة للعقار — المنشآت المؤهلة (وافي),https://rega.gov.sa/en/rega-services/platforms/wafi-off-plan-sales-and-lease/?currentDeveloperPage=70&tabActive=Wafi+Developers,2026-10-01,2323:شركة درفة المتحدة
شركة دلالكم العالمية للتنمية والتطوير العقاري المحدودة,,developer,,1823,,الهيئة العامة للعقار — المنشآت المؤهلة (وافي),https://rega.gov.sa/en/rega-services/platforms/wafi-off-plan-sales-and-lease/?currentDeveloperPage=20&tabActive=Wafi+Developers,2026-10-01,1823:شركة دلالكم العالمية للتنمية والتطوير العقاري المحدودة
شركة دليل العقارية,,developer,,721,,الهيئة العامة للعقار — المنشآت المؤهلة (وافي),https://rega.gov.sa/en/rega-services/platforms/wafi-off-plan-sales-and-lease/?currentDeveloperPage=20&tabActive=Wafi+Developers,2026-10-01,721:شركة دليل العقارية
شركة دماثة للتطوير العقاري,,developer,,2246,,الهيئة العامة للعقار — المنشآت المؤهلة (وافي),https://rega.gov.sa/en/rega-services/platforms/wafi-off-plan-sales-and-lease/?currentDeveloperPage=43&tabActive=Wafi+Developers,2026-10-01,2246:شركة دماثة للتطوير العقاري
شركة دور أبيان للتطوير العقاري,,developer,,1631,,الهيئة العامة للعقار — المنشآت المؤهلة (وافي),https://rega.gov.sa/en/rega-services/platforms/wafi-off-plan-sales-and-lease/?currentDeveloperPage=11&tabActive=Wafi+Developers,2026-10-01,1631:شركة دور أبيان للتطوير العقاري
شركة دور السعادة المتميزه,,developer,,2507,,الهيئة العامة للعقار — المنشآت المؤهلة (وافي),https://rega.gov.sa/en/rega-services/platforms/wafi-off-plan-sales-and-lease/?currentDeveloperPage=87&tabActive=Wafi+Developers,2026-10-01,2507:شركة دور السعادة المتميزه
شركة دور العقارية للعقارات المحدودة,,developer,,1551,,الهيئة العامة للعقار — المنشآت المؤهلة (وافي),https://rega.gov.sa/en/rega-services/platforms/wafi-off-plan-sales-and-lease/?currentDeveloperPage=14&tabActive=Wafi+Developers,2026-10-01,1551:شركة دور العقارية للعقارات المحدودة
شركة دور العمران العقارية,,developer,,2301,,الهيئة العامة للعقار — المنشآت المؤهلة (وافي),https://rega.gov.sa/en/rega-services/platforms/wafi-off-plan-sales-and-lease/?currentDeveloperPage=67&tabActive=Wafi+Developers,2026-10-01,2301:شركة دور العمران العقارية
شركة دور الغدير العقارية,,developer,,2368,,الهيئة العامة للعقار — المنشآت المؤهلة (وافي),https://rega.gov.sa/en/rega-services/platforms/wafi-off-plan-sales-and-lease/?currentDeveloperPage=62&tabActive=Wafi+Developers,2026-10-01,2368:شركة دور الغدير العقارية
شركة دور المجد للتطوير والاستثمار العقاريشركة ذات مسؤلية محدودة,,developer,,2238,,الهيئة العامة للعقار — المنشآت المؤهلة (وافي),https://rega.gov.sa/en/rega-services/platforms/wafi-off-plan-sales-and-lease/?currentDeveloperPage=39&tabActive=Wafi+Developers,2026-10-01,2238:شركة دور المجد للتطوير والاستثمار العقاريشركة ذات مسؤلية محدودة
شركة دور المشاريع,,developer,,2356,,الهيئة العامة للعقار — المنشآت المؤهلة (وافي),https://rega.gov.sa/en/rega-services/platforms/wafi-off-plan-sales-and-lease/?currentDeveloperPage=62&tabActive=Wafi+Developers,2026-10-01,2356:شركة دور المشاريع
شركة دور رملة الفندقية,,developer,,1913,,الهيئة العامة للعقار — المنشآت المؤهلة (وافي),https://rega.gov.sa/en/rega-services/platforms/wafi-off-plan-sales-and-lease/?currentDeveloperPage=30&tabActive=Wafi+Developers,2026-10-01,1913:شركة دور رملة الفندقية
شركة دور عربية للتطوير والاستثمار العقاري,,developer,,2135,,الهيئة العامة للعقار — المنشآت المؤهلة (وافي),https://rega.gov.sa/en/rega-services/platforms/wafi-off-plan-sales-and-lease/?currentDeveloperPage=50&tabActive=Wafi+Developers,2026-10-01,2135:شركة دور عربية للتطوير والاستثمار العقاري
شركة دور وقصور المتكاملة,,developer,,2209,,الهيئة العامة للعقار — المنشآت المؤهلة (وافي),https://rega.gov.sa/en/rega-services/platforms/wafi-off-plan-sales-and-lease/?currentDeveloperPage=58&tabActive=Wafi+Developers,2026-10-01,2209:شركة دور وقصور المتكاملة
شركة ديار أصيله للتطوير العقاري,,developer,,2128,,الهيئة العامة للعقار — المنشآت المؤهلة (وافي),https://rega.gov.sa/en/rega-services/platforms/wafi-off-plan-sales-and-lease/?currentDeveloperPage=53&tabActive=Wafi+Developers,2026-10-01,2128:شركة ديار أصيله للتطوير العقاري
شركة ديار الاولى للعقارات شركة شخص واحد,,developer,,2194,,الهيئة العامة للعقار — المنشآت المؤهلة (وافي),https://rega.gov.sa/en/rega-services/platforms/wafi-off-plan-sales-and-lease/?currentDeveloperPage=57&tabActive=Wafi+Developers,2026-10-01,2194:شركة ديار الاولى للعقارات شركة شخص واحد
شركة ديار البنيان العقارية,,developer,,2335,,الهيئة العامة للعقار — المنشآت المؤهلة (وافي),https://rega.gov.sa/en/rega-services/platforms/wafi-off-plan-sales-and-lease/?currentDeveloperPage=69&tabActive=Wafi+Developers,2026-10-01,2335:شركة ديار البنيان العقارية
شركة ديار الجوار المحدودة,,developer,,1868,,الهيئة العامة للعقار — المنشآت المؤهلة (وافي),https://rega.gov.sa/en/rega-services/platforms/wafi-off-plan-sales-and-lease/?currentDeveloperPage=27&tabActive=Wafi+Developers,2026-10-01,1868:شركة ديار الجوار المحدودة
شركة ديار الخزامي للتنمية العقارية مساهمة مقفلة,,developer,,2273,,الهيئة العامة للعقار — المنشآت المؤهلة (وافي),https://rega.gov.sa/en/rega-services/platforms/wafi-off-plan-sales-and-lease/?currentDeveloperPage=63&tabActive=Wafi+Developers,2026-10-01,2273:شركة ديار الخزامي للتنمية العقارية مساهمة مقفلة
شركة ديار الرائدة للتطوير والاستثمار العقاري,,developer,,1520,,الهيئة العامة للعقار — المنشآت المؤهلة (وافي),https://rega.gov.sa/en/rega-services/platforms/wafi-off-plan-sales-and-lease/?currentDeveloperPage=15&tabActive=Wafi+Developers,2026-10-01,1520:شركة ديار الرائدة للتطوير والاستثمار العقاري
شركة ديار الرائدة للمقاولات عامة,,developer,,1095,,الهيئة العامة للعقار — المنشآت المؤهلة (وافي),https://rega.gov.sa/en/rega-services/platforms/wafi-off-plan-sales-and-lease/?currentDeveloperPage=49&tabActive=Wafi+Developers,2026-10-01,1095:شركة ديار الرائدة للمقاولات عامة
شركة ديار الشاملة للتطوير والاستثمار العقاري,,developer,,1945,,الهيئة العامة للعقار — المنشآت المؤهلة (وافي),https://rega.gov.sa/en/rega-services/platforms/wafi-off-plan-sales-and-lease/?currentDeveloperPage=32&tabActive=Wafi+Developers,2026-10-01,1945:شركة ديار الشاملة للتطوير والاستثمار العقاري
شركة ديار العصرية العقارية,,developer,,1575,,الهيئة العامة للعقار — المنشآت المؤهلة (وافي),https://rega.gov.sa/en/rega-services/platforms/wafi-off-plan-sales-and-lease/?currentDeveloperPage=8&tabActive=Wafi+Developers,2026-10-01,1575:شركة ديار العصرية العقارية
شركة ديار المنار المتحدة المحدودة,,developer,,1555,,الهيئة العامة للعقار — المنشآت المؤهلة (وافي),https://rega.gov.sa/en/rega-services/platforms/wafi-off-plan-sales-and-lease/?currentDeveloperPage=4&tabActive=Wafi+Developers,2026-10-01,1555:شركة ديار المنار المتحدة المحدودة
شركة ديار المنار المتحدة المحدودة,,developer,,2284,,الهيئة العامة للعقار — المنشآت المؤهلة (وافي),https://rega.gov.sa/en/rega-services/platforms/wafi-off-plan-sales-and-lease/?currentDeveloperPage=66&tabActive=Wafi+Developers,2026-10-01,2284:شركة ديار المنار المتحدة المحدودة
شركة ديار المهرة العقارية,,developer,,1869,,الهيئة العامة للعقار — المنشآت المؤهلة (وافي),https://rega.gov.sa/en/rega-services/platforms/wafi-off-plan-sales-and-lease/?currentDeveloperPage=27&tabActive=Wafi+Developers,2026-10-01,1869:شركة ديار المهرة العقارية
شركة ديار مشعل,,developer,,1923,,الهيئة العامة للعقار — المنشآت المؤهلة (وافي),https://rega.gov.sa/en/rega-services/platforms/wafi-off-plan-sales-and-lease/?currentDeveloperPage=88&tabActive=Wafi+Developers,2026-10-01,1923:شركة ديار مشعل
شركة ديارا البنيان للتطوير والاستثمار العقاري,,developer,,1477,,الهيئة العامة للعقار — المنشآت المؤهلة (وافي),https://rega.gov.sa/en/rega-services/platforms/wafi-off-plan-sales-and-lease/?currentDeveloperPage=27&tabActive=Wafi+Developers,2026-10-01,1477:شركة ديارا البنيان للتطوير والاستثمار العقاري
شركة دياري للتطوير العقاري,,developer,,2288,,الهيئة العامة للعقار — المنشآت المؤهلة (وافي),https://rega.gov.sa/en/rega-services/platforms/wafi-off-plan-sales-and-lease/?currentDeveloperPage=61&tabActive=Wafi+Developers,2026-10-01,2288:شركة دياري للتطوير العقاري
شركة ديفالي,,developer,,2043,,الهيئة العامة للعقار — المنشآت المؤهلة (وافي),https://rega.gov.sa/en/rega-services/platforms/wafi-off-plan-sales-and-lease/?currentDeveloperPage=41&tabActive=Wafi+Developers,2026-10-01,2043:شركة ديفالي
شركة ديل الماسية العقارية شخص واحد,,developer,,1479,,الهيئة العامة للعقار — المنشآت المؤهلة (وافي),https://rega.gov.sa/en/rega-services/platforms/wafi-off-plan-sales-and-lease/?currentDeveloperPage=5&tabActive=Wafi+Developers,2026-10-01,1479:شركة ديل الماسية العقارية شخص واحد
شركة ديل الماسية العقارية شخص واحد,,developer,,48,,الهيئة العامة للعقار — المنشآت المؤهلة (وافي),https://rega.gov.sa/en/rega-services/platforms/wafi-off-plan-sales-and-lease/?currentDeveloperPage=10&tabActive=Wafi+Developers,2026-10-01,48:شركة ديل الماسية العقارية شخص واحد
شركة دينار رسيم الملقا,,developer,,2345,,الهيئة العامة للعقار — المنشآت المؤهلة (وافي),https://rega.gov.sa/en/rega-services/platforms/wafi-off-plan-sales-and-lease/?currentDeveloperPage=71&tabActive=Wafi+Developers,2026-10-01,2345:شركة دينار رسيم الملقا
شركة دينار فيلا الفرص العقارية,,developer,,2391,,الهيئة العامة للعقار — المنشآت المؤهلة (وافي),https://rega.gov.sa/en/rega-services/platforms/wafi-off-plan-sales-and-lease/?currentDeveloperPage=75&tabActive=Wafi+Developers,2026-10-01,2391:شركة دينار فيلا الفرص العقارية
شركة دينار مساكن أبحر الجنوبية العقاري,,developer,,2388,,الهيئة العامة للعقار — المنشآت المؤهلة (وافي),https://rega.gov.sa/en/rega-services/platforms/wafi-off-plan-sales-and-lease/?currentDeveloperPage=74&tabActive=Wafi+Developers,2026-10-01,2388:شركة دينار مساكن أبحر الجنوبية العقاري
شركة ديوان العقارية,,developer,,1626,,الهيئة العامة للعقار — المنشآت المؤهلة (وافي),https://rega.gov.sa/en/rega-services/platforms/wafi-off-plan-sales-and-lease/?currentDeveloperPage=82&tabActive=Wafi+Developers,2026-10-01,1626:شركة ديوان العقارية
شركة ذا فيو هابيتات,,developer,,1571,,الهيئة العامة للعقار — المنشآت المؤهلة (وافي),https://rega.gov.sa/en/rega-services/platforms/wafi-off-plan-sales-and-lease/?currentDeveloperPage=17&tabActive=Wafi+Developers,2026-10-01,1571:شركة ذا فيو هابيتات
شركة ذا كابيتال سمارت,,developer,,2094,,الهيئة العامة للعقار — المنشآت المؤهلة (وافي),https://rega.gov.sa/en/rega-services/platforms/wafi-off-plan-sales-and-lease/?currentDeveloperPage=48&tabActive=Wafi+Developers,2026-10-01,2094:شركة ذا كابيتال سمارت
شركة ذات العز للتطوير والاستثمار العقاري,,developer,,2056,,الهيئة العامة للعقار — المنشآت المؤهلة (وافي),https://rega.gov.sa/en/rega-services/platforms/wafi-off-plan-sales-and-lease/?currentDeveloperPage=35&tabActive=Wafi+Developers,2026-10-01,2056:شركة ذات العز للتطوير والاستثمار العقاري
شركة ذروة العقارية,,developer,,1184,,الهيئة العامة للعقار — المنشآت المؤهلة (وافي),https://rega.gov.sa/en/rega-services/platforms/wafi-off-plan-sales-and-lease/?currentDeveloperPage=24&tabActive=Wafi+Developers,2026-10-01,1184:شركة ذروة العقارية
شركة ذرى العربية العقارية,,developer,,2420,,الهيئة العامة للعقار — المنشآت المؤهلة (وافي),https://rega.gov.sa/en/rega-services/platforms/wafi-off-plan-sales-and-lease/?currentDeveloperPage=78&tabActive=Wafi+Developers,2026-10-01,2420:شركة ذرى العربية العقارية
شركة ذهب كابيتال العقارية,,developer,,1616,,الهيئة العامة للعقار — المنشآت المؤهلة (وافي),https://rega.gov.sa/en/rega-services/platforms/wafi-off-plan-sales-and-lease/?currentDeveloperPage=64&tabActive=Wafi+Developers,2026-10-01,1616:شركة ذهب كابيتال العقارية
شركة ذهب للتطوير العقاري,,developer,,589,,الهيئة العامة للعقار — المنشآت المؤهلة (وافي),https://rega.gov.sa/en/rega-services/platforms/wafi-off-plan-sales-and-lease/?currentDeveloperPage=64&tabActive=Wafi+Developers,2026-10-01,589:شركة ذهب للتطوير العقاري
شركة رائدة المساكن للتطوير العقاري,,developer,,2413,,الهيئة العامة للعقار — المنشآت المؤهلة (وافي),https://rega.gov.sa/en/rega-services/platforms/wafi-off-plan-sales-and-lease/?currentDeveloperPage=68&tabActive=Wafi+Developers,2026-10-01,2413:شركة رائدة المساكن للتطوير العقاري
شركة رئال للتطوير العقاري شركة شخص واحد,,developer,,1426,,الهيئة العامة للعقار — المنشآت المؤهلة (وافي),https://rega.gov.sa/en/rega-services/platforms/wafi-off-plan-sales-and-lease/?currentDeveloperPage=23&tabActive=Wafi+Developers,2026-10-01,1426:شركة رئال للتطوير العقاري شركة شخص واحد
شركة رئال للتطوير العقاري شركة شخص واحد,,developer,,24,,الهيئة العامة للعقار — المنشآت المؤهلة (وافي),https://rega.gov.sa/en/rega-services/platforms/wafi-off-plan-sales-and-lease/?currentDeveloperPage=6&tabActive=Wafi+Developers,2026-10-01,24:شركة رئال للتطوير العقاري شركة شخص واحد
شركة رابية النسيم,,developer,,2151,,الهيئة العامة للعقار — المنشآت المؤهلة (وافي),https://rega.gov.sa/en/rega-services/platforms/wafi-off-plan-sales-and-lease/?currentDeveloperPage=51&tabActive=Wafi+Developers,2026-10-01,2151:شركة رابية النسيم
شركة رابية رواس العقارية,,developer,,2530,,الهيئة العامة للعقار — المنشآت المؤهلة (وافي),https://rega.gov.sa/en/rega-services/platforms/wafi-off-plan-sales-and-lease/?currentDeveloperPage=88&tabActive=Wafi+Developers,2026-10-01,2530:شركة رابية رواس العقارية
شركة راز الماسية العقارية,,developer,,1570,,الهيئة العامة للعقار — المنشآت المؤهلة (وافي),https://rega.gov.sa/en/rega-services/platforms/wafi-off-plan-sales-and-lease/?currentDeveloperPage=8&tabActive=Wafi+Developers,2026-10-01,1570:شركة راز الماسية العقارية
شركة راسيات للتطوير العقاري,,developer,,2211,,الهيئة العامة للعقار — المنشآت المؤهلة (وافي),https://rega.gov.sa/en/rega-services/platforms/wafi-off-plan-sales-and-lease/?currentDeveloperPage=36&tabActive=Wafi+Developers,2026-10-01,2211:شركة راسيات للتطوير العقاري
شركة راف المتقدمة للتطوير العقاري,,developer,,2322,,الهيئة العامة للعقار — المنشآت المؤهلة (وافي),https://rega.gov.sa/en/rega-services/platforms/wafi-off-plan-sales-and-lease/?currentDeveloperPage=55&tabActive=Wafi+Developers,2026-10-01,2322:شركة راف المتقدمة للتطوير العقاري
شركة رافال للتطوير العقاري مساهمه مقفله,,developer,,2038,,الهيئة العامة للعقار — المنشآت المؤهلة (وافي),https://rega.gov.sa/en/rega-services/platforms/wafi-off-plan-sales-and-lease/?currentDeveloperPage=43&tabActive=Wafi+Developers,2026-10-01,2038:شركة رافال للتطوير العقاري مساهمه مقفله
شركة رافد للمقاولات عامة,,developer,,3,,الهيئة العامة للعقار — المنشآت المؤهلة (وافي),https://rega.gov.sa/en/rega-services/platforms/wafi-off-plan-sales-and-lease/?currentDeveloperPage=6&tabActive=Wafi+Developers,2026-10-01,3:شركة رافد للمقاولات عامة
شركة رافن العقارية,,developer,,2092,,الهيئة العامة للعقار — المنشآت المؤهلة (وافي),https://rega.gov.sa/en/rega-services/platforms/wafi-off-plan-sales-and-lease/?currentDeveloperPage=32&tabActive=Wafi+Developers,2026-10-01,2092:شركة رافن العقارية
شركة راكان محمد عسيري,,developer,,2511,,الهيئة العامة للعقار — المنشآت المؤهلة (وافي),https://rega.gov.sa/en/rega-services/platforms/wafi-off-plan-sales-and-lease/?currentDeveloperPage=83&tabActive=Wafi+Developers,2026-10-01,2511:شركة راكان محمد عسيري
شركة راوز للاستثمار,,developer,,641,,الهيئة العامة للعقار — المنشآت المؤهلة (وافي),https://rega.gov.sa/en/rega-services/platforms/wafi-off-plan-sales-and-lease/?currentDeveloperPage=61&tabActive=Wafi+Developers,2026-10-01,641:شركة راوز للاستثمار
شركة راوز للاستثمار,,developer,,47,,الهيئة العامة للعقار — المنشآت المؤهلة (وافي),https://rega.gov.sa/en/rega-services/platforms/wafi-off-plan-sales-and-lease/?currentDeveloperPage=10&tabActive=Wafi+Developers,2026-10-01,47:شركة راوز للاستثمار
شركة رؤى البيوت العقارية,,developer,,2182,,الهيئة العامة للعقار — المنشآت المؤهلة (وافي),https://rega.gov.sa/en/rega-services/platforms/wafi-off-plan-sales-and-lease/?currentDeveloperPage=44&tabActive=Wafi+Developers,2026-10-01,2182:شركة رؤى البيوت العقارية
شركة رؤى الحرم المكي شركة شخص واحد مساهمة مقفلة,,developer,,2072,,الهيئة العامة للعقار — المنشآت المؤهلة (وافي),https://rega.gov.sa/en/rega-services/platforms/wafi-off-plan-sales-and-lease/?currentDeveloperPage=47&tabActive=Wafi+Developers,2026-10-01,2072:شركة رؤى الحرم المكي شركة شخص واحد مساهمة مقفلة
شركة رؤى المدينة القابضة شركة شخص واحد مساهمه مقفله,,developer,,2448,,الهيئة العامة للعقار — المنشآت المؤهلة (وافي),https://rega.gov.sa/en/rega-services/platforms/wafi-off-plan-sales-and-lease/?currentDeveloperPage=83&tabActive=Wafi+Developers,2026-10-01,2448:شركة رؤى المدينة القابضة شركة شخص واحد مساهمه مقفله
شركة رؤيا الإعمار العقارية,,developer,,1604,,الهيئة العامة للعقار — المنشآت المؤهلة (وافي),https://rega.gov.sa/en/rega-services/platforms/wafi-off-plan-sales-and-lease/?currentDeveloperPage=44&tabActive=Wafi+Developers,2026-10-01,1604:شركة رؤيا الإعمار العقارية
شركة رؤيا الإعمار العقارية,,developer,,1978,,الهيئة العامة للعقار — المنشآت المؤهلة (وافي),https://rega.gov.sa/en/rega-services/platforms/wafi-off-plan-sales-and-lease/?currentDeveloperPage=37&tabActive=Wafi+Developers,2026-10-01,1978:شركة رؤيا الإعمار العقارية
شركة رايات للتجارة والمقاولات,,developer,,1590,,الهيئة العامة للعقار — المنشآت المؤهلة (وافي),https://rega.gov.sa/en/rega-services/platforms/wafi-off-plan-sales-and-lease/?currentDeveloperPage=8&tabActive=Wafi+Developers,2026-10-01,1590:شركة رايات للتجارة والمقاولات
شركة رؤية التعمير العقارية,,developer,,1331,,الهيئة العامة للعقار — المنشآت المؤهلة (وافي),https://rega.gov.sa/en/rega-services/platforms/wafi-off-plan-sales-and-lease/?currentDeveloperPage=9&tabActive=Wafi+Developers,2026-10-01,1331:شركة رؤية التعمير العقارية
شركة رؤية المستثمر للاستثمار شركة شخص واحد,,developer,,2416,,الهيئة العامة للعقار — المنشآت المؤهلة (وافي),https://rega.gov.sa/en/rega-services/platforms/wafi-off-plan-sales-and-lease/?currentDeveloperPage=79&tabActive=Wafi+Developers,2026-10-01,2416:شركة رؤية المستثمر للاستثمار شركة شخص واحد
شركة رباع التطوير العقارية,,developer,,1649,,الهيئة العامة للعقار — المنشآت المؤهلة (وافي),https://rega.gov.sa/en/rega-services/platforms/wafi-off-plan-sales-and-lease/?currentDeveloperPage=13&tabActive=Wafi+Developers,2026-10-01,1649:شركة رباع التطوير العقارية
شركة رتال للتطوير العمراني,,developer,,364,,الهيئة العامة للعقار — المنشآت المؤهلة (وافي),https://rega.gov.sa/en/rega-services/platforms/wafi-off-plan-sales-and-lease/?currentDeveloperPage=16&tabActive=Wafi+Developers,2026-10-01,364:شركة رتال للتطوير العمراني
شركة رجح للتطوير العقاري شركة شخص واحد,,developer,,2495,,الهيئة العامة للعقار — المنشآت المؤهلة (وافي),https://rega.gov.sa/en/rega-services/platforms/wafi-off-plan-sales-and-lease/?currentDeveloperPage=87&tabActive=Wafi+Developers,2026-10-01,2495:شركة رجح للتطوير العقاري شركة شخص واحد
شركة رحيب المنازل للتطوير العقاري,,developer,,1614,,الهيئة العامة للعقار — المنشآت المؤهلة (وافي),https://rega.gov.sa/en/rega-services/platforms/wafi-off-plan-sales-and-lease/?currentDeveloperPage=32&tabActive=Wafi+Developers,2026-10-01,1614:شركة رحيب المنازل للتطوير العقاري
شركة رداد المدينة للمقاولات العامة شركة شخص واحد,,developer,,1657,,الهيئة العامة للعقار — المنشآت المؤهلة (وافي),https://rega.gov.sa/en/rega-services/platforms/wafi-off-plan-sales-and-lease/?currentDeveloperPage=13&tabActive=Wafi+Developers,2026-10-01,1657:شركة رداد المدينة للمقاولات العامة شركة شخص واحد
شركة رزدينتال لتطوير العقاري,,developer,,2422,,الهيئة العامة للعقار — المنشآت المؤهلة (وافي),https://rega.gov.sa/en/rega-services/platforms/wafi-off-plan-sales-and-lease/?currentDeveloperPage=76&tabActive=Wafi+Developers,2026-10-01,2422:شركة رزدينتال لتطوير العقاري
شركة رسال العقارية,,developer,,2349,,الهيئة العامة للعقار — المنشآت المؤهلة (وافي),https://rega.gov.sa/en/rega-services/platforms/wafi-off-plan-sales-and-lease/?currentDeveloperPage=72&tabActive=Wafi+Developers,2026-10-01,2349:شركة رسال العقارية
شركة رسان ريل إستيت,,developer,,2386,,الهيئة العامة للعقار — المنشآت المؤهلة (وافي),https://rega.gov.sa/en/rega-services/platforms/wafi-off-plan-sales-and-lease/?currentDeveloperPage=69&tabActive=Wafi+Developers,2026-10-01,2386:شركة رسان ريل إستيت
شركة رسن الإعمار العقارية,,developer,,2480,,الهيئة العامة للعقار — المنشآت المؤهلة (وافي),https://rega.gov.sa/en/rega-services/platforms/wafi-off-plan-sales-and-lease/?currentDeveloperPage=82&tabActive=Wafi+Developers,2026-10-01,2480:شركة رسن الإعمار العقارية
شركة رسوج للتطوير العقاري,,developer,,2207,,الهيئة العامة للعقار — المنشآت المؤهلة (وافي),https://rega.gov.sa/en/rega-services/platforms/wafi-off-plan-sales-and-lease/?currentDeveloperPage=57&tabActive=Wafi+Developers,2026-10-01,2207:شركة رسوج للتطوير العقاري
شركة رسى للتطوير العقاري,,developer,,2228,,الهيئة العامة للعقار — المنشآت المؤهلة (وافي),https://rega.gov.sa/en/rega-services/platforms/wafi-off-plan-sales-and-lease/?currentDeveloperPage=63&tabActive=Wafi+Developers,2026-10-01,2228:شركة رسى للتطوير العقاري
شركة رسيس الذهبية العقارية,,developer,,2262,,الهيئة العامة للعقار — المنشآت المؤهلة (وافي),https://rega.gov.sa/en/rega-services/platforms/wafi-off-plan-sales-and-lease/?currentDeveloperPage=57&tabActive=Wafi+Developers,2026-10-01,2262:شركة رسيس الذهبية العقارية
شركة رسين الماسية للتطوير والاستثمار العقاري,,developer,,2086,,الهيئة العامة للعقار — المنشآت المؤهلة (وافي),https://rega.gov.sa/en/rega-services/platforms/wafi-off-plan-sales-and-lease/?currentDeveloperPage=30&tabActive=Wafi+Developers,2026-10-01,2086:شركة رسين الماسية للتطوير والاستثمار العقاري
شركة رصافة العقارية شركة شخص واحد,,developer,,1594,,الهيئة العامة للعقار — المنشآت المؤهلة (وافي),https://rega.gov.sa/en/rega-services/platforms/wafi-off-plan-sales-and-lease/?currentDeveloperPage=28&tabActive=Wafi+Developers,2026-10-01,1594:شركة رصافة العقارية شركة شخص واحد
شركة رصافة العقارية شركة شخص واحد,,developer,,1839,,الهيئة العامة للعقار — المنشآت المؤهلة (وافي),https://rega.gov.sa/en/rega-services/platforms/wafi-off-plan-sales-and-lease/?currentDeveloperPage=17&tabActive=Wafi+Developers,2026-10-01,1839:شركة رصافة العقارية شركة شخص واحد
شركة رصين الشرق للتطوير العقاري,,developer,,1445,,الهيئة العامة للعقار — المنشآت المؤهلة (وافي),https://rega.gov.sa/en/rega-services/platforms/wafi-off-plan-sales-and-lease/?currentDeveloperPage=5&tabActive=Wafi+Developers,2026-10-01,1445:شركة رصين الشرق للتطوير العقاري
شركة رفاد للاستثمار والتطوير العقاري شركة شخص واحد,,developer,,1949,,الهيئة العامة للعقار — المنشآت المؤهلة (وافي),https://rega.gov.sa/en/rega-services/platforms/wafi-off-plan-sales-and-lease/?currentDeveloperPage=32&tabActive=Wafi+Developers,2026-10-01,1949:شركة رفاد للاستثمار والتطوير العقاري شركة شخص واحد
شركة رفاع العمران للمقاولات العامة,,developer,,1603,,الهيئة العامة للعقار — المنشآت المؤهلة (وافي),https://rega.gov.sa/en/rega-services/platforms/wafi-off-plan-sales-and-lease/?currentDeveloperPage=8&tabActive=Wafi+Developers,2026-10-01,1603:شركة رفاع العمران للمقاولات العامة
شركة رفل الحديثة للتطوير العقاري,,developer,,2077,,الهيئة العامة للعقار — المنشآت المؤهلة (وافي),https://rega.gov.sa/en/rega-services/platforms/wafi-off-plan-sales-and-lease/?currentDeveloperPage=44&tabActive=Wafi+Developers,2026-10-01,2077:شركة رفل الحديثة للتطوير العقاري
شركة رفيعة العقارية,,developer,,2166,,الهيئة العامة للعقار — المنشآت المؤهلة (وافي),https://rega.gov.sa/en/rega-services/platforms/wafi-off-plan-sales-and-lease/?currentDeveloperPage=56&tabActive=Wafi+Developers,2026-10-01,2166:شركة رفيعة العقارية
شركة رقي العمران للتطوير العقاري,,developer,,2316,,الهيئة العامة للعقار — المنشآت المؤهلة (وافي),https://rega.gov.sa/en/rega-services/platforms/wafi-off-plan-sales-and-lease/?currentDeveloperPage=60&tabActive=Wafi+Developers,2026-10-01,2316:شركة رقي العمران للتطوير العقاري
شركة ركائز الإنشاء للمقاولات العامة ذات مسؤولية محدودة من شخص واحد,,developer,,1619,,الهيئة العامة للعقار — المنشآت المؤهلة (وافي),https://rega.gov.sa/en/rega-services/platforms/wafi-off-plan-sales-and-lease/?currentDeveloperPage=63&tabActive=Wafi+Developers,2026-10-01,1619:شركة ركائز الإنشاء للمقاولات العامة ذات مسؤولية محدودة من شخص واحد
شركة ركائز الإنشاء للمقاولات العامة ذات مسؤولية محدودة من شخص واحد,,developer,,2259,,الهيئة العامة للعقار — المنشآت المؤهلة (وافي),https://rega.gov.sa/en/rega-services/platforms/wafi-off-plan-sales-and-lease/?currentDeveloperPage=58&tabActive=Wafi+Developers,2026-10-01,2259:شركة ركائز الإنشاء للمقاولات العامة ذات مسؤولية محدودة من شخص واحد
شركة ركاز الجسر للتطوير العقاري,,developer,,2421,,الهيئة العامة للعقار — المنشآت المؤهلة (وافي),https://rega.gov.sa/en/rega-services/platforms/wafi-off-plan-sales-and-lease/?currentDeveloperPage=76&tabActive=Wafi+Developers,2026-10-01,2421:شركة ركاز الجسر للتطوير العقاري
شركة ركان الموحدة للتطوير العقاري,,developer,,1096,,الهيئة العامة للعقار — المنشآت المؤهلة (وافي),https://rega.gov.sa/en/rega-services/platforms/wafi-off-plan-sales-and-lease/?currentDeveloperPage=51&tabActive=Wafi+Developers,2026-10-01,1096:شركة ركان الموحدة للتطوير العقاري
شركة ركايا الشمال للتطوير العقاري,,developer,,1576,,الهيئة العامة للعقار — المنشآت المؤهلة (وافي),https://rega.gov.sa/en/rega-services/platforms/wafi-off-plan-sales-and-lease/?currentDeveloperPage=25&tabActive=Wafi+Developers,2026-10-01,1576:شركة ركايا الشمال للتطوير العقاري
شركة ركايا الشمال للتطوير العقاري,,developer,,1741,,الهيئة العامة للعقار — المنشآت المؤهلة (وافي),https://rega.gov.sa/en/rega-services/platforms/wafi-off-plan-sales-and-lease/?currentDeveloperPage=17&tabActive=Wafi+Developers,2026-10-01,1741:شركة ركايا الشمال للتطوير العقاري
شركة ركم للتطوير والاستثمار العقاري,,developer,,1594,,الهيئة العامة للعقار — المنشآت المؤهلة (وافي),https://rega.gov.sa/en/rega-services/platforms/wafi-off-plan-sales-and-lease/?currentDeveloperPage=39&tabActive=Wafi+Developers,2026-10-01,1594:شركة ركم للتطوير والاستثمار العقاري
شركة ركن العمران العقارية,,developer,,2319,,الهيئة العامة للعقار — المنشآت المؤهلة (وافي),https://rega.gov.sa/en/rega-services/platforms/wafi-off-plan-sales-and-lease/?currentDeveloperPage=69&tabActive=Wafi+Developers,2026-10-01,2319:شركة ركن العمران العقارية
شركة ركن أمية للمقاولات شركة شخص واحد,,developer,,2449,,الهيئة العامة للعقار — المنشآت المؤهلة (وافي),https://rega.gov.sa/en/rega-services/platforms/wafi-off-plan-sales-and-lease/?currentDeveloperPage=81&tabActive=Wafi+Developers,2026-10-01,2449:شركة ركن أمية للمقاولات شركة شخص واحد
شركة ركن سلا للتطوير والاستثمار العقاري,,developer,,1980,,الهيئة العامة للعقار — المنشآت المؤهلة (وافي),https://rega.gov.sa/en/rega-services/platforms/wafi-off-plan-sales-and-lease/?currentDeveloperPage=36&tabActive=Wafi+Developers,2026-10-01,1980:شركة ركن سلا للتطوير والاستثمار العقاري
شركة ركيزة نجد,,developer,,1954,,الهيئة العامة للعقار — المنشآت المؤهلة (وافي),https://rega.gov.sa/en/rega-services/platforms/wafi-off-plan-sales-and-lease/?currentDeveloperPage=34&tabActive=Wafi+Developers,2026-10-01,1954:شركة ركيزة نجد
شركة ركين للعقارات شركة شخص واحد,,developer,,2143,,الهيئة العامة للعقار — المنشآت المؤهلة (وافي),https://rega.gov.sa/en/rega-services/platforms/wafi-off-plan-sales-and-lease/?currentDeveloperPage=51&tabActive=Wafi+Developers,2026-10-01,2143:شركة ركين للعقارات شركة شخص واحد
شركة رمال الخبر العقارية,,developer,,908,,الهيئة العامة للعقار — المنشآت المؤهلة (وافي),https://rega.gov.sa/en/rega-services/platforms/wafi-off-plan-sales-and-lease/?currentDeveloperPage=26&tabActive=Wafi+Developers,2026-10-01,908:شركة رمال الخبر العقارية
شركة رمز سلام للاستثمار,,developer,,2022,,الهيئة العامة للعقار — المنشآت المؤهلة (وافي),https://rega.gov.sa/en/rega-services/platforms/wafi-off-plan-sales-and-lease/?currentDeveloperPage=33&tabActive=Wafi+Developers,2026-10-01,2022:شركة رمز سلام للاستثمار
شركة رمم للتطوير العقاري,,developer,,1652,,الهيئة العامة للعقار — المنشآت المؤهلة (وافي),https://rega.gov.sa/en/rega-services/platforms/wafi-off-plan-sales-and-lease/?currentDeveloperPage=12&tabActive=Wafi+Developers,2026-10-01,1652:شركة رمم للتطوير العقاري
شركة رموز العربية مساهمه مقفله,,developer,,1774,,الهيئة العامة للعقار — المنشآت المؤهلة (وافي),https://rega.gov.sa/en/rega-services/platforms/wafi-off-plan-sales-and-lease/?currentDeveloperPage=16&tabActive=Wafi+Developers,2026-10-01,1774:شركة رموز العربية مساهمه مقفله
شركة رموز العربية مساهمه مقفله,,developer,,7,,الهيئة العامة للعقار — المنشآت المؤهلة (وافي),https://rega.gov.sa/en/rega-services/platforms/wafi-off-plan-sales-and-lease/?currentDeveloperPage=6&tabActive=Wafi+Developers,2026-10-01,7:شركة رموز العربية مساهمه مقفله
شركة روابط الجنوب العقارية,,developer,,1730,,الهيئة العامة للعقار — المنشآت المؤهلة (وافي),https://rega.gov.sa/en/rega-services/platforms/wafi-off-plan-sales-and-lease/?currentDeveloperPage=14&tabActive=Wafi+Developers,2026-10-01,1730:شركة روابط الجنوب العقارية
شركة روابط مستدامة العقارية شركة شخص واحد,,developer,,1558,,الهيئة العامة للعقار — المنشآت المؤهلة (وافي),https://rega.gov.sa/en/rega-services/platforms/wafi-off-plan-sales-and-lease/?currentDeveloperPage=14&tabActive=Wafi+Developers,2026-10-01,1558:شركة روابط مستدامة العقارية شركة شخص واحد
شركة رواح للخدمات العقارية,,developer,,1578,,الهيئة العامة للعقار — المنشآت المؤهلة (وافي),https://rega.gov.sa/en/rega-services/platforms/wafi-off-plan-sales-and-lease/?currentDeveloperPage=16&tabActive=Wafi+Developers,2026-10-01,1578:شركة رواح للخدمات العقارية
شركة رواح للخدمات العقارية,,developer,,1928,,الهيئة العامة للعقار — المنشآت المؤهلة (وافي),https://rega.gov.sa/en/rega-services/platforms/wafi-off-plan-sales-and-lease/?currentDeveloperPage=28&tabActive=Wafi+Developers,2026-10-01,1928:شركة رواح للخدمات العقارية
شركة رواد التشييد للتطوير العقاري شركة شخص واحد,,developer,,1695,,الهيئة العامة للعقار — المنشآت المؤهلة (وافي),https://rega.gov.sa/en/rega-services/platforms/wafi-off-plan-sales-and-lease/?currentDeveloperPage=16&tabActive=Wafi+Developers,2026-10-01,1695:شركة رواد التشييد للتطوير العقاري شركة شخص واحد
شركة رواد التعمير المحدودة شركة شخص واحد,,developer,,1973,,الهيئة العامة للعقار — المنشآت المؤهلة (وافي),https://rega.gov.sa/en/rega-services/platforms/wafi-off-plan-sales-and-lease/?currentDeveloperPage=32&tabActive=Wafi+Developers,2026-10-01,1973:شركة رواد التعمير المحدودة شركة شخص واحد
شركة رواس العقارية,,developer,,1772,,الهيئة العامة للعقار — المنشآت المؤهلة (وافي),https://rega.gov.sa/en/rega-services/platforms/wafi-off-plan-sales-and-lease/?currentDeveloperPage=19&tabActive=Wafi+Developers,2026-10-01,1772:شركة رواس العقارية
شركة رواس المتقدمة للمقاولات العامة,,developer,,2237,,الهيئة العامة للعقار — المنشآت المؤهلة (وافي),https://rega.gov.sa/en/rega-services/platforms/wafi-off-plan-sales-and-lease/?currentDeveloperPage=48&tabActive=Wafi+Developers,2026-10-01,2237:شركة رواس المتقدمة للمقاولات العامة
شركة رواسخ المتطوره للتطوير العقاري,,developer,,1601,,الهيئة العامة للعقار — المنشآت المؤهلة (وافي),https://rega.gov.sa/en/rega-services/platforms/wafi-off-plan-sales-and-lease/?currentDeveloperPage=7&tabActive=Wafi+Developers,2026-10-01,1601:شركة رواسخ المتطوره للتطوير العقاري
شركة رواسخ شامخة للتطوير العقاري,,developer,,1820,,الهيئة العامة للعقار — المنشآت المؤهلة (وافي),https://rega.gov.sa/en/rega-services/platforms/wafi-off-plan-sales-and-lease/?currentDeveloperPage=23&tabActive=Wafi+Developers,2026-10-01,1820:شركة رواسخ شامخة للتطوير العقاري
شركة رواسن الفضيه العقارية,,developer,,2437,,الهيئة العامة للعقار — المنشآت المؤهلة (وافي),https://rega.gov.sa/en/rega-services/platforms/wafi-off-plan-sales-and-lease/?currentDeveloperPage=82&tabActive=Wafi+Developers,2026-10-01,2437:شركة رواسن الفضيه العقارية
شركة روافة المحدودة شركة ذات المسؤولية محدودة,,developer,,2010,,الهيئة العامة للعقار — المنشآت المؤهلة (وافي),https://rega.gov.sa/en/rega-services/platforms/wafi-off-plan-sales-and-lease/?currentDeveloperPage=36&tabActive=Wafi+Developers,2026-10-01,2010:شركة روافة المحدودة شركة ذات المسؤولية محدودة
شركة رواق العربية العقارية شركة مساهمة مبسطة,,developer,,2066,,الهيئة العامة للعقار — المنشآت المؤهلة (وافي),https://rega.gov.sa/en/rega-services/platforms/wafi-off-plan-sales-and-lease/?currentDeveloperPage=38&tabActive=Wafi+Developers,2026-10-01,2066:شركة رواق العربية العقارية شركة مساهمة مبسطة
شركة روانا للتطوير والاستثمار العقاري,,developer,,363,,الهيئة العامة للعقار — المنشآت المؤهلة (وافي),https://rega.gov.sa/en/rega-services/platforms/wafi-off-plan-sales-and-lease/?currentDeveloperPage=16&tabActive=Wafi+Developers,2026-10-01,363:شركة روانا للتطوير والاستثمار العقاري
شركة روشن ريت للتطوير العقاري,,developer,,1788,,الهيئة العامة للعقار — المنشآت المؤهلة (وافي),https://rega.gov.sa/en/rega-services/platforms/wafi-off-plan-sales-and-lease/?currentDeveloperPage=21&tabActive=Wafi+Developers,2026-10-01,1788:شركة روشن ريت للتطوير العقاري
شركة روعة عالم التصميم للمقاولات,,developer,,1396,,الهيئة العامة للعقار — المنشآت المؤهلة (وافي),https://rega.gov.sa/en/rega-services/platforms/wafi-off-plan-sales-and-lease/?currentDeveloperPage=14&tabActive=Wafi+Developers,2026-10-01,1396:شركة روعة عالم التصميم للمقاولات
شركة روف للتطوير والاستثمار العقاري,,developer,,1315,,الهيئة العامة للعقار — المنشآت المؤهلة (وافي),https://rega.gov.sa/en/rega-services/platforms/wafi-off-plan-sales-and-lease/?currentDeveloperPage=27&tabActive=Wafi+Developers,2026-10-01,1315:شركة روف للتطوير والاستثمار العقاري
شركة روفا الانجاز للتطوير العقاري,,developer,,1684,,الهيئة العامة للعقار — المنشآت المؤهلة (وافي),https://rega.gov.sa/en/rega-services/platforms/wafi-off-plan-sales-and-lease/?currentDeveloperPage=13&tabActive=Wafi+Developers,2026-10-01,1684:شركة روفا الانجاز للتطوير العقاري
شركة روفكس كونتراكتينج,,developer,,2431,,الهيئة العامة للعقار — المنشآت المؤهلة (وافي),https://rega.gov.sa/en/rega-services/platforms/wafi-off-plan-sales-and-lease/?currentDeveloperPage=80&tabActive=Wafi+Developers,2026-10-01,2431:شركة روفكس كونتراكتينج
شركة ريادا آند تامير,,developer,,2376,,الهيئة العامة للعقار — المنشآت المؤهلة (وافي),https://rega.gov.sa/en/rega-services/platforms/wafi-off-plan-sales-and-lease/?currentDeveloperPage=75&tabActive=Wafi+Developers,2026-10-01,2376:شركة ريادا آند تامير
شركة ريادة البنيان للتطوير والإستثمار العقاري,,developer,,2233,,الهيئة العامة للعقار — المنشآت المؤهلة (وافي),https://rega.gov.sa/en/rega-services/platforms/wafi-off-plan-sales-and-lease/?currentDeveloperPage=59&tabActive=Wafi+Developers,2026-10-01,2233:شركة ريادة البنيان للتطوير والإستثمار العقاري
شركة ريادة الفرسان للتطوير العقاري,,developer,,1173,,الهيئة العامة للعقار — المنشآت المؤهلة (وافي),https://rega.gov.sa/en/rega-services/platforms/wafi-off-plan-sales-and-lease/?currentDeveloperPage=63&tabActive=Wafi+Developers,2026-10-01,1173:شركة ريادة الفرسان للتطوير العقاري
شركة رياش الاولى للتطوير العقاري,,developer,,2098,,الهيئة العامة للعقار — المنشآت المؤهلة (وافي),https://rega.gov.sa/en/rega-services/platforms/wafi-off-plan-sales-and-lease/?currentDeveloperPage=45&tabActive=Wafi+Developers,2026-10-01,2098:شركة رياش الاولى للتطوير العقاري
شركة ريبورتاج العقارية,,developer,,1191,,الهيئة العامة للعقار — المنشآت المؤهلة (وافي),https://rega.gov.sa/en/rega-services/platforms/wafi-off-plan-sales-and-lease/?currentDeveloperPage=72&tabActive=Wafi+Developers,2026-10-01,1191:شركة ريبورتاج العقارية
شركة ريليتد سكيل,,developer,,2192,,الهيئة العامة للعقار — المنشآت المؤهلة (وافي),https://rega.gov.sa/en/rega-services/platforms/wafi-off-plan-sales-and-lease/?currentDeveloperPage=55&tabActive=Wafi+Developers,2026-10-01,2192:شركة ريليتد سكيل
شركة ريم طيبة للتطوير والاستثمار العقاري,,developer,,2033,,الهيئة العامة للعقار — المنشآت المؤهلة (وافي),https://rega.gov.sa/en/rega-services/platforms/wafi-off-plan-sales-and-lease/?currentDeveloperPage=33&tabActive=Wafi+Developers,2026-10-01,2033:شركة ريم طيبة للتطوير والاستثمار العقاري
شركة ريمار العقارية,,developer,,22,,الهيئة العامة للعقار — المنشآت المؤهلة (وافي),https://rega.gov.sa/en/rega-services/platforms/wafi-off-plan-sales-and-lease/?currentDeveloperPage=6&tabActive=Wafi+Developers,2026-10-01,22:شركة ريمار العقارية
شركة ريمار العقارية,,developer,,2493,,الهيئة العامة للعقار — المنشآت المؤهلة (وافي),https://rega.gov.sa/en/rega-services/platforms/wafi-off-plan-sales-and-lease/?currentDeveloperPage=81&tabActive=Wafi+Developers,2026-10-01,2493:شركة ريمار العقارية
شركة زايا للتطوير العقاري,,developer,,1302,,الهيئة العامة للعقار — المنشآت المؤهلة (وافي),https://rega.gov.sa/en/rega-services/platforms/wafi-off-plan-sales-and-lease/?currentDeveloperPage=11&tabActive=Wafi+Developers,2026-10-01,1302:شركة زايا للتطوير العقاري
شركة زد بروبرتي ديفيلوبمنتس,,developer,,2281,,الهيئة العامة للعقار — المنشآت المؤهلة (وافي),https://rega.gov.sa/en/rega-services/platforms/wafi-off-plan-sales-and-lease/?currentDeveloperPage=65&tabActive=Wafi+Developers,2026-10-01,2281:شركة زد بروبرتي ديفيلوبمنتس
شركة زوايا كناز,,developer,,2503,,الهيئة العامة للعقار — المنشآت المؤهلة (وافي),https://rega.gov.sa/en/rega-services/platforms/wafi-off-plan-sales-and-lease/?currentDeveloperPage=85&tabActive=Wafi+Developers,2026-10-01,2503:شركة زوايا كناز
شركة ساحل الخليج للتطوير العقاري مساهمة مقفلة,,developer,,1661,,الهيئة العامة للعقار — المنشآت المؤهلة (وافي),https://rega.gov.sa/en/rega-services/platforms/wafi-off-plan-sales-and-lease/?currentDeveloperPage=13&tabActive=Wafi+Developers,2026-10-01,1661:شركة ساحل الخليج للتطوير العقاري مساهمة مقفلة
شركة سارية الثروات,,developer,,2129,,الهيئة العامة للعقار — المنشآت المؤهلة (وافي),https://rega.gov.sa/en/rega-services/platforms/wafi-off-plan-sales-and-lease/?currentDeveloperPage=53&tabActive=Wafi+Developers,2026-10-01,2129:شركة سارية الثروات
شركة ساطعة التعمير للتطوير والاستثمار العقاري,,developer,,2506,,الهيئة العامة للعقار — المنشآت المؤهلة (وافي),https://rega.gov.sa/en/rega-services/platforms/wafi-off-plan-sales-and-lease/?currentDeveloperPage=86&tabActive=Wafi+Developers,2026-10-01,2506:شركة ساطعة التعمير للتطوير والاستثمار العقاري
شركة سام العقارية,,developer,,1553,,الهيئة العامة للعقار — المنشآت المؤهلة (وافي),https://rega.gov.sa/en/rega-services/platforms/wafi-off-plan-sales-and-lease/?currentDeveloperPage=7&tabActive=Wafi+Developers,2026-10-01,1553:شركة سام العقارية
شركة سام العقارية,,developer,,1725,,الهيئة العامة للعقار — المنشآت المؤهلة (وافي),https://rega.gov.sa/en/rega-services/platforms/wafi-off-plan-sales-and-lease/?currentDeveloperPage=7&tabActive=Wafi+Developers,2026-10-01,1725:شركة سام العقارية
شركة سبل الماسية العقارية,,developer,,1891,,الهيئة العامة للعقار — المنشآت المؤهلة (وافي),https://rega.gov.sa/en/rega-services/platforms/wafi-off-plan-sales-and-lease/?currentDeveloperPage=28&tabActive=Wafi+Developers,2026-10-01,1891:شركة سبل الماسية العقارية
شركة سبينيل ديفيلوبمنت,,developer,,2311,,الهيئة العامة للعقار — المنشآت المؤهلة (وافي),https://rega.gov.sa/en/rega-services/platforms/wafi-off-plan-sales-and-lease/?currentDeveloperPage=62&tabActive=Wafi+Developers,2026-10-01,2311:شركة سبينيل ديفيلوبمنت
شركة سجما للتطوير العقاري,,developer,,2326,,الهيئة العامة للعقار — المنشآت المؤهلة (وافي),https://rega.gov.sa/en/rega-services/platforms/wafi-off-plan-sales-and-lease/?currentDeveloperPage=69&tabActive=Wafi+Developers,2026-10-01,2326:شركة سجما للتطوير العقاري
شركة سحاب الجنوب العقارية شركة شخص واحد,,developer,,2366,,الهيئة العامة للعقار — المنشآت المؤهلة (وافي),https://rega.gov.sa/en/rega-services/platforms/wafi-off-plan-sales-and-lease/?currentDeveloperPage=69&tabActive=Wafi+Developers,2026-10-01,2366:شركة سحاب الجنوب العقارية شركة شخص واحد
شركة سخاء الماسيه للتطوير والاستثمار العقاري,,developer,,2318,,الهيئة العامة للعقار — المنشآت المؤهلة (وافي),https://rega.gov.sa/en/rega-services/platforms/wafi-off-plan-sales-and-lease/?currentDeveloperPage=70&tabActive=Wafi+Developers,2026-10-01,2318:شركة سخاء الماسيه للتطوير والاستثمار العقاري
شركة سداسيات العقارية,,developer,,1599,,الهيئة العامة للعقار — المنشآت المؤهلة (وافي),https://rega.gov.sa/en/rega-services/platforms/wafi-off-plan-sales-and-lease/?currentDeveloperPage=9&tabActive=Wafi+Developers,2026-10-01,1599:شركة سداسيات العقارية
شركة سدرة الخليج الماسية,,developer,,2377,,الهيئة العامة للعقار — المنشآت المؤهلة (وافي),https://rega.gov.sa/en/rega-services/platforms/wafi-off-plan-sales-and-lease/?currentDeveloperPage=75&tabActive=Wafi+Developers,2026-10-01,2377:شركة سدرة الخليج الماسية
شركة سدف الذهبيه للتطوير العقاري,,developer,,2390,,الهيئة العامة للعقار — المنشآت المؤهلة (وافي),https://rega.gov.sa/en/rega-services/platforms/wafi-off-plan-sales-and-lease/?currentDeveloperPage=76&tabActive=Wafi+Developers,2026-10-01,2390:شركة سدف الذهبيه للتطوير العقاري
شركة سدنة للتطوير والاستثمار العقاري,,developer,,1615,,الهيئة العامة للعقار — المنشآت المؤهلة (وافي),https://rega.gov.sa/en/rega-services/platforms/wafi-off-plan-sales-and-lease/?currentDeveloperPage=67&tabActive=Wafi+Developers,2026-10-01,1615:شركة سدنة للتطوير والاستثمار العقاري
شركة سعد عبدالله آل مبارك للتطوير والاستثمار العقاري شخص واحد قابضة,,developer,,1386,,الهيئة العامة للعقار — المنشآت المؤهلة (وافي),https://rega.gov.sa/en/rega-services/platforms/wafi-off-plan-sales-and-lease/?currentDeveloperPage=5&tabActive=Wafi+Developers,2026-10-01,1386:شركة سعد عبدالله آل مبارك للتطوير والاستثمار العقاري شخص واحد قابضة
شركة سعد عبدالله آل مبارك للتطوير والاستثمار العقاري شخص واحد قابضة,,developer,,1590,,الهيئة العامة للعقار — المنشآت المؤهلة (وافي),https://rega.gov.sa/en/rega-services/platforms/wafi-off-plan-sales-and-lease/?currentDeveloperPage=32&tabActive=Wafi+Developers,2026-10-01,1590:شركة سعد عبدالله آل مبارك للتطوير والاستثمار العقاري شخص واحد قابضة
شركة سقيفه الصفا المحدودة شركة شخص واحد,,developer,,1108,,الهيئة العامة للعقار — المنشآت المؤهلة (وافي),https://rega.gov.sa/en/rega-services/platforms/wafi-off-plan-sales-and-lease/?currentDeveloperPage=20&tabActive=Wafi+Developers,2026-10-01,1108:شركة سقيفه الصفا المحدودة شركة شخص واحد
شركة سكك وثبة العقارية,,developer,,2195,,الهيئة العامة للعقار — المنشآت المؤهلة (وافي),https://rega.gov.sa/en/rega-services/platforms/wafi-off-plan-sales-and-lease/?currentDeveloperPage=56&tabActive=Wafi+Developers,2026-10-01,2195:شركة سكك وثبة العقارية
شركة سكن رحاب للتطوير والاستثمار العقاري,,developer,,2559,,الهيئة العامة للعقار — المنشآت المؤهلة (وافي),https://rega.gov.sa/en/rega-services/platforms/wafi-off-plan-sales-and-lease/?currentDeveloperPage=91&tabActive=Wafi+Developers,2026-10-01,2559:شركة سكن رحاب للتطوير والاستثمار العقاري
شركة سكنا للتطوير العقاري,,developer,,565,,الهيئة العامة للعقار — المنشآت المؤهلة (وافي),https://rega.gov.sa/en/rega-services/platforms/wafi-off-plan-sales-and-lease/?currentDeveloperPage=65&tabActive=Wafi+Developers,2026-10-01,565:شركة سكنا للتطوير العقاري
شركة سكيب للاستثمار,,developer,,1821,,الهيئة العامة للعقار — المنشآت المؤهلة (وافي),https://rega.gov.sa/en/rega-services/platforms/wafi-off-plan-sales-and-lease/?currentDeveloperPage=23&tabActive=Wafi+Developers,2026-10-01,1821:شركة سكيب للاستثمار
شركة سكيل مانجمنت,,developer,,2112,,الهيئة العامة للعقار — المنشآت المؤهلة (وافي),https://rega.gov.sa/en/rega-services/platforms/wafi-off-plan-sales-and-lease/?currentDeveloperPage=50&tabActive=Wafi+Developers,2026-10-01,2112:شركة سكيل مانجمنت
شركة سكينة تاورز,,developer,,2555,,الهيئة العامة للعقار — المنشآت المؤهلة (وافي),https://rega.gov.sa/en/rega-services/platforms/wafi-off-plan-sales-and-lease/?currentDeveloperPage=87&tabActive=Wafi+Developers,2026-10-01,2555:شركة سكينة تاورز
شركة سلطان محمد بن صالح الثنيان العقارية,,developer,,1955,,الهيئة العامة للعقار — المنشآت المؤهلة (وافي),https://rega.gov.sa/en/rega-services/platforms/wafi-off-plan-sales-and-lease/?currentDeveloperPage=33&tabActive=Wafi+Developers,2026-10-01,1955:شركة سلطان محمد بن صالح الثنيان العقارية
شركة سلوان السياحية للتطوير العقاري شركة شخص واحد,,developer,,1728,,الهيئة العامة للعقار — المنشآت المؤهلة (وافي),https://rega.gov.sa/en/rega-services/platforms/wafi-off-plan-sales-and-lease/?currentDeveloperPage=17&tabActive=Wafi+Developers,2026-10-01,1728:شركة سلوان السياحية للتطوير العقاري شركة شخص واحد
شركة سليمان عبدالله النصيان واخوانه للمقاولات,,developer,,1720,,الهيئة العامة للعقار — المنشآت المؤهلة (وافي),https://rega.gov.sa/en/rega-services/platforms/wafi-off-plan-sales-and-lease/?currentDeveloperPage=54&tabActive=Wafi+Developers,2026-10-01,1720:شركة سليمان عبدالله النصيان واخوانه للمقاولات
شركة سما البنيان التجارية,,developer,,1581,,الهيئة العامة للعقار — المنشآت المؤهلة (وافي),https://rega.gov.sa/en/rega-services/platforms/wafi-off-plan-sales-and-lease/?currentDeveloperPage=26&tabActive=Wafi+Developers,2026-10-01,1581:شركة سما البنيان التجارية
شركة سما البنيان التجارية,,developer,,1686,,الهيئة العامة للعقار — المنشآت المؤهلة (وافي),https://rega.gov.sa/en/rega-services/platforms/wafi-off-plan-sales-and-lease/?currentDeveloperPage=14&tabActive=Wafi+Developers,2026-10-01,1686:شركة سما البنيان التجارية
شركة سما الروسان,,developer,,2141,,الهيئة العامة للعقار — المنشآت المؤهلة (وافي),https://rega.gov.sa/en/rega-services/platforms/wafi-off-plan-sales-and-lease/?currentDeveloperPage=53&tabActive=Wafi+Developers,2026-10-01,2141:شركة سما الروسان
شركة سما بيت النخبة العقارية,,developer,,2362,,الهيئة العامة للعقار — المنشآت المؤهلة (وافي),https://rega.gov.sa/en/rega-services/platforms/wafi-off-plan-sales-and-lease/?currentDeveloperPage=72&tabActive=Wafi+Developers,2026-10-01,2362:شركة سما بيت النخبة العقارية
شركة سمائي للمقاولات,,developer,,1642,,الهيئة العامة للعقار — المنشآت المؤهلة (وافي),https://rega.gov.sa/en/rega-services/platforms/wafi-off-plan-sales-and-lease/?currentDeveloperPage=12&tabActive=Wafi+Developers,2026-10-01,1642:شركة سمائي للمقاولات
شركة سماية العقارية,,developer,,1526,,الهيئة العامة للعقار — المنشآت المؤهلة (وافي),https://rega.gov.sa/en/rega-services/platforms/wafi-off-plan-sales-and-lease/?currentDeveloperPage=4&tabActive=Wafi+Developers,2026-10-01,1526:شركة سماية العقارية
شركة سمت ون للتطوير والاستثمار العقاري,,developer,,2217,,الهيئة العامة للعقار — المنشآت المؤهلة (وافي),https://rega.gov.sa/en/rega-services/platforms/wafi-off-plan-sales-and-lease/?currentDeveloperPage=61&tabActive=Wafi+Developers,2026-10-01,2217:شركة سمت ون للتطوير والاستثمار العقاري
شركة سمو العقارية مساهمة مدرجة,,developer,,1431,,الهيئة العامة للعقار — المنشآت المؤهلة (وافي),https://rega.gov.sa/en/rega-services/platforms/wafi-off-plan-sales-and-lease/?currentDeveloperPage=8&tabActive=Wafi+Developers,2026-10-01,1431:شركة سمو العقارية مساهمة مدرجة
شركة سمو العقارية مساهمة مدرجة,,developer,,1542,,الهيئة العامة للعقار — المنشآت المؤهلة (وافي),https://rega.gov.sa/en/rega-services/platforms/wafi-off-plan-sales-and-lease/?currentDeveloperPage=8&tabActive=Wafi+Developers,2026-10-01,1542:شركة سمو العقارية مساهمة مدرجة
شركة سمو القابضة مساهمة سعودية مقفلة,,developer,,1223,,الهيئة العامة للعقار — المنشآت المؤهلة (وافي),https://rega.gov.sa/en/rega-services/platforms/wafi-off-plan-sales-and-lease/?currentDeveloperPage=78&tabActive=Wafi+Developers,2026-10-01,1223:شركة سمو القابضة مساهمة سعودية مقفلة
شركة سمو للاستثمار الدولي,,developer,,2546,,الهيئة العامة للعقار — المنشآت المؤهلة (وافي),https://rega.gov.sa/en/rega-services/platforms/wafi-off-plan-sales-and-lease/?currentDeveloperPage=79&tabActive=Wafi+Developers,2026-10-01,2546:شركة سمو للاستثمار الدولي
شركة سنام الاعمار السعودية للتطوير العقاري المحدودة,,developer,,2088,,الهيئة العامة للعقار — المنشآت المؤهلة (وافي),https://rega.gov.sa/en/rega-services/platforms/wafi-off-plan-sales-and-lease/?currentDeveloperPage=47&tabActive=Wafi+Developers,2026-10-01,2088:شركة سنام الاعمار السعودية للتطوير العقاري المحدودة
شركة سنايا الماسية للتطوير العقاري,,developer,,2528,,الهيئة العامة للعقار — المنشآت المؤهلة (وافي),https://rega.gov.sa/en/rega-services/platforms/wafi-off-plan-sales-and-lease/?currentDeveloperPage=86&tabActive=Wafi+Developers,2026-10-01,2528:شركة سنايا الماسية للتطوير العقاري
شركة سنبلة التطور للتطوير والاستثمار العقاري,,developer,,1744,,الهيئة العامة للعقار — المنشآت المؤهلة (وافي),https://rega.gov.sa/en/rega-services/platforms/wafi-off-plan-sales-and-lease/?currentDeveloperPage=18&tabActive=Wafi+Developers,2026-10-01,1744:شركة سنبلة التطور للتطوير والاستثمار العقاري
شركة سهل العقارية,,developer,,1557,,الهيئة العامة للعقار — المنشآت المؤهلة (وافي),https://rega.gov.sa/en/rega-services/platforms/wafi-off-plan-sales-and-lease/?currentDeveloperPage=16&tabActive=Wafi+Developers,2026-10-01,1557:شركة سهل العقارية
شركة سهل العقارية,,developer,,1901,,الهيئة العامة للعقار — المنشآت المؤهلة (وافي),https://rega.gov.sa/en/rega-services/platforms/wafi-off-plan-sales-and-lease/?currentDeveloperPage=28&tabActive=Wafi+Developers,2026-10-01,1901:شركة سهل العقارية
شركة سهم الجنوب للتطوير العقاري,,developer,,1659,,الهيئة العامة للعقار — المنشآت المؤهلة (وافي),https://rega.gov.sa/en/rega-services/platforms/wafi-off-plan-sales-and-lease/?currentDeveloperPage=13&tabActive=Wafi+Developers,2026-10-01,1659:شركة سهم الجنوب للتطوير العقاري
شركة سهم النموذجية العقارية,,developer,,2508,,الهيئة العامة للعقار — المنشآت المؤهلة (وافي),https://rega.gov.sa/en/rega-services/platforms/wafi-off-plan-sales-and-lease/?currentDeveloperPage=87&tabActive=Wafi+Developers,2026-10-01,2508:شركة سهم النموذجية العقارية
شركة سهم واحد القابضة,,developer,,2329,,الهيئة العامة للعقار — المنشآت المؤهلة (وافي),https://rega.gov.sa/en/rega-services/platforms/wafi-off-plan-sales-and-lease/?currentDeveloperPage=64&tabActive=Wafi+Developers,2026-10-01,2329:شركة سهم واحد القابضة
شركة سهيل ستار للتطوير العقاري شخص واحد,,developer,,2030,,الهيئة العامة للعقار — المنشآت المؤهلة (وافي),https://rega.gov.sa/en/rega-services/platforms/wafi-off-plan-sales-and-lease/?currentDeveloperPage=37&tabActive=Wafi+Developers,2026-10-01,2030:شركة سهيل ستار للتطوير العقاري شخص واحد
شركة سهيل طيبة للتطوير العقاري,,developer,,2144,,الهيئة العامة للعقار — المنشآت المؤهلة (وافي),https://rega.gov.sa/en/rega-services/platforms/wafi-off-plan-sales-and-lease/?currentDeveloperPage=47&tabActive=Wafi+Developers,2026-10-01,2144:شركة سهيل طيبة للتطوير العقاري
شركة سواعد الماسية للتطوير العقاري,,developer,,2538,,الهيئة العامة للعقار — المنشآت المؤهلة (وافي),https://rega.gov.sa/en/rega-services/platforms/wafi-off-plan-sales-and-lease/?currentDeveloperPage=89&tabActive=Wafi+Developers,2026-10-01,2538:شركة سواعد الماسية للتطوير العقاري
شركة سيادة العمار,,developer,,1434,,الهيئة العامة للعقار — المنشآت المؤهلة (وافي),https://rega.gov.sa/en/rega-services/platforms/wafi-off-plan-sales-and-lease/?currentDeveloperPage=24&tabActive=Wafi+Developers,2026-10-01,1434:شركة سيادة العمار
شركة سيتي دوم,,developer,,2291,,الهيئة العامة للعقار — المنشآت المؤهلة (وافي),https://rega.gov.sa/en/rega-services/platforms/wafi-off-plan-sales-and-lease/?currentDeveloperPage=66&tabActive=Wafi+Developers,2026-10-01,2291:شركة سيتي دوم
شركة سيل نجد للتطوير والاستثمار العقاري شخص واحد,,developer,,1685,,الهيئة العامة للعقار — المنشآت المؤهلة (وافي),https://rega.gov.sa/en/rega-services/platforms/wafi-off-plan-sales-and-lease/?currentDeveloperPage=14&tabActive=Wafi+Developers,2026-10-01,1685:شركة سيل نجد للتطوير والاستثمار العقاري شخص واحد
شركة سين المعمارية العقارية,,developer,,2015,,الهيئة العامة للعقار — المنشآت المؤهلة (وافي),https://rega.gov.sa/en/rega-services/platforms/wafi-off-plan-sales-and-lease/?currentDeveloperPage=41&tabActive=Wafi+Developers,2026-10-01,2015:شركة سين المعمارية العقارية
شركة سينين المستقبل للتطوير والاستثمار العقاري,,developer,,2419,,الهيئة العامة للعقار — المنشآت المؤهلة (وافي),https://rega.gov.sa/en/rega-services/platforms/wafi-off-plan-sales-and-lease/?currentDeveloperPage=78&tabActive=Wafi+Developers,2026-10-01,2419:شركة سينين المستقبل للتطوير والاستثمار العقاري
شركة شاد البنيان العقارية,,developer,,2110,,الهيئة العامة للعقار — المنشآت المؤهلة (وافي),https://rega.gov.sa/en/rega-services/platforms/wafi-off-plan-sales-and-lease/?currentDeveloperPage=47&tabActive=Wafi+Developers,2026-10-01,2110:شركة شاد البنيان العقارية
شركة شارف للأستثمار,,developer,,2341,,الهيئة العامة للعقار — المنشآت المؤهلة (وافي),https://rega.gov.sa/en/rega-services/platforms/wafi-off-plan-sales-and-lease/?currentDeveloperPage=71&tabActive=Wafi+Developers,2026-10-01,2341:شركة شارف للأستثمار
شركة شاهقة العقارية,,developer,,2170,,الهيئة العامة للعقار — المنشآت المؤهلة (وافي),https://rega.gov.sa/en/rega-services/platforms/wafi-off-plan-sales-and-lease/?currentDeveloperPage=54&tabActive=Wafi+Developers,2026-10-01,2170:شركة شاهقة العقارية
شركة شرفة المسكن للخدمات العقارية,,developer,,1587,,الهيئة العامة للعقار — المنشآت المؤهلة (وافي),https://rega.gov.sa/en/rega-services/platforms/wafi-off-plan-sales-and-lease/?currentDeveloperPage=28&tabActive=Wafi+Developers,2026-10-01,1587:شركة شرفة المسكن للخدمات العقارية
شركة شرفة للتطوير العقاري,,developer,,1462,,الهيئة العامة للعقار — المنشآت المؤهلة (وافي),https://rega.gov.sa/en/rega-services/platforms/wafi-off-plan-sales-and-lease/?currentDeveloperPage=48&tabActive=Wafi+Developers,2026-10-01,1462:شركة شرفة للتطوير العقاري
شركة شركاء الثقة العقارية,,developer,,768,,الهيئة العامة للعقار — المنشآت المؤهلة (وافي),https://rega.gov.sa/en/rega-services/platforms/wafi-off-plan-sales-and-lease/?currentDeveloperPage=15&tabActive=Wafi+Developers,2026-10-01,768:شركة شركاء الثقة العقارية
شركة شغن المحدودة,,developer,,2159,,الهيئة العامة للعقار — المنشآت المؤهلة (وافي),https://rega.gov.sa/en/rega-services/platforms/wafi-off-plan-sales-and-lease/?currentDeveloperPage=44&tabActive=Wafi+Developers,2026-10-01,2159:شركة شغن المحدودة
شركة شموخ الماسة العقارية,,developer,,1732,,الهيئة العامة للعقار — المنشآت المؤهلة (وافي),https://rega.gov.sa/en/rega-services/platforms/wafi-off-plan-sales-and-lease/?currentDeveloperPage=18&tabActive=Wafi+Developers,2026-10-01,1732:شركة شموخ الماسة العقارية
شركة شمول القابضة,,developer,,2293,,الهيئة العامة للعقار — المنشآت المؤهلة (وافي),https://rega.gov.sa/en/rega-services/platforms/wafi-off-plan-sales-and-lease/?currentDeveloperPage=67&tabActive=Wafi+Developers,2026-10-01,2293:شركة شمول القابضة
شركة شهلاء العالمية التجارية,,developer,,28,,الهيئة العامة للعقار — المنشآت المؤهلة (وافي),https://rega.gov.sa/en/rega-services/platforms/wafi-off-plan-sales-and-lease/?currentDeveloperPage=7&tabActive=Wafi+Developers,2026-10-01,28:شركة شهلاء العالمية التجارية
شركة شهم العمران للتطوير العقاري,,developer,,2286,,الهيئة العامة للعقار — المنشآت المؤهلة (وافي),https://rega.gov.sa/en/rega-services/platforms/wafi-off-plan-sales-and-lease/?currentDeveloperPage=66&tabActive=Wafi+Developers,2026-10-01,2286:شركة شهم العمران للتطوير العقاري
شركة شهم هوم,,developer,,2003,,الهيئة العامة للعقار — المنشآت المؤهلة (وافي),https://rega.gov.sa/en/rega-services/platforms/wafi-off-plan-sales-and-lease/?currentDeveloperPage=39&tabActive=Wafi+Developers,2026-10-01,2003:شركة شهم هوم
شركة شور الإمدادات للخدمات اللوجستية,,developer,,2297,,الهيئة العامة للعقار — المنشآت المؤهلة (وافي),https://rega.gov.sa/en/rega-services/platforms/wafi-off-plan-sales-and-lease/?currentDeveloperPage=69&tabActive=Wafi+Developers,2026-10-01,2297:شركة شور الإمدادات للخدمات اللوجستية
شركة شوق البلد العقارية,,developer,,2019,,الهيئة العامة للعقار — المنشآت المؤهلة (وافي),https://rega.gov.sa/en/rega-services/platforms/wafi-off-plan-sales-and-lease/?currentDeveloperPage=36&tabActive=Wafi+Developers,2026-10-01,2019:شركة شوق البلد العقارية
شركة شيد المتكاملة,,developer,,2522,,الهيئة العامة للعقار — المنشآت المؤهلة (وافي),https://rega.gov.sa/en/rega-services/platforms/wafi-off-plan-sales-and-lease/?currentDeveloperPage=84&tabActive=Wafi+Developers,2026-10-01,2522:شركة شيد المتكاملة
شركة صاد الغرب للتطوير والاستثمار العقاري شخص واحد,,developer,,1990,,الهيئة العامة للعقار — المنشآت المؤهلة (وافي),https://rega.gov.sa/en/rega-services/platforms/wafi-off-plan-sales-and-lease/?currentDeveloperPage=36&tabActive=Wafi+Developers,2026-10-01,1990:شركة صاد الغرب للتطوير والاستثمار العقاري شخص واحد
شركة صالح عبدالله الفايزي العقارية,,developer,,2085,,الهيئة العامة للعقار — المنشآت المؤهلة (وافي),https://rega.gov.sa/en/rega-services/platforms/wafi-off-plan-sales-and-lease/?currentDeveloperPage=35&tabActive=Wafi+Developers,2026-10-01,2085:شركة صالح عبدالله الفايزي العقارية
شركة صحار العقارية,,developer,,2470,,الهيئة العامة للعقار — المنشآت المؤهلة (وافي),https://rega.gov.sa/en/rega-services/platforms/wafi-off-plan-sales-and-lease/?currentDeveloperPage=85&tabActive=Wafi+Developers,2026-10-01,2470:شركة صحار العقارية
شركة صدح للتطوير والاستثمار العقاري,,developer,,1939,,الهيئة العامة للعقار — المنشآت المؤهلة (وافي),https://rega.gov.sa/en/rega-services/platforms/wafi-off-plan-sales-and-lease/?currentDeveloperPage=32&tabActive=Wafi+Developers,2026-10-01,1939:شركة صدح للتطوير والاستثمار العقاري
شركة صرح الانجاز للتطوير والاستثمار العقاري شركة شخص واحد,,developer,,2441,,الهيئة العامة للعقار — المنشآت المؤهلة (وافي),https://rega.gov.sa/en/rega-services/platforms/wafi-off-plan-sales-and-lease/?currentDeveloperPage=82&tabActive=Wafi+Developers,2026-10-01,2441:شركة صرح الانجاز للتطوير والاستثمار العقاري شركة شخص واحد
شركة صرح الانجاز للتطوير والاستثمار العقاري شركة شخص واحد,,developer,,2441,,الهيئة العامة للعقار — المنشآت المؤهلة (وافي),https://rega.gov.sa/en/rega-services/platforms/wafi-off-plan-sales-and-lease/?currentDeveloperPage=83&tabActive=Wafi+Developers,2026-10-01,2441:شركة صرح الانجاز للتطوير والاستثمار العقاري شركة شخص واحد
شركة صروح الخيال للتطوير العقاري,,developer,,1604,,الهيئة العامة للعقار — المنشآت المؤهلة (وافي),https://rega.gov.sa/en/rega-services/platforms/wafi-off-plan-sales-and-lease/?currentDeveloperPage=8&tabActive=Wafi+Developers,2026-10-01,1604:شركة صروح الخيال للتطوير العقاري
شركة صريم العقارية,,developer,,1967,,الهيئة العامة للعقار — المنشآت المؤهلة (وافي),https://rega.gov.sa/en/rega-services/platforms/wafi-off-plan-sales-and-lease/?currentDeveloperPage=35&tabActive=Wafi+Developers,2026-10-01,1967:شركة صريم العقارية
شركة صفا للاستثمار,,developer,,1571,,الهيئة العامة للعقار — المنشآت المؤهلة (وافي),https://rega.gov.sa/en/rega-services/platforms/wafi-off-plan-sales-and-lease/?currentDeveloperPage=22&tabActive=Wafi+Developers,2026-10-01,1571:شركة صفا للاستثمار
شركة صفا للاستثمار,,developer,,686,,الهيئة العامة للعقار — المنشآت المؤهلة (وافي),https://rega.gov.sa/en/rega-services/platforms/wafi-off-plan-sales-and-lease/?currentDeveloperPage=5&tabActive=Wafi+Developers,2026-10-01,686:شركة صفا للاستثمار
شركة صقور التشييد,,developer,,2244,,الهيئة العامة للعقار — المنشآت المؤهلة (وافي),https://rega.gov.sa/en/rega-services/platforms/wafi-off-plan-sales-and-lease/?currentDeveloperPage=56&tabActive=Wafi+Developers,2026-10-01,2244:شركة صقور التشييد
شركة صك العقارية شركة شخص واحد,,developer,,1539,,الهيئة العامة للعقار — المنشآت المؤهلة (وافي),https://rega.gov.sa/en/rega-services/platforms/wafi-off-plan-sales-and-lease/?currentDeveloperPage=5&tabActive=Wafi+Developers,2026-10-01,1539:شركة صك العقارية شركة شخص واحد
شركة صك العقارية شركة شخص واحد,,developer,,2354,,الهيئة العامة للعقار — المنشآت المؤهلة (وافي),https://rega.gov.sa/en/rega-services/platforms/wafi-off-plan-sales-and-lease/?currentDeveloperPage=70&tabActive=Wafi+Developers,2026-10-01,2354:شركة صك العقارية شركة شخص واحد
شركة صمد للتطوير والاستثمار العقاري,,developer,,1866,,الهيئة العامة للعقار — المنشآت المؤهلة (وافي),https://rega.gov.sa/en/rega-services/platforms/wafi-off-plan-sales-and-lease/?currentDeveloperPage=25&tabActive=Wafi+Developers,2026-10-01,1866:شركة صمد للتطوير والاستثمار العقاري
شركة صميم العقارية,,developer,,1963,,الهيئة العامة للعقار — المنشآت المؤهلة (وافي),https://rega.gov.sa/en/rega-services/platforms/wafi-off-plan-sales-and-lease/?currentDeveloperPage=33&tabActive=Wafi+Developers,2026-10-01,1963:شركة صميم العقارية
شركة صندوق أرض الفرص الانماء السابع,,developer,,2267,,الهيئة العامة للعقار — المنشآت المؤهلة (وافي),https://rega.gov.sa/en/rega-services/platforms/wafi-off-plan-sales-and-lease/?currentDeveloperPage=62&tabActive=Wafi+Developers,2026-10-01,2267:شركة صندوق أرض الفرص الانماء السابع
شركة صندوق أساس تتمة العقارية,,developer,,1567,,الهيئة العامة للعقار — المنشآت المؤهلة (وافي),https://rega.gov.sa/en/rega-services/platforms/wafi-off-plan-sales-and-lease/?currentDeveloperPage=10&tabActive=Wafi+Developers,2026-10-01,1567:شركة صندوق أساس تتمة العقارية
شركة صندوق الجزيرة رافن الثانية,,developer,,2002,,الهيئة العامة للعقار — المنشآت المؤهلة (وافي),https://rega.gov.sa/en/rega-services/platforms/wafi-off-plan-sales-and-lease/?currentDeveloperPage=39&tabActive=Wafi+Developers,2026-10-01,2002:شركة صندوق الجزيرة رافن الثانية
شركة صندوق الرابع عشر العقارية,,developer,,2536,,الهيئة العامة للعقار — المنشآت المؤهلة (وافي),https://rega.gov.sa/en/rega-services/platforms/wafi-off-plan-sales-and-lease/?currentDeveloperPage=89&tabActive=Wafi+Developers,2026-10-01,2536:شركة صندوق الرابع عشر العقارية
شركة صندوق بوابة العوالي,,developer,,2125,,الهيئة العامة للعقار — المنشآت المؤهلة (وافي),https://rega.gov.sa/en/rega-services/platforms/wafi-off-plan-sales-and-lease/?currentDeveloperPage=48&tabActive=Wafi+Developers,2026-10-01,2125:شركة صندوق بوابة العوالي
شركة صندوق درة الغربية للاستثمار,,developer,,1981,,الهيئة العامة للعقار — المنشآت المؤهلة (وافي),https://rega.gov.sa/en/rega-services/platforms/wafi-off-plan-sales-and-lease/?currentDeveloperPage=36&tabActive=Wafi+Developers,2026-10-01,1981:شركة صندوق درة الغربية للاستثمار
شركة ضاحية النرجس للتطوير والاستثمار العقاري,,developer,,753,,الهيئة العامة للعقار — المنشآت المؤهلة (وافي),https://rega.gov.sa/en/rega-services/platforms/wafi-off-plan-sales-and-lease/?currentDeveloperPage=15&tabActive=Wafi+Developers,2026-10-01,753:شركة ضاحية النرجس للتطوير والاستثمار العقاري
شركة ضاحية مروج جدة المحدودة,,developer,,1182,,الهيئة العامة للعقار — المنشآت المؤهلة (وافي),https://rega.gov.sa/en/rega-services/platforms/wafi-off-plan-sales-and-lease/?currentDeveloperPage=68&tabActive=Wafi+Developers,2026-10-01,1182:شركة ضاحية مروج جدة المحدودة
شركة ضفاف الشرق للتطوير العقاري,,developer,,2067,,الهيئة العامة للعقار — المنشآت المؤهلة (وافي),https://rega.gov.sa/en/rega-services/platforms/wafi-off-plan-sales-and-lease/?currentDeveloperPage=31&tabActive=Wafi+Developers,2026-10-01,2067:شركة ضفاف الشرق للتطوير العقاري
شركة ضمان الاعمال للتطوير العقاري,,developer,,2539,,الهيئة العامة للعقار — المنشآت المؤهلة (وافي),https://rega.gov.sa/en/rega-services/platforms/wafi-off-plan-sales-and-lease/?currentDeveloperPage=85&tabActive=Wafi+Developers,2026-10-01,2539:شركة ضمان الاعمال للتطوير العقاري
شركة طارق سعد النفجان,,developer,,1854,,الهيئة العامة للعقار — المنشآت المؤهلة (وافي),https://rega.gov.sa/en/rega-services/platforms/wafi-off-plan-sales-and-lease/?currentDeveloperPage=25&tabActive=Wafi+Developers,2026-10-01,1854:شركة طارق سعد النفجان
شركة طايا العقارية,,developer,,1647,,الهيئة العامة للعقار — المنشآت المؤهلة (وافي),https://rega.gov.sa/en/rega-services/platforms/wafi-off-plan-sales-and-lease/?currentDeveloperPage=11&tabActive=Wafi+Developers,2026-10-01,1647:شركة طايا العقارية
شركة طراز البنيان,,developer,,2574,,الهيئة العامة للعقار — المنشآت المؤهلة (وافي),https://rega.gov.sa/en/rega-services/platforms/wafi-off-plan-sales-and-lease/?currentDeveloperPage=76&tabActive=Wafi+Developers,2026-10-01,2574:شركة طراز البنيان
شركة طراز العربية مساهمه مقفله,,developer,,1667,,الهيئة العامة للعقار — المنشآت المؤهلة (وافي),https://rega.gov.sa/en/rega-services/platforms/wafi-off-plan-sales-and-lease/?currentDeveloperPage=13&tabActive=Wafi+Developers,2026-10-01,1667:شركة طراز العربية مساهمه مقفله
شركة طراز العقارية,,developer,,1560,,الهيئة العامة للعقار — المنشآت المؤهلة (وافي),https://rega.gov.sa/en/rega-services/platforms/wafi-off-plan-sales-and-lease/?currentDeveloperPage=17&tabActive=Wafi+Developers,2026-10-01,1560:شركة طراز العقارية
شركة طروق العمار للتطوير العقاري شركة شخص واحد,,developer,,1887,,الهيئة العامة للعقار — المنشآت المؤهلة (وافي),https://rega.gov.sa/en/rega-services/platforms/wafi-off-plan-sales-and-lease/?currentDeveloperPage=22&tabActive=Wafi+Developers,2026-10-01,1887:شركة طروق العمار للتطوير العقاري شركة شخص واحد
شركة طيبه للاستثمار,,developer,,2409,,الهيئة العامة للعقار — المنشآت المؤهلة (وافي),https://rega.gov.sa/en/rega-services/platforms/wafi-off-plan-sales-and-lease/?currentDeveloperPage=78&tabActive=Wafi+Developers,2026-10-01,2409:شركة طيبه للاستثمار
شركة عاصم عبدالعزيز بن علي الحمد للعقارات شركة شخص واحد,,developer,,1993,,الهيئة العامة للعقار — المنشآت المؤهلة (وافي),https://rega.gov.sa/en/rega-services/platforms/wafi-off-plan-sales-and-lease/?currentDeveloperPage=30&tabActive=Wafi+Developers,2026-10-01,1993:شركة عاصم عبدالعزيز بن علي الحمد للعقارات شركة شخص واحد
شركة عالم الأفق المحدودة,,developer,,2243,,الهيئة العامة للعقار — المنشآت المؤهلة (وافي),https://rega.gov.sa/en/rega-services/platforms/wafi-off-plan-sales-and-lease/?currentDeveloperPage=57&tabActive=Wafi+Developers,2026-10-01,2243:شركة عالم الأفق المحدودة
شركة عالية المتحدة للتطوير والاستثمار العقاري,,developer,,2276,,الهيئة العامة للعقار — المنشآت المؤهلة (وافي),https://rega.gov.sa/en/rega-services/platforms/wafi-off-plan-sales-and-lease/?currentDeveloperPage=66&tabActive=Wafi+Developers,2026-10-01,2276:شركة عالية المتحدة للتطوير والاستثمار العقاري
شركة عامرة العقارية,,developer,,2453,,الهيئة العامة للعقار — المنشآت المؤهلة (وافي),https://rega.gov.sa/en/rega-services/platforms/wafi-off-plan-sales-and-lease/?currentDeveloperPage=83&tabActive=Wafi+Developers,2026-10-01,2453:شركة عامرة العقارية
شركة عبد العزيز حمد العدوان للتطوير العقاري شركة شخص واحد,,developer,,1481,,الهيئة العامة للعقار — المنشآت المؤهلة (وافي),https://rega.gov.sa/en/rega-services/platforms/wafi-off-plan-sales-and-lease/?currentDeveloperPage=17&tabActive=Wafi+Developers,2026-10-01,1481:شركة عبد العزيز حمد العدوان للتطوير العقاري شركة شخص واحد
شركة عبدالجبار هلال آل داود للتطوير والاستثمار العقاري,,developer,,2347,,الهيئة العامة للعقار — المنشآت المؤهلة (وافي),https://rega.gov.sa/en/rega-services/platforms/wafi-off-plan-sales-and-lease/?currentDeveloperPage=69&tabActive=Wafi+Developers,2026-10-01,2347:شركة عبدالجبار هلال آل داود للتطوير والاستثمار العقاري
شركة عبدالعزيز عبدالله الهديب للاستثمار,,developer,,1805,,الهيئة العامة للعقار — المنشآت المؤهلة (وافي),https://rega.gov.sa/en/rega-services/platforms/wafi-off-plan-sales-and-lease/?currentDeveloperPage=22&tabActive=Wafi+Developers,2026-10-01,1805:شركة عبدالعزيز عبدالله الهديب للاستثمار
شركة عبدالعزيز محمد شماشير للتطوير والاستثمار العقاري,,developer,,2466,,الهيئة العامة للعقار — المنشآت المؤهلة (وافي),https://rega.gov.sa/en/rega-services/platforms/wafi-off-plan-sales-and-lease/?currentDeveloperPage=83&tabActive=Wafi+Developers,2026-10-01,2466:شركة عبدالعزيز محمد شماشير للتطوير والاستثمار العقاري
شركة عبدالعزيز موسى الموسى,,developer,,2429,,الهيئة العامة للعقار — المنشآت المؤهلة (وافي),https://rega.gov.sa/en/rega-services/platforms/wafi-off-plan-sales-and-lease/?currentDeveloperPage=81&tabActive=Wafi+Developers,2026-10-01,2429:شركة عبدالعزيز موسى الموسى
شركة عبدالغفار عبدالرحيم الكوهجي,,developer,,1922,,الهيئة العامة للعقار — المنشآت المؤهلة (وافي),https://rega.gov.sa/en/rega-services/platforms/wafi-off-plan-sales-and-lease/?currentDeveloperPage=32&tabActive=Wafi+Developers,2026-10-01,1922:شركة عبدالغفار عبدالرحيم الكوهجي
شركة عبدالله العثيم للاستثمار مساهمة مقفلة,,developer,,1877,,الهيئة العامة للعقار — المنشآت المؤهلة (وافي),https://rega.gov.sa/en/rega-services/platforms/wafi-off-plan-sales-and-lease/?currentDeveloperPage=28&tabActive=Wafi+Developers,2026-10-01,1877:شركة عبدالله العثيم للاستثمار مساهمة مقفلة
شركة عبدالله ثنيان عبدالله العبيكان للتطوير والاستثمار العقاري,,developer,,1850,,الهيئة العامة للعقار — المنشآت المؤهلة (وافي),https://rega.gov.sa/en/rega-services/platforms/wafi-off-plan-sales-and-lease/?currentDeveloperPage=21&tabActive=Wafi+Developers,2026-10-01,1850:شركة عبدالله ثنيان عبدالله العبيكان للتطوير والاستثمار العقاري
شركة عبدالله عبدالمحسن عبدالله العضيب العقارية شركة شخص واحد,,developer,,1532,,الهيئة العامة للعقار — المنشآت المؤهلة (وافي),https://rega.gov.sa/en/rega-services/platforms/wafi-off-plan-sales-and-lease/?currentDeveloperPage=4&tabActive=Wafi+Developers,2026-10-01,1532:شركة عبدالله عبدالمحسن عبدالله العضيب العقارية شركة شخص واحد
شركة عبدالله عبدالمحسن عبدالله العضيب العقارية شركة شخص واحد,,developer,,1540,,الهيئة العامة للعقار — المنشآت المؤهلة (وافي),https://rega.gov.sa/en/rega-services/platforms/wafi-off-plan-sales-and-lease/?currentDeveloperPage=26&tabActive=Wafi+Developers,2026-10-01,1540:شركة عبدالله عبدالمحسن عبدالله العضيب العقارية شركة شخص واحد
شركة عبدالله عبدالمحسن عبدالله العضيب العقارية شركة شخص واحد,,developer,,41,,الهيئة العامة للعقار — المنشآت المؤهلة (وافي),https://rega.gov.sa/en/rega-services/platforms/wafi-off-plan-sales-and-lease/?currentDeveloperPage=9&tabActive=Wafi+Developers,2026-10-01,41:شركة عبدالله عبدالمحسن عبدالله العضيب العقارية شركة شخص واحد
شركة عبر المملكة العقارية,,developer,,1638,,الهيئة العامة للعقار — المنشآت المؤهلة (وافي),https://rega.gov.sa/en/rega-services/platforms/wafi-off-plan-sales-and-lease/?currentDeveloperPage=13&tabActive=Wafi+Developers,2026-10-01,1638:شركة عبر المملكة العقارية
شركة عراقة التطوير العقارية,,developer,,2229,,الهيئة العامة للعقار — المنشآت المؤهلة (وافي),https://rega.gov.sa/en/rega-services/platforms/wafi-off-plan-sales-and-lease/?currentDeveloperPage=64&tabActive=Wafi+Developers,2026-10-01,2229:شركة عراقة التطوير العقارية
شركة عرش العالمية العقارية,,developer,,1377,,الهيئة العامة للعقار — المنشآت المؤهلة (وافي),https://rega.gov.sa/en/rega-services/platforms/wafi-off-plan-sales-and-lease/?currentDeveloperPage=19&tabActive=Wafi+Developers,2026-10-01,1377:شركة عرش العالمية العقارية
شركة عروبة للاستثمار,,developer,,1915,,الهيئة العامة للعقار — المنشآت المؤهلة (وافي),https://rega.gov.sa/en/rega-services/platforms/wafi-off-plan-sales-and-lease/?currentDeveloperPage=30&tabActive=Wafi+Developers,2026-10-01,1915:شركة عروبة للاستثمار
شركة عز الدولية للمقاولات,,developer,,1892,,الهيئة العامة للعقار — المنشآت المؤهلة (وافي),https://rega.gov.sa/en/rega-services/platforms/wafi-off-plan-sales-and-lease/?currentDeveloperPage=27&tabActive=Wafi+Developers,2026-10-01,1892:شركة عز الدولية للمقاولات
شركة عصام بن سالم بن محمد الهلالي للتطوير العقاري شخص واحد,,developer,,2544,,الهيئة العامة للعقار — المنشآت المؤهلة (وافي),https://rega.gov.sa/en/rega-services/platforms/wafi-off-plan-sales-and-lease/?currentDeveloperPage=86&tabActive=Wafi+Developers,2026-10-01,2544:شركة عصام بن سالم بن محمد الهلالي للتطوير العقاري شخص واحد
شركة عقاركو العقارية شركة شخص واحد,,developer,,2440,,الهيئة العامة للعقار — المنشآت المؤهلة (وافي),https://rega.gov.sa/en/rega-services/platforms/wafi-off-plan-sales-and-lease/?currentDeveloperPage=79&tabActive=Wafi+Developers,2026-10-01,2440:شركة عقاركو العقارية شركة شخص واحد
شركة عقارنا العقارية,,developer,,1671,,الهيئة العامة للعقار — المنشآت المؤهلة (وافي),https://rega.gov.sa/en/rega-services/platforms/wafi-off-plan-sales-and-lease/?currentDeveloperPage=44&tabActive=Wafi+Developers,2026-10-01,1671:شركة عقارنا العقارية
شركة عقارنا العقارية,,developer,,32,,الهيئة العامة للعقار — المنشآت المؤهلة (وافي),https://rega.gov.sa/en/rega-services/platforms/wafi-off-plan-sales-and-lease/?currentDeveloperPage=7&tabActive=Wafi+Developers,2026-10-01,32:شركة عقارنا العقارية
شركة عقد المتحدة العقارية شركة شخص واحد,,developer,,1357,,الهيئة العامة للعقار — المنشآت المؤهلة (وافي),https://rega.gov.sa/en/rega-services/platforms/wafi-off-plan-sales-and-lease/?currentDeveloperPage=5&tabActive=Wafi+Developers,2026-10-01,1357:شركة عقد المتحدة العقارية شركة شخص واحد
شركة عقود العقارية المحدودة شركة شخص واحد,,developer,,2308,,الهيئة العامة للعقار — المنشآت المؤهلة (وافي),https://rega.gov.sa/en/rega-services/platforms/wafi-off-plan-sales-and-lease/?currentDeveloperPage=28&tabActive=Wafi+Developers,2026-10-01,2308:شركة عقود العقارية المحدودة شركة شخص واحد
شركة عكل التجارية,,developer,,2401,,الهيئة العامة للعقار — المنشآت المؤهلة (وافي),https://rega.gov.sa/en/rega-services/platforms/wafi-off-plan-sales-and-lease/?currentDeveloperPage=76&tabActive=Wafi+Developers,2026-10-01,2401:شركة عكل التجارية
شركة علا التميز للاستثمار والتسويق العقاري,,developer,,1995,,الهيئة العامة للعقار — المنشآت المؤهلة (وافي),https://rega.gov.sa/en/rega-services/platforms/wafi-off-plan-sales-and-lease/?currentDeveloperPage=37&tabActive=Wafi+Developers,2026-10-01,1995:شركة علا التميز للاستثمار والتسويق العقاري
شركة علو الخير للتطوير العقاري,,developer,,1893,,الهيئة العامة للعقار — المنشآت المؤهلة (وافي),https://rega.gov.sa/en/rega-services/platforms/wafi-off-plan-sales-and-lease/?currentDeveloperPage=29&tabActive=Wafi+Developers,2026-10-01,1893:شركة علو الخير للتطوير العقاري
شركة علو العقارية,,developer,,1713,,الهيئة العامة للعقار — المنشآت المؤهلة (وافي),https://rega.gov.sa/en/rega-services/platforms/wafi-off-plan-sales-and-lease/?currentDeveloperPage=16&tabActive=Wafi+Developers,2026-10-01,1713:شركة علو العقارية
شركة علي شار العقارية المحدودة,,developer,,1802,,الهيئة العامة للعقار — المنشآت المؤهلة (وافي),https://rega.gov.sa/en/rega-services/platforms/wafi-off-plan-sales-and-lease/?currentDeveloperPage=20&tabActive=Wafi+Developers,2026-10-01,1802:شركة علي شار العقارية المحدودة
شركة علي عبدالرحمن البسام للتطوير العقاري,,developer,,1833,,الهيئة العامة للعقار — المنشآت المؤهلة (وافي),https://rega.gov.sa/en/rega-services/platforms/wafi-off-plan-sales-and-lease/?currentDeveloperPage=25&tabActive=Wafi+Developers,2026-10-01,1833:شركة علي عبدالرحمن البسام للتطوير العقاري
شركة عليون للتطوير والاستثمار العقاري,,developer,,2216,,الهيئة العامة للعقار — المنشآت المؤهلة (وافي),https://rega.gov.sa/en/rega-services/platforms/wafi-off-plan-sales-and-lease/?currentDeveloperPage=42&tabActive=Wafi+Developers,2026-10-01,2216:شركة عليون للتطوير والاستثمار العقاري
شركة عمار التطوير للمقاولات العامة,,developer,,1259,,الهيئة العامة للعقار — المنشآت المؤهلة (وافي),https://rega.gov.sa/en/rega-services/platforms/wafi-off-plan-sales-and-lease/?currentDeveloperPage=88&tabActive=Wafi+Developers,2026-10-01,1259:شركة عمار التطوير للمقاولات العامة
شركة عمار التطوير للمقاولات العامة,,developer,,1603,,الهيئة العامة للعقار — المنشآت المؤهلة (وافي),https://rega.gov.sa/en/rega-services/platforms/wafi-off-plan-sales-and-lease/?currentDeveloperPage=51&tabActive=Wafi+Developers,2026-10-01,1603:شركة عمار التطوير للمقاولات العامة
شركة عمار العلا للعقارات شركة شخص واحد,,developer,,1654,,الهيئة العامة للعقار — المنشآت المؤهلة (وافي),https://rega.gov.sa/en/rega-services/platforms/wafi-off-plan-sales-and-lease/?currentDeveloperPage=13&tabActive=Wafi+Developers,2026-10-01,1654:شركة عمار العلا للعقارات شركة شخص واحد
شركة عمد التعمير,,developer,,2499,,الهيئة العامة للعقار — المنشآت المؤهلة (وافي),https://rega.gov.sa/en/rega-services/platforms/wafi-off-plan-sales-and-lease/?currentDeveloperPage=86&tabActive=Wafi+Developers,2026-10-01,2499:شركة عمد التعمير
شركة عمر بن عبدالرحمن الزرعه وشركاؤه,,developer,,1589,,الهيئة العامة للعقار — المنشآت المؤهلة (وافي),https://rega.gov.sa/en/rega-services/platforms/wafi-off-plan-sales-and-lease/?currentDeveloperPage=10&tabActive=Wafi+Developers,2026-10-01,1589:شركة عمر بن عبدالرحمن الزرعه وشركاؤه
شركة عمر سلمان آل مفرح للتطوير والاستثمار العقاري,,developer,,1759,,الهيئة العامة للعقار — المنشآت المؤهلة (وافي),https://rega.gov.sa/en/rega-services/platforms/wafi-off-plan-sales-and-lease/?currentDeveloperPage=19&tabActive=Wafi+Developers,2026-10-01,1759:شركة عمر سلمان آل مفرح للتطوير والاستثمار العقاري
شركة عمران الجزيرة العقارية,,developer,,2026,,الهيئة العامة للعقار — المنشآت المؤهلة (وافي),https://rega.gov.sa/en/rega-services/platforms/wafi-off-plan-sales-and-lease/?currentDeveloperPage=41&tabActive=Wafi+Developers,2026-10-01,2026:شركة عمران الجزيرة العقارية
شركة عمراني العامة المحدودة,,developer,,1832,,الهيئة العامة للعقار — المنشآت المؤهلة (وافي),https://rega.gov.sa/en/rega-services/platforms/wafi-off-plan-sales-and-lease/?currentDeveloperPage=23&tabActive=Wafi+Developers,2026-10-01,1832:شركة عمراني العامة المحدودة
شركة عنان العقار,,developer,,2465,,الهيئة العامة للعقار — المنشآت المؤهلة (وافي),https://rega.gov.sa/en/rega-services/platforms/wafi-off-plan-sales-and-lease/?currentDeveloperPage=78&tabActive=Wafi+Developers,2026-10-01,2465:شركة عنان العقار
شركة عود العقارية,,developer,,1681,,الهيئة العامة للعقار — المنشآت المؤهلة (وافي),https://rega.gov.sa/en/rega-services/platforms/wafi-off-plan-sales-and-lease/?currentDeveloperPage=15&tabActive=Wafi+Developers,2026-10-01,1681:شركة عود العقارية
شركة عوده مبارك البلادي وأبنائه للمقاولات المحدودة,,developer,,2241,,الهيئة العامة للعقار — المنشآت المؤهلة (وافي),https://rega.gov.sa/en/rega-services/platforms/wafi-off-plan-sales-and-lease/?currentDeveloperPage=61&tabActive=Wafi+Developers,2026-10-01,2241:شركة عوده مبارك البلادي وأبنائه للمقاولات المحدودة
شركة عودية العقارية,,developer,,1979,,الهيئة العامة للعقار — المنشآت المؤهلة (وافي),https://rega.gov.sa/en/rega-services/platforms/wafi-off-plan-sales-and-lease/?currentDeveloperPage=37&tabActive=Wafi+Developers,2026-10-01,1979:شركة عودية العقارية
شركة عون المعالي للتطوير والاستثمار العقاري,,developer,,2578,,الهيئة العامة للعقار — المنشآت المؤهلة (وافي),https://rega.gov.sa/en/rega-services/platforms/wafi-off-plan-sales-and-lease/?currentDeveloperPage=92&tabActive=Wafi+Developers,2026-10-01,2578:شركة عون المعالي للتطوير والاستثمار العقاري
شركة عين المستقبل للتطوير العقاري,,developer,,1664,,الهيئة العامة للعقار — المنشآت المؤهلة (وافي),https://rega.gov.sa/en/rega-services/platforms/wafi-off-plan-sales-and-lease/?currentDeveloperPage=14&tabActive=Wafi+Developers,2026-10-01,1664:شركة عين المستقبل للتطوير العقاري
شركة غصن الأولى للاستثمار,,developer,,1921,,الهيئة العامة للعقار — المنشآت المؤهلة (وافي),https://rega.gov.sa/en/rega-services/platforms/wafi-off-plan-sales-and-lease/?currentDeveloperPage=30&tabActive=Wafi+Developers,2026-10-01,1921:شركة غصن الأولى للاستثمار
شركة غياث محمد القحطاني القابضة,,developer,,2488,,الهيئة العامة للعقار — المنشآت المؤهلة (وافي),https://rega.gov.sa/en/rega-services/platforms/wafi-off-plan-sales-and-lease/?currentDeveloperPage=87&tabActive=Wafi+Developers,2026-10-01,2488:شركة غياث محمد القحطاني القابضة
شركة فؤاد ابن محمدنواوي غزالى,,developer,,1985,,الهيئة العامة للعقار — المنشآت المؤهلة (وافي),https://rega.gov.sa/en/rega-services/platforms/wafi-off-plan-sales-and-lease/?currentDeveloperPage=31&tabActive=Wafi+Developers,2026-10-01,1985:شركة فؤاد ابن محمدنواوي غزالى
شركة فال للمقاولات,,developer,,1812,,الهيئة العامة للعقار — المنشآت المؤهلة (وافي),https://rega.gov.sa/en/rega-services/platforms/wafi-off-plan-sales-and-lease/?currentDeveloperPage=20&tabActive=Wafi+Developers,2026-10-01,1812:شركة فال للمقاولات
شركة فالك العقارية شركة شخص واحد,,developer,,1548,,الهيئة العامة للعقار — المنشآت المؤهلة (وافي),https://rega.gov.sa/en/rega-services/platforms/wafi-off-plan-sales-and-lease/?currentDeveloperPage=13&tabActive=Wafi+Developers,2026-10-01,1548:شركة فالك العقارية شركة شخص واحد
شركة فالي آل فورسان,,developer,,2294,,الهيئة العامة للعقار — المنشآت المؤهلة (وافي),https://rega.gov.sa/en/rega-services/platforms/wafi-off-plan-sales-and-lease/?currentDeveloperPage=66&tabActive=Wafi+Developers,2026-10-01,2294:شركة فالي آل فورسان
شركة فجر التمليك العقارية,,developer,,2406,,الهيئة العامة للعقار — المنشآت المؤهلة (وافي),https://rega.gov.sa/en/rega-services/platforms/wafi-off-plan-sales-and-lease/?currentDeveloperPage=68&tabActive=Wafi+Developers,2026-10-01,2406:شركة فجر التمليك العقارية
شركة فرسان النماء المحدودة,,developer,,496,,الهيئة العامة للعقار — المنشآت المؤهلة (وافي),https://rega.gov.sa/en/rega-services/platforms/wafi-off-plan-sales-and-lease/?currentDeveloperPage=84&tabActive=Wafi+Developers,2026-10-01,496:شركة فرسان النماء المحدودة
شركة فرص اثراء المتطورة العقارية,,developer,,1991,,الهيئة العامة للعقار — المنشآت المؤهلة (وافي),https://rega.gov.sa/en/rega-services/platforms/wafi-off-plan-sales-and-lease/?currentDeveloperPage=36&tabActive=Wafi+Developers,2026-10-01,1991:شركة فرص اثراء المتطورة العقارية
شركة فرع شركة نحو الانجاز للعقارات شركة شخص واحد,,developer,,1028,,الهيئة العامة للعقار — المنشآت المؤهلة (وافي),https://rega.gov.sa/en/rega-services/platforms/wafi-off-plan-sales-and-lease/?currentDeveloperPage=14&tabActive=Wafi+Developers,2026-10-01,1028:شركة فرع شركة نحو الانجاز للعقارات شركة شخص واحد
شركة فرونت ريل إستيت,,developer,,2047,,الهيئة العامة للعقار — المنشآت المؤهلة (وافي),https://rega.gov.sa/en/rega-services/platforms/wafi-off-plan-sales-and-lease/?currentDeveloperPage=44&tabActive=Wafi+Developers,2026-10-01,2047:شركة فرونت ريل إستيت
شركة فروندز,,developer,,2283,,الهيئة العامة للعقار — المنشآت المؤهلة (وافي),https://rega.gov.sa/en/rega-services/platforms/wafi-off-plan-sales-and-lease/?currentDeveloperPage=67&tabActive=Wafi+Developers,2026-10-01,2283:شركة فروندز
شركة فضاءات المدارات للتطوير العقاري,,developer,,1794,,الهيئة العامة للعقار — المنشآت المؤهلة (وافي),https://rega.gov.sa/en/rega-services/platforms/wafi-off-plan-sales-and-lease/?currentDeveloperPage=21&tabActive=Wafi+Developers,2026-10-01,1794:شركة فضاءات المدارات للتطوير العقاري
شركة فلاك للتطوير والاستثمار العقاري شخص واحد,,developer,,1329,,الهيئة العامة للعقار — المنشآت المؤهلة (وافي),https://rega.gov.sa/en/rega-services/platforms/wafi-off-plan-sales-and-lease/?currentDeveloperPage=16&tabActive=Wafi+Developers,2026-10-01,1329:شركة فلاك للتطوير والاستثمار العقاري شخص واحد
شركة فلسفة الفخامة التجارية,,developer,,1585,,الهيئة العامة للعقار — المنشآت المؤهلة (وافي),https://rega.gov.sa/en/rega-services/platforms/wafi-off-plan-sales-and-lease/?currentDeveloperPage=4&tabActive=Wafi+Developers,2026-10-01,1585:شركة فلسفة الفخامة التجارية
شركة فلسفة الفخامة التجارية,,developer,,1650,,الهيئة العامة للعقار — المنشآت المؤهلة (وافي),https://rega.gov.sa/en/rega-services/platforms/wafi-off-plan-sales-and-lease/?currentDeveloperPage=46&tabActive=Wafi+Developers,2026-10-01,1650:شركة فلسفة الفخامة التجارية
شركة فلل الريان للتطوير العقاري,,developer,,1814,,الهيئة العامة للعقار — المنشآت المؤهلة (وافي),https://rega.gov.sa/en/rega-services/platforms/wafi-off-plan-sales-and-lease/?currentDeveloperPage=24&tabActive=Wafi+Developers,2026-10-01,1814:شركة فلل الريان للتطوير العقاري
شركة فوزان مشارف للتطوير العقاري شخص واحد,,developer,,1541,,الهيئة العامة للعقار — المنشآت المؤهلة (وافي),https://rega.gov.sa/en/rega-services/platforms/wafi-off-plan-sales-and-lease/?currentDeveloperPage=37&tabActive=Wafi+Developers,2026-10-01,1541:شركة فوزان مشارف للتطوير العقاري شخص واحد
شركة فوق لتطوير العقاري,,developer,,2363,,الهيئة العامة للعقار — المنشآت المؤهلة (وافي),https://rega.gov.sa/en/rega-services/platforms/wafi-off-plan-sales-and-lease/?currentDeveloperPage=72&tabActive=Wafi+Developers,2026-10-01,2363:شركة فوق لتطوير العقاري
شركة في لاين للتطوير والاستثمار العقاري,,developer,,2119,,الهيئة العامة للعقار — المنشآت المؤهلة (وافي),https://rega.gov.sa/en/rega-services/platforms/wafi-off-plan-sales-and-lease/?currentDeveloperPage=49&tabActive=Wafi+Developers,2026-10-01,2119:شركة في لاين للتطوير والاستثمار العقاري
شركة فيدا تاور,,developer,,2438,,الهيئة العامة للعقار — المنشآت المؤهلة (وافي),https://rega.gov.sa/en/rega-services/platforms/wafi-off-plan-sales-and-lease/?currentDeveloperPage=81&tabActive=Wafi+Developers,2026-10-01,2438:شركة فيدا تاور
شركة فيزيلا او للتطوير والاستثمار العقاري,,developer,,2424,,الهيئة العامة للعقار — المنشآت المؤهلة (وافي),https://rega.gov.sa/en/rega-services/platforms/wafi-off-plan-sales-and-lease/?currentDeveloperPage=80&tabActive=Wafi+Developers,2026-10-01,2424:شركة فيزيلا او للتطوير والاستثمار العقاري
شركة فيصل بن عبدالله بن سعيدان للاستثمار والتطوير العقاري مساهمة مقفلة,,developer,,472,,الهيئة العامة للعقار — المنشآت المؤهلة (وافي),https://rega.gov.sa/en/rega-services/platforms/wafi-off-plan-sales-and-lease/?currentDeveloperPage=13&tabActive=Wafi+Developers,2026-10-01,472:شركة فيصل بن عبدالله بن سعيدان للاستثمار والتطوير العقاري مساهمة مقفلة
شركة فينكس للتطوير العقاري,,developer,,2514,,الهيئة العامة للعقار — المنشآت المؤهلة (وافي),https://rega.gov.sa/en/rega-services/platforms/wafi-off-plan-sales-and-lease/?currentDeveloperPage=89&tabActive=Wafi+Developers,2026-10-01,2514:شركة فينكس للتطوير العقاري
شركة فيو العقارية شركة شخص واحد,,developer,,2248,,الهيئة العامة للعقار — المنشآت المؤهلة (وافي),https://rega.gov.sa/en/rega-services/platforms/wafi-off-plan-sales-and-lease/?currentDeveloperPage=64&tabActive=Wafi+Developers,2026-10-01,2248:شركة فيو العقارية شركة شخص واحد
شركة فيوالمتحدة للتطوير العقاري,,developer,,44,,الهيئة العامة للعقار — المنشآت المؤهلة (وافي),https://rega.gov.sa/en/rega-services/platforms/wafi-off-plan-sales-and-lease/?currentDeveloperPage=9&tabActive=Wafi+Developers,2026-10-01,44:شركة فيوالمتحدة للتطوير العقاري
شركة فيول العالميه للخدمات العقارية,,developer,,2272,,الهيئة العامة للعقار — المنشآت المؤهلة (وافي),https://rega.gov.sa/en/rega-services/platforms/wafi-off-plan-sales-and-lease/?currentDeveloperPage=60&tabActive=Wafi+Developers,2026-10-01,2272:شركة فيول العالميه للخدمات العقارية
شركة قصر القصور للإستثمار,,developer,,1871,,الهيئة العامة للعقار — المنشآت المؤهلة (وافي),https://rega.gov.sa/en/rega-services/platforms/wafi-off-plan-sales-and-lease/?currentDeveloperPage=26&tabActive=Wafi+Developers,2026-10-01,1871:شركة قصر القصور للإستثمار
شركة قطاف للاستثمار والتطوير العقاري,,developer,,1568,,الهيئة العامة للعقار — المنشآت المؤهلة (وافي),https://rega.gov.sa/en/rega-services/platforms/wafi-off-plan-sales-and-lease/?currentDeveloperPage=19&tabActive=Wafi+Developers,2026-10-01,1568:شركة قطاف للاستثمار والتطوير العقاري
شركة قطاف للاستثمار والتطوير العقاري,,developer,,2045,,الهيئة العامة للعقار — المنشآت المؤهلة (وافي),https://rega.gov.sa/en/rega-services/platforms/wafi-off-plan-sales-and-lease/?currentDeveloperPage=31&tabActive=Wafi+Developers,2026-10-01,2045:شركة قطاف للاستثمار والتطوير العقاري
شركة قمرا نجد للتطوير العقاري,,developer,,1948,,الهيئة العامة للعقار — المنشآت المؤهلة (وافي),https://rega.gov.sa/en/rega-services/platforms/wafi-off-plan-sales-and-lease/?currentDeveloperPage=33&tabActive=Wafi+Developers,2026-10-01,1948:شركة قمرا نجد للتطوير العقاري
شركة قمم منازل للتشغيل والصيانة,,developer,,1410,,الهيئة العامة للعقار — المنشآت المؤهلة (وافي),https://rega.gov.sa/en/rega-services/platforms/wafi-off-plan-sales-and-lease/?currentDeveloperPage=45&tabActive=Wafi+Developers,2026-10-01,1410:شركة قمم منازل للتشغيل والصيانة
شركة قنوان للتطوير والاستثمار العقاري,,developer,,2543,,الهيئة العامة للعقار — المنشآت المؤهلة (وافي),https://rega.gov.sa/en/rega-services/platforms/wafi-off-plan-sales-and-lease/?currentDeveloperPage=87&tabActive=Wafi+Developers,2026-10-01,2543:شركة قنوان للتطوير والاستثمار العقاري
شركة قيادة العقارية,,developer,,25,,الهيئة العامة للعقار — المنشآت المؤهلة (وافي),https://rega.gov.sa/en/rega-services/platforms/wafi-off-plan-sales-and-lease/?currentDeveloperPage=6&tabActive=Wafi+Developers,2026-10-01,25:شركة قيادة العقارية
شركة قيمة الثالثة العقارية,,developer,,2188,,الهيئة العامة للعقار — المنشآت المؤهلة (وافي),https://rega.gov.sa/en/rega-services/platforms/wafi-off-plan-sales-and-lease/?currentDeveloperPage=58&tabActive=Wafi+Developers,2026-10-01,2188:شركة قيمة الثالثة العقارية
شركة قيمة السادسه العقارية,,developer,,2127,,الهيئة العامة للعقار — المنشآت المؤهلة (وافي),https://rega.gov.sa/en/rega-services/platforms/wafi-off-plan-sales-and-lease/?currentDeveloperPage=54&tabActive=Wafi+Developers,2026-10-01,2127:شركة قيمة السادسه العقارية
شركة كادن للاستثمار,,developer,,2300,,الهيئة العامة للعقار — المنشآت المؤهلة (وافي),https://rega.gov.sa/en/rega-services/platforms/wafi-off-plan-sales-and-lease/?currentDeveloperPage=68&tabActive=Wafi+Developers,2026-10-01,2300:شركة كادن للاستثمار
شركة كال للتطوير العقاري,,developer,,1618,,الهيئة العامة للعقار — المنشآت المؤهلة (وافي),https://rega.gov.sa/en/rega-services/platforms/wafi-off-plan-sales-and-lease/?currentDeveloperPage=58&tabActive=Wafi+Developers,2026-10-01,1618:شركة كال للتطوير العقاري
شركة كال للتطوير العقاري,,developer,,2152,,الهيئة العامة للعقار — المنشآت المؤهلة (وافي),https://rega.gov.sa/en/rega-services/platforms/wafi-off-plan-sales-and-lease/?currentDeveloperPage=48&tabActive=Wafi+Developers,2026-10-01,2152:شركة كال للتطوير العقاري
شركة كام للاستثمار,,developer,,1777,,الهيئة العامة للعقار — المنشآت المؤهلة (وافي),https://rega.gov.sa/en/rega-services/platforms/wafi-off-plan-sales-and-lease/?currentDeveloperPage=19&tabActive=Wafi+Developers,2026-10-01,1777:شركة كام للاستثمار
شركة كامد للتطوير,,developer,,1789,,الهيئة العامة للعقار — المنشآت المؤهلة (وافي),https://rega.gov.sa/en/rega-services/platforms/wafi-off-plan-sales-and-lease/?currentDeveloperPage=21&tabActive=Wafi+Developers,2026-10-01,1789:شركة كامد للتطوير
شركة كايزن ريل استيت,,developer,,2071,,الهيئة العامة للعقار — المنشآت المؤهلة (وافي),https://rega.gov.sa/en/rega-services/platforms/wafi-off-plan-sales-and-lease/?currentDeveloperPage=46&tabActive=Wafi+Developers,2026-10-01,2071:شركة كايزن ريل استيت
شركة كترة العقارية,,developer,,2331,,الهيئة العامة للعقار — المنشآت المؤهلة (وافي),https://rega.gov.sa/en/rega-services/platforms/wafi-off-plan-sales-and-lease/?currentDeveloperPage=71&tabActive=Wafi+Developers,2026-10-01,2331:شركة كترة العقارية
شركة كدف للتطوير العقاري,,developer,,1841,,الهيئة العامة للعقار — المنشآت المؤهلة (وافي),https://rega.gov.sa/en/rega-services/platforms/wafi-off-plan-sales-and-lease/?currentDeveloperPage=25&tabActive=Wafi+Developers,2026-10-01,1841:شركة كدف للتطوير العقاري
شركة كروفر,,developer,,1194,,الهيئة العامة للعقار — المنشآت المؤهلة (وافي),https://rega.gov.sa/en/rega-services/platforms/wafi-off-plan-sales-and-lease/?currentDeveloperPage=26&tabActive=Wafi+Developers,2026-10-01,1194:شركة كروفر
شركة كريسنت غيت,,developer,,2076,,الهيئة العامة للعقار — المنشآت المؤهلة (وافي),https://rega.gov.sa/en/rega-services/platforms/wafi-off-plan-sales-and-lease/?currentDeveloperPage=45&tabActive=Wafi+Developers,2026-10-01,2076:شركة كريسنت غيت
شركة كفاءات الوطنية العقارية,,developer,,2174,,الهيئة العامة للعقار — المنشآت المؤهلة (وافي),https://rega.gov.sa/en/rega-services/platforms/wafi-off-plan-sales-and-lease/?currentDeveloperPage=51&tabActive=Wafi+Developers,2026-10-01,2174:شركة كفاءات الوطنية العقارية
شركة كنزا الماسية المتطورة للتطوير والاستثمار العقاري,,developer,,2505,,الهيئة العامة للعقار — المنشآت المؤهلة (وافي),https://rega.gov.sa/en/rega-services/platforms/wafi-off-plan-sales-and-lease/?currentDeveloperPage=81&tabActive=Wafi+Developers,2026-10-01,2505:شركة كنزا الماسية المتطورة للتطوير والاستثمار العقاري
شركة كود المدن للتطوير والاستثمار العقاري,,developer,,2289,,الهيئة العامة للعقار — المنشآت المؤهلة (وافي),https://rega.gov.sa/en/rega-services/platforms/wafi-off-plan-sales-and-lease/?currentDeveloperPage=48&tabActive=Wafi+Developers,2026-10-01,2289:شركة كود المدن للتطوير والاستثمار العقاري
شركة كوشان للتطوير العقاري,,developer,,1414,,الهيئة العامة للعقار — المنشآت المؤهلة (وافي),https://rega.gov.sa/en/rega-services/platforms/wafi-off-plan-sales-and-lease/?currentDeveloperPage=54&tabActive=Wafi+Developers,2026-10-01,1414:شركة كوشان للتطوير العقاري
شركة كوف للوحدات السكنية,,developer,,1735,,الهيئة العامة للعقار — المنشآت المؤهلة (وافي),https://rega.gov.sa/en/rega-services/platforms/wafi-off-plan-sales-and-lease/?currentDeveloperPage=18&tabActive=Wafi+Developers,2026-10-01,1735:شركة كوف للوحدات السكنية
شركة كيان الخليجية العقارية شركة شخص واحد,,developer,,2176,,الهيئة العامة للعقار — المنشآت المؤهلة (وافي),https://rega.gov.sa/en/rega-services/platforms/wafi-off-plan-sales-and-lease/?currentDeveloperPage=57&tabActive=Wafi+Developers,2026-10-01,2176:شركة كيان الخليجية العقارية شركة شخص واحد
شركة كيان الماسية العقارية,,developer,,1576,,الهيئة العامة للعقار — المنشآت المؤهلة (وافي),https://rega.gov.sa/en/rega-services/platforms/wafi-off-plan-sales-and-lease/?currentDeveloperPage=8&tabActive=Wafi+Developers,2026-10-01,1576:شركة كيان الماسية العقارية
شركة كيان الماسية العقارية,,developer,,51,,الهيئة العامة للعقار — المنشآت المؤهلة (وافي),https://rega.gov.sa/en/rega-services/platforms/wafi-off-plan-sales-and-lease/?currentDeveloperPage=10&tabActive=Wafi+Developers,2026-10-01,51:شركة كيان الماسية العقارية
شركة كيرا إستيتس,,developer,,1630,,الهيئة العامة للعقار — المنشآت المؤهلة (وافي),https://rega.gov.sa/en/rega-services/platforms/wafi-off-plan-sales-and-lease/?currentDeveloperPage=8&tabActive=Wafi+Developers,2026-10-01,1630:شركة كيرا إستيتس
شركة كيو جلوبال للعقارات,,developer,,2282,,الهيئة العامة للعقار — المنشآت المؤهلة (وافي),https://rega.gov.sa/en/rega-services/platforms/wafi-off-plan-sales-and-lease/?currentDeveloperPage=67&tabActive=Wafi+Developers,2026-10-01,2282:شركة كيو جلوبال للعقارات
شركة لابمارك,,developer,,2247,,الهيئة العامة للعقار — المنشآت المؤهلة (وافي),https://rega.gov.sa/en/rega-services/platforms/wafi-off-plan-sales-and-lease/?currentDeveloperPage=65&tabActive=Wafi+Developers,2026-10-01,2247:شركة لابمارك
شركة لاحق العقارية,,developer,,1597,,الهيئة العامة للعقار — المنشآت المؤهلة (وافي),https://rega.gov.sa/en/rega-services/platforms/wafi-off-plan-sales-and-lease/?currentDeveloperPage=9&tabActive=Wafi+Developers,2026-10-01,1597:شركة لاحق العقارية
شركة لافينير للتطوير العقاري,,developer,,2351,,الهيئة العامة للعقار — المنشآت المؤهلة (وافي),https://rega.gov.sa/en/rega-services/platforms/wafi-off-plan-sales-and-lease/?currentDeveloperPage=71&tabActive=Wafi+Developers,2026-10-01,2351:شركة لافينير للتطوير العقاري
شركة لامير العقارية,,developer,,1962,,الهيئة العامة للعقار — المنشآت المؤهلة (وافي),https://rega.gov.sa/en/rega-services/platforms/wafi-off-plan-sales-and-lease/?currentDeveloperPage=33&tabActive=Wafi+Developers,2026-10-01,1962:شركة لامير العقارية
شركة لاندماركس بروجيكتس,,developer,,2060,,الهيئة العامة للعقار — المنشآت المؤهلة (وافي),https://rega.gov.sa/en/rega-services/platforms/wafi-off-plan-sales-and-lease/?currentDeveloperPage=43&tabActive=Wafi+Developers,2026-10-01,2060:شركة لاندماركس بروجيكتس
شركة لبنات شرقية للتطوير والاستثمار العقاري شركة شخص واحد,,developer,,1616,,الهيئة العامة للعقار — المنشآت المؤهلة (وافي),https://rega.gov.sa/en/rega-services/platforms/wafi-off-plan-sales-and-lease/?currentDeveloperPage=9&tabActive=Wafi+Developers,2026-10-01,1616:شركة لبنات شرقية للتطوير والاستثمار العقاري شركة شخص واحد
شركة لدن للاستثمار مساهمة عامة,,developer,,2302,,الهيئة العامة للعقار — المنشآت المؤهلة (وافي),https://rega.gov.sa/en/rega-services/platforms/wafi-off-plan-sales-and-lease/?currentDeveloperPage=67&tabActive=Wafi+Developers,2026-10-01,2302:شركة لدن للاستثمار مساهمة عامة
شركة لقاء للتطوير والاستثمار العقاري,,developer,,1747,,الهيئة العامة للعقار — المنشآت المؤهلة (وافي),https://rega.gov.sa/en/rega-services/platforms/wafi-off-plan-sales-and-lease/?currentDeveloperPage=18&tabActive=Wafi+Developers,2026-10-01,1747:شركة لقاء للتطوير والاستثمار العقاري
شركة لمحات المستقبل للتطوير العقاري,,developer,,2458,,الهيئة العامة للعقار — المنشآت المؤهلة (وافي),https://rega.gov.sa/en/rega-services/platforms/wafi-off-plan-sales-and-lease/?currentDeveloperPage=83&tabActive=Wafi+Developers,2026-10-01,2458:شركة لمحات المستقبل للتطوير العقاري
شركة لوفر ريال إستيت ديفيلوبمنت,,developer,,2078,,الهيئة العامة للعقار — المنشآت المؤهلة (وافي),https://rega.gov.sa/en/rega-services/platforms/wafi-off-plan-sales-and-lease/?currentDeveloperPage=44&tabActive=Wafi+Developers,2026-10-01,2078:شركة لوفر ريال إستيت ديفيلوبمنت
شركة ليدار للاستثمار مساهمة مقفلة,,developer,,929,,الهيئة العامة للعقار — المنشآت المؤهلة (وافي),https://rega.gov.sa/en/rega-services/platforms/wafi-off-plan-sales-and-lease/?currentDeveloperPage=28&tabActive=Wafi+Developers,2026-10-01,929:شركة ليدار للاستثمار مساهمة مقفلة
شركة ليفيرا,,developer,,2054,,الهيئة العامة للعقار — المنشآت المؤهلة (وافي),https://rega.gov.sa/en/rega-services/platforms/wafi-off-plan-sales-and-lease/?currentDeveloperPage=41&tabActive=Wafi+Developers,2026-10-01,2054:شركة ليفيرا
شركة ليلتي الماسية للتطوير العقاري القابضة,,developer,,1378,,الهيئة العامة للعقار — المنشآت المؤهلة (وافي),https://rega.gov.sa/en/rega-services/platforms/wafi-off-plan-sales-and-lease/?currentDeveloperPage=5&tabActive=Wafi+Developers,2026-10-01,1378:شركة ليلتي الماسية للتطوير العقاري القابضة
شركة ليوان للتطوير العقاري,,developer,,799,,الهيئة العامة للعقار — المنشآت المؤهلة (وافي),https://rega.gov.sa/en/rega-services/platforms/wafi-off-plan-sales-and-lease/?currentDeveloperPage=17&tabActive=Wafi+Developers,2026-10-01,799:شركة ليوان للتطوير العقاري
شركة مادغار,,developer,,2290,,الهيئة العامة للعقار — المنشآت المؤهلة (وافي),https://rega.gov.sa/en/rega-services/platforms/wafi-off-plan-sales-and-lease/?currentDeveloperPage=68&tabActive=Wafi+Developers,2026-10-01,2290:شركة مادغار
شركة ماز الرياض العقارية شركة شخص واحد,,developer,,2305,,الهيئة العامة للعقار — المنشآت المؤهلة (وافي),https://rega.gov.sa/en/rega-services/platforms/wafi-off-plan-sales-and-lease/?currentDeveloperPage=65&tabActive=Wafi+Developers,2026-10-01,2305:شركة ماز الرياض العقارية شركة شخص واحد
شركة مازن محمد السويح للتطوير العقاري,,developer,,2155,,الهيئة العامة للعقار — المنشآت المؤهلة (وافي),https://rega.gov.sa/en/rega-services/platforms/wafi-off-plan-sales-and-lease/?currentDeveloperPage=54&tabActive=Wafi+Developers,2026-10-01,2155:شركة مازن محمد السويح للتطوير العقاري
شركة ماس الهندسة و الانشاء المحدودة,,developer,,1606,,الهيئة العامة للعقار — المنشآت المؤهلة (وافي),https://rega.gov.sa/en/rega-services/platforms/wafi-off-plan-sales-and-lease/?currentDeveloperPage=9&tabActive=Wafi+Developers,2026-10-01,1606:شركة ماس الهندسة و الانشاء المحدودة
شركة ماسة الشمال للمقاولات شخص واحد,,developer,,2210,,الهيئة العامة للعقار — المنشآت المؤهلة (وافي),https://rega.gov.sa/en/rega-services/platforms/wafi-off-plan-sales-and-lease/?currentDeveloperPage=56&tabActive=Wafi+Developers,2026-10-01,2210:شركة ماسة الشمال للمقاولات شخص واحد
شركة مؤنس محمد الشايب وشركاه للاستثمار العقاري,,developer,,1621,,الهيئة العامة للعقار — المنشآت المؤهلة (وافي),https://rega.gov.sa/en/rega-services/platforms/wafi-off-plan-sales-and-lease/?currentDeveloperPage=9&tabActive=Wafi+Developers,2026-10-01,1621:شركة مؤنس محمد الشايب وشركاه للاستثمار العقاري
شركة ماونتن فيو للتطوير العقاري,,developer,,2048,,الهيئة العامة للعقار — المنشآت المؤهلة (وافي),https://rega.gov.sa/en/rega-services/platforms/wafi-off-plan-sales-and-lease/?currentDeveloperPage=44&tabActive=Wafi+Developers,2026-10-01,2048:شركة ماونتن فيو للتطوير العقاري
شركة مايا الإعمار للتطوير والاستثمار العقاري,,developer,,1633,,الهيئة العامة للعقار — المنشآت المؤهلة (وافي),https://rega.gov.sa/en/rega-services/platforms/wafi-off-plan-sales-and-lease/?currentDeveloperPage=11&tabActive=Wafi+Developers,2026-10-01,1633:شركة مايا الإعمار للتطوير والاستثمار العقاري
شركة مبان للاستثمار العقاري شركة الشخص الواحد,,developer,,1895,,الهيئة العامة للعقار — المنشآت المؤهلة (وافي),https://rega.gov.sa/en/rega-services/platforms/wafi-off-plan-sales-and-lease/?currentDeveloperPage=28&tabActive=Wafi+Developers,2026-10-01,1895:شركة مبان للاستثمار العقاري شركة الشخص الواحد
شركة مباني الرياض العقارية,,developer,,1675,,الهيئة العامة للعقار — المنشآت المؤهلة (وافي),https://rega.gov.sa/en/rega-services/platforms/wafi-off-plan-sales-and-lease/?currentDeveloperPage=13&tabActive=Wafi+Developers,2026-10-01,1675:شركة مباني الرياض العقارية
شركة مبتكرون العقارية,,developer,,1724,,الهيئة العامة للعقار — المنشآت المؤهلة (وافي),https://rega.gov.sa/en/rega-services/platforms/wafi-off-plan-sales-and-lease/?currentDeveloperPage=17&tabActive=Wafi+Developers,2026-10-01,1724:شركة مبتكرون العقارية
شركة مبتكرون العقارية,,developer,,2,,الهيئة العامة للعقار — المنشآت المؤهلة (وافي),https://rega.gov.sa/en/rega-services/platforms/wafi-off-plan-sales-and-lease/?currentDeveloperPage=5&tabActive=Wafi+Developers,2026-10-01,2:شركة مبتكرون العقارية
شركة مبيت بلس العقارية شركة شخص واحد للتطوير والاستثمار العقاري,,developer,,2337,,الهيئة العامة للعقار — المنشآت المؤهلة (وافي),https://rega.gov.sa/en/rega-services/platforms/wafi-off-plan-sales-and-lease/?currentDeveloperPage=53&tabActive=Wafi+Developers,2026-10-01,2337:شركة مبيت بلس العقارية شركة شخص واحد للتطوير والاستثمار العقاري
شركة متجر العقارات المحدودة,,developer,,1957,,الهيئة العامة للعقار — المنشآت المؤهلة (وافي),https://rega.gov.sa/en/rega-services/platforms/wafi-off-plan-sales-and-lease/?currentDeveloperPage=32&tabActive=Wafi+Developers,2026-10-01,1957:شركة متجر العقارات المحدودة
شركة متمم للمقاولات,,developer,,2371,,الهيئة العامة للعقار — المنشآت المؤهلة (وافي),https://rega.gov.sa/en/rega-services/platforms/wafi-off-plan-sales-and-lease/?currentDeveloperPage=68&tabActive=Wafi+Developers,2026-10-01,2371:شركة متمم للمقاولات
شركة مثل الإعمار للتطوير العقاري,,developer,,1757,,الهيئة العامة للعقار — المنشآت المؤهلة (وافي),https://rega.gov.sa/en/rega-services/platforms/wafi-off-plan-sales-and-lease/?currentDeveloperPage=11&tabActive=Wafi+Developers,2026-10-01,1757:شركة مثل الإعمار للتطوير العقاري
شركة مثلث العمارة للتطوير والاستثمار العقاري,,developer,,2117,,الهيئة العامة للعقار — المنشآت المؤهلة (وافي),https://rega.gov.sa/en/rega-services/platforms/wafi-off-plan-sales-and-lease/?currentDeveloperPage=51&tabActive=Wafi+Developers,2026-10-01,2117:شركة مثلث العمارة للتطوير والاستثمار العقاري
شركة مثلث للخدمات العقارية,,developer,,2491,,الهيئة العامة للعقار — المنشآت المؤهلة (وافي),https://rega.gov.sa/en/rega-services/platforms/wafi-off-plan-sales-and-lease/?currentDeveloperPage=85&tabActive=Wafi+Developers,2026-10-01,2491:شركة مثلث للخدمات العقارية
شركة مثلثات فلسفة الجمال للتطوير العقاري,,developer,,914,,الهيئة العامة للعقار — المنشآت المؤهلة (وافي),https://rega.gov.sa/en/rega-services/platforms/wafi-off-plan-sales-and-lease/?currentDeveloperPage=28&tabActive=Wafi+Developers,2026-10-01,914:شركة مثلثات فلسفة الجمال للتطوير العقاري
شركة مجالات البناء العقارية شركة شخص واحد,,developer,,2553,,الهيئة العامة للعقار — المنشآت المؤهلة (وافي),https://rega.gov.sa/en/rega-services/platforms/wafi-off-plan-sales-and-lease/?currentDeveloperPage=90&tabActive=Wafi+Developers,2026-10-01,2553:شركة مجالات البناء العقارية شركة شخص واحد
شركة مجبب الحداثة للتطوير والاستثمار العقاري,,developer,,1622,,الهيئة العامة للعقار — المنشآت المؤهلة (وافي),https://rega.gov.sa/en/rega-services/platforms/wafi-off-plan-sales-and-lease/?currentDeveloperPage=75&tabActive=Wafi+Developers,2026-10-01,1622:شركة مجبب الحداثة للتطوير والاستثمار العقاري
شركة مجبب الحداثة للتطوير والاستثمار العقاري,,developer,,1864,,الهيئة العامة للعقار — المنشآت المؤهلة (وافي),https://rega.gov.sa/en/rega-services/platforms/wafi-off-plan-sales-and-lease/?currentDeveloperPage=79&tabActive=Wafi+Developers,2026-10-01,1864:شركة مجبب الحداثة للتطوير والاستثمار العقاري
شركة مجد ون للتطوير العقاري,,developer,,31,,الهيئة العامة للعقار — المنشآت المؤهلة (وافي),https://rega.gov.sa/en/rega-services/platforms/wafi-off-plan-sales-and-lease/?currentDeveloperPage=7&tabActive=Wafi+Developers,2026-10-01,31:شركة مجد ون للتطوير العقاري
شركة مجموعة الراجحي السعودية,,developer,,1942,,الهيئة العامة للعقار — المنشآت المؤهلة (وافي),https://rega.gov.sa/en/rega-services/platforms/wafi-off-plan-sales-and-lease/?currentDeveloperPage=30&tabActive=Wafi+Developers,2026-10-01,1942:شركة مجموعة الراجحي السعودية
شركة مجموعة روشن شركة شخص واحد مساهمة مقفلة,,developer,,382,,الهيئة العامة للعقار — المنشآت المؤهلة (وافي),https://rega.gov.sa/en/rega-services/platforms/wafi-off-plan-sales-and-lease/?currentDeveloperPage=20&tabActive=Wafi+Developers,2026-10-01,382:شركة مجموعة روشن شركة شخص واحد مساهمة مقفلة
شركة مجموعة صقر المحدودة,,developer,,777,,الهيئة العامة للعقار — المنشآت المؤهلة (وافي),https://rega.gov.sa/en/rega-services/platforms/wafi-off-plan-sales-and-lease/?currentDeveloperPage=15&tabActive=Wafi+Developers,2026-10-01,777:شركة مجموعة صقر المحدودة
شركة مجموعة طلعت مصطفى السعودية للتطوير العقاري,,developer,,1379,,الهيئة العامة للعقار — المنشآت المؤهلة (وافي),https://rega.gov.sa/en/rega-services/platforms/wafi-off-plan-sales-and-lease/?currentDeveloperPage=12&tabActive=Wafi+Developers,2026-10-01,1379:شركة مجموعة طلعت مصطفى السعودية للتطوير العقاري
شركة مجموعة عبدالمحسن الرصيص وأبنائه مساهمة مقفلة,,developer,,1855,,الهيئة العامة للعقار — المنشآت المؤهلة (وافي),https://rega.gov.sa/en/rega-services/platforms/wafi-off-plan-sales-and-lease/?currentDeveloperPage=25&tabActive=Wafi+Developers,2026-10-01,1855:شركة مجموعة عبدالمحسن الرصيص وأبنائه مساهمة مقفلة
شركة مجموعه ماجد ناصر العمري للاستثمار والتنميه العقاريه,,developer,,1830,,الهيئة العامة للعقار — المنشآت المؤهلة (وافي),https://rega.gov.sa/en/rega-services/platforms/wafi-off-plan-sales-and-lease/?currentDeveloperPage=24&tabActive=Wafi+Developers,2026-10-01,1830:شركة مجموعه ماجد ناصر العمري للاستثمار والتنميه العقاريه
شركة محافظ التميز العقارية قابضة,,developer,,2477,,الهيئة العامة للعقار — المنشآت المؤهلة (وافي),https://rega.gov.sa/en/rega-services/platforms/wafi-off-plan-sales-and-lease/?currentDeveloperPage=84&tabActive=Wafi+Developers,2026-10-01,2477:شركة محافظ التميز العقارية قابضة
شركة محافظ للإستثمار العقاري المحدوده,,developer,,1688,,الهيئة العامة للعقار — المنشآت المؤهلة (وافي),https://rega.gov.sa/en/rega-services/platforms/wafi-off-plan-sales-and-lease/?currentDeveloperPage=10&tabActive=Wafi+Developers,2026-10-01,1688:شركة محافظ للإستثمار العقاري المحدوده
شركة محمد الحبيب العقارية,,developer,,548,,الهيئة العامة للعقار — المنشآت المؤهلة (وافي),https://rega.gov.sa/en/rega-services/platforms/wafi-off-plan-sales-and-lease/?currentDeveloperPage=20&tabActive=Wafi+Developers,2026-10-01,548:شركة محمد الحبيب العقارية
شركة محمد العلي السويلم العقارية,,developer,,1856,,الهيئة العامة للعقار — المنشآت المؤهلة (وافي),https://rega.gov.sa/en/rega-services/platforms/wafi-off-plan-sales-and-lease/?currentDeveloperPage=76&tabActive=Wafi+Developers,2026-10-01,1856:شركة محمد العلي السويلم العقارية
شركة محمد العلي السويلم للتجارة والمقاولات شركة مساهمة مقفلة,,developer,,1497,,الهيئة العامة للعقار — المنشآت المؤهلة (وافي),https://rega.gov.sa/en/rega-services/platforms/wafi-off-plan-sales-and-lease/?currentDeveloperPage=27&tabActive=Wafi+Developers,2026-10-01,1497:شركة محمد العلي السويلم للتجارة والمقاولات شركة مساهمة مقفلة
شركة محمد خضر سكر و عبدالهادي ابراهيم بيما,,developer,,2338,,الهيئة العامة للعقار — المنشآت المؤهلة (وافي),https://rega.gov.sa/en/rega-services/platforms/wafi-off-plan-sales-and-lease/?currentDeveloperPage=61&tabActive=Wafi+Developers,2026-10-01,2338:شركة محمد خضر سكر و عبدالهادي ابراهيم بيما
شركة محمد سعيد الكندي للعقارات,,developer,,2370,,الهيئة العامة للعقار — المنشآت المؤهلة (وافي),https://rega.gov.sa/en/rega-services/platforms/wafi-off-plan-sales-and-lease/?currentDeveloperPage=68&tabActive=Wafi+Developers,2026-10-01,2370:شركة محمد سعيد الكندي للعقارات
شركة محمد سعيد بن هشبل للمقاولات شركة شخص واحد,,developer,,1700,,الهيئة العامة للعقار — المنشآت المؤهلة (وافي),https://rega.gov.sa/en/rega-services/platforms/wafi-off-plan-sales-and-lease/?currentDeveloperPage=16&tabActive=Wafi+Developers,2026-10-01,1700:شركة محمد سعيد بن هشبل للمقاولات شركة شخص واحد
شركة محمد عبدالرحمن المغامس للتطوير العقاري,,developer,,1960,,الهيئة العامة للعقار — المنشآت المؤهلة (وافي),https://rega.gov.sa/en/rega-services/platforms/wafi-off-plan-sales-and-lease/?currentDeveloperPage=35&tabActive=Wafi+Developers,2026-10-01,1960:شركة محمد عبدالرحمن المغامس للتطوير العقاري
شركة محمد عبدالصمد القرشي المحدودة,,developer,,2526,,الهيئة العامة للعقار — المنشآت المؤهلة (وافي),https://rega.gov.sa/en/rega-services/platforms/wafi-off-plan-sales-and-lease/?currentDeveloperPage=89&tabActive=Wafi+Developers,2026-10-01,2526:شركة محمد عبدالصمد القرشي المحدودة
شركة محمد عبدالعزيز ابراهيم آل عوضه للمقاولات العامة,,developer,,1629,,الهيئة العامة للعقار — المنشآت المؤهلة (وافي),https://rega.gov.sa/en/rega-services/platforms/wafi-off-plan-sales-and-lease/?currentDeveloperPage=10&tabActive=Wafi+Developers,2026-10-01,1629:شركة محمد عبدالعزيز ابراهيم آل عوضه للمقاولات العامة
شركة محمد ومصعب عبدالله العجلان الاستثمارية شركة مساهمة غير مدرجة,,developer,,16,,الهيئة العامة للعقار — المنشآت المؤهلة (وافي),https://rega.gov.sa/en/rega-services/platforms/wafi-off-plan-sales-and-lease/?currentDeveloperPage=6&tabActive=Wafi+Developers,2026-10-01,16:شركة محمد ومصعب عبدالله العجلان الاستثمارية شركة مساهمة غير مدرجة
شركة محمود محمد علي ابو الوفا للمقاولات العامه,,developer,,1687,,الهيئة العامة للعقار — المنشآت المؤهلة (وافي),https://rega.gov.sa/en/rega-services/platforms/wafi-off-plan-sales-and-lease/?currentDeveloperPage=15&tabActive=Wafi+Developers,2026-10-01,1687:شركة محمود محمد علي ابو الوفا للمقاولات العامه
شركة محور العمارة للتطوير العقاري,,developer,,1625,,الهيئة العامة للعقار — المنشآت المؤهلة (وافي),https://rega.gov.sa/en/rega-services/platforms/wafi-off-plan-sales-and-lease/?currentDeveloperPage=82&tabActive=Wafi+Developers,2026-10-01,1625:شركة محور العمارة للتطوير العقاري
شركة محور العمارة للتطوير العقاري,,developer,,2252,,الهيئة العامة للعقار — المنشآت المؤهلة (وافي),https://rega.gov.sa/en/rega-services/platforms/wafi-off-plan-sales-and-lease/?currentDeveloperPage=63&tabActive=Wafi+Developers,2026-10-01,2252:شركة محور العمارة للتطوير العقاري
شركة محيط الإعمار العقارية,,developer,,2075,,الهيئة العامة للعقار — المنشآت المؤهلة (وافي),https://rega.gov.sa/en/rega-services/platforms/wafi-off-plan-sales-and-lease/?currentDeveloperPage=45&tabActive=Wafi+Developers,2026-10-01,2075:شركة محيط الإعمار العقارية
شركة مدائن العصر العقارية,,developer,,1937,,الهيئة العامة للعقار — المنشآت المؤهلة (وافي),https://rega.gov.sa/en/rega-services/platforms/wafi-off-plan-sales-and-lease/?currentDeveloperPage=30&tabActive=Wafi+Developers,2026-10-01,1937:شركة مدائن العصر العقارية
شركة مدائن العقارية,,developer,,1530,,الهيئة العامة للعقار — المنشآت المؤهلة (وافي),https://rega.gov.sa/en/rega-services/platforms/wafi-off-plan-sales-and-lease/?currentDeveloperPage=29&tabActive=Wafi+Developers,2026-10-01,1530:شركة مدائن العقارية
شركة مداد الشرقية العقارية شخص واحد,,developer,,2554,,الهيئة العامة للعقار — المنشآت المؤهلة (وافي),https://rega.gov.sa/en/rega-services/platforms/wafi-off-plan-sales-and-lease/?currentDeveloperPage=89&tabActive=Wafi+Developers,2026-10-01,2554:شركة مداد الشرقية العقارية شخص واحد
شركة مداد واملاك,,developer,,2036,,الهيئة العامة للعقار — المنشآت المؤهلة (وافي),https://rega.gov.sa/en/rega-services/platforms/wafi-off-plan-sales-and-lease/?currentDeveloperPage=43&tabActive=Wafi+Developers,2026-10-01,2036:شركة مداد واملاك
شركة مدار التطوير للتطوير العقاري شركة شخص واحد,,developer,,2101,,الهيئة العامة للعقار — المنشآت المؤهلة (وافي),https://rega.gov.sa/en/rega-services/platforms/wafi-off-plan-sales-and-lease/?currentDeveloperPage=29&tabActive=Wafi+Developers,2026-10-01,2101:شركة مدار التطوير للتطوير العقاري شركة شخص واحد
شركة مدار الصفوه للتطوير العقاري,,developer,,2258,,الهيئة العامة للعقار — المنشآت المؤهلة (وافي),https://rega.gov.sa/en/rega-services/platforms/wafi-off-plan-sales-and-lease/?currentDeveloperPage=61&tabActive=Wafi+Developers,2026-10-01,2258:شركة مدار الصفوه للتطوير العقاري
شركة مدارات الكون العقارية شركة شخص واحد ذات مسؤولية محدودة,,developer,,2147,,الهيئة العامة للعقار — المنشآت المؤهلة (وافي),https://rega.gov.sa/en/rega-services/platforms/wafi-off-plan-sales-and-lease/?currentDeveloperPage=53&tabActive=Wafi+Developers,2026-10-01,2147:شركة مدارات الكون العقارية شركة شخص واحد ذات مسؤولية محدودة
شركة مدارك ريل إستيت,,developer,,2399,,الهيئة العامة للعقار — المنشآت المؤهلة (وافي),https://rega.gov.sa/en/rega-services/platforms/wafi-off-plan-sales-and-lease/?currentDeveloperPage=76&tabActive=Wafi+Developers,2026-10-01,2399:شركة مدارك ريل إستيت
شركة مدايا فيوز للتطوير والاستثمار العقاري,,developer,,1880,,الهيئة العامة للعقار — المنشآت المؤهلة (وافي),https://rega.gov.sa/en/rega-services/platforms/wafi-off-plan-sales-and-lease/?currentDeveloperPage=25&tabActive=Wafi+Developers,2026-10-01,1880:شركة مدايا فيوز للتطوير والاستثمار العقاري
شركة مدر للتطوير,,developer,,1384,,الهيئة العامة للعقار — المنشآت المؤهلة (وافي),https://rega.gov.sa/en/rega-services/platforms/wafi-off-plan-sales-and-lease/?currentDeveloperPage=21&tabActive=Wafi+Developers,2026-10-01,1384:شركة مدر للتطوير
شركة مدى الأولى إنوفيست العقارية,,developer,,1707,,الهيئة العامة للعقار — المنشآت المؤهلة (وافي),https://rega.gov.sa/en/rega-services/platforms/wafi-off-plan-sales-and-lease/?currentDeveloperPage=7&tabActive=Wafi+Developers,2026-10-01,1707:شركة مدى الأولى إنوفيست العقارية
شركة مراس التطوير العقارية شركة شخص واحد,,developer,,2426,,الهيئة العامة للعقار — المنشآت المؤهلة (وافي),https://rega.gov.sa/en/rega-services/platforms/wafi-off-plan-sales-and-lease/?currentDeveloperPage=64&tabActive=Wafi+Developers,2026-10-01,2426:شركة مراس التطوير العقارية شركة شخص واحد
شركة مراسي الجود للتطوير والاستثمار العقاري,,developer,,2455,,الهيئة العامة للعقار — المنشآت المؤهلة (وافي),https://rega.gov.sa/en/rega-services/platforms/wafi-off-plan-sales-and-lease/?currentDeveloperPage=82&tabActive=Wafi+Developers,2026-10-01,2455:شركة مراسي الجود للتطوير والاستثمار العقاري
شركة مرافق الأولى للتطوير العقاري,,developer,,2487,,الهيئة العامة للعقار — المنشآت المؤهلة (وافي),https://rega.gov.sa/en/rega-services/platforms/wafi-off-plan-sales-and-lease/?currentDeveloperPage=87&tabActive=Wafi+Developers,2026-10-01,2487:شركة مرافق الأولى للتطوير العقاري
شركة مرافق القمة العقاري,,developer,,1803,,الهيئة العامة للعقار — المنشآت المؤهلة (وافي),https://rega.gov.sa/en/rega-services/platforms/wafi-off-plan-sales-and-lease/?currentDeveloperPage=22&tabActive=Wafi+Developers,2026-10-01,1803:شركة مرافق القمة العقاري
شركة مرسم للتطوير العقاري,,developer,,1605,,الهيئة العامة للعقار — المنشآت المؤهلة (وافي),https://rega.gov.sa/en/rega-services/platforms/wafi-off-plan-sales-and-lease/?currentDeveloperPage=48&tabActive=Wafi+Developers,2026-10-01,1605:شركة مرسم للتطوير العقاري
شركة مزن الذهبية للتطوير العقاري,,developer,,2106,,الهيئة العامة للعقار — المنشآت المؤهلة (وافي),https://rega.gov.sa/en/rega-services/platforms/wafi-off-plan-sales-and-lease/?currentDeveloperPage=46&tabActive=Wafi+Developers,2026-10-01,2106:شركة مزن الذهبية للتطوير العقاري
شركة مزن للتطوير والاستثمار العقاري,,developer,,2032,,الهيئة العامة للعقار — المنشآت المؤهلة (وافي),https://rega.gov.sa/en/rega-services/platforms/wafi-off-plan-sales-and-lease/?currentDeveloperPage=35&tabActive=Wafi+Developers,2026-10-01,2032:شركة مزن للتطوير والاستثمار العقاري
شركة مسار التنمية للتجارة والمقاولات,,developer,,1363,,الهيئة العامة للعقار — المنشآت المؤهلة (وافي),https://rega.gov.sa/en/rega-services/platforms/wafi-off-plan-sales-and-lease/?currentDeveloperPage=57&tabActive=Wafi+Developers,2026-10-01,1363:شركة مسار التنمية للتجارة والمقاولات
شركة مسار درة التنمية,,developer,,2482,,الهيئة العامة للعقار — المنشآت المؤهلة (وافي),https://rega.gov.sa/en/rega-services/platforms/wafi-off-plan-sales-and-lease/?currentDeveloperPage=85&tabActive=Wafi+Developers,2026-10-01,2482:شركة مسار درة التنمية
شركة مسارات التطوير العقارية شركة شخص واحد,,developer,,1574,,الهيئة العامة للعقار — المنشآت المؤهلة (وافي),https://rega.gov.sa/en/rega-services/platforms/wafi-off-plan-sales-and-lease/?currentDeveloperPage=22&tabActive=Wafi+Developers,2026-10-01,1574:شركة مسارات التطوير العقارية شركة شخص واحد
شركة مسارات التطوير العقارية شركة شخص واحد,,developer,,2220,,الهيئة العامة للعقار — المنشآت المؤهلة (وافي),https://rega.gov.sa/en/rega-services/platforms/wafi-off-plan-sales-and-lease/?currentDeveloperPage=61&tabActive=Wafi+Developers,2026-10-01,2220:شركة مسارات التطوير العقارية شركة شخص واحد
شركة مساكن ازال,,developer,,1878,,الهيئة العامة للعقار — المنشآت المؤهلة (وافي),https://rega.gov.sa/en/rega-services/platforms/wafi-off-plan-sales-and-lease/?currentDeveloperPage=25&tabActive=Wafi+Developers,2026-10-01,1878:شركة مساكن ازال
شركة مساكن إشراقة العقارية,,developer,,803,,الهيئة العامة للعقار — المنشآت المؤهلة (وافي),https://rega.gov.sa/en/rega-services/platforms/wafi-off-plan-sales-and-lease/?currentDeveloperPage=19&tabActive=Wafi+Developers,2026-10-01,803:شركة مساكن إشراقة العقارية
شركة مساكن اصيلة للتطوير والاستثمار العقاري,,developer,,2240,,الهيئة العامة للعقار — المنشآت المؤهلة (وافي),https://rega.gov.sa/en/rega-services/platforms/wafi-off-plan-sales-and-lease/?currentDeveloperPage=63&tabActive=Wafi+Developers,2026-10-01,2240:شركة مساكن اصيلة للتطوير والاستثمار العقاري
شركة مساكن أفياء للتطوير والاستثمار العقاري,,developer,,1621,,الهيئة العامة للعقار — المنشآت المؤهلة (وافي),https://rega.gov.sa/en/rega-services/platforms/wafi-off-plan-sales-and-lease/?currentDeveloperPage=69&tabActive=Wafi+Developers,2026-10-01,1621:شركة مساكن أفياء للتطوير والاستثمار العقاري
شركة مساكن أفياء للتطوير والاستثمار العقاري,,developer,,716,,الهيئة العامة للعقار — المنشآت المؤهلة (وافي),https://rega.gov.sa/en/rega-services/platforms/wafi-off-plan-sales-and-lease/?currentDeveloperPage=31&tabActive=Wafi+Developers,2026-10-01,716:شركة مساكن أفياء للتطوير والاستثمار العقاري
شركة مساكن الريف للتطوير العقاري,,developer,,1428,,الهيئة العامة للعقار — المنشآت المؤهلة (وافي),https://rega.gov.sa/en/rega-services/platforms/wafi-off-plan-sales-and-lease/?currentDeveloperPage=27&tabActive=Wafi+Developers,2026-10-01,1428:شركة مساكن الريف للتطوير العقاري
شركة مساكن الموئل للخدمات العقارية,,developer,,1992,,الهيئة العامة للعقار — المنشآت المؤهلة (وافي),https://rega.gov.sa/en/rega-services/platforms/wafi-off-plan-sales-and-lease/?currentDeveloperPage=31&tabActive=Wafi+Developers,2026-10-01,1992:شركة مساكن الموئل للخدمات العقارية
شركة مساكن فيو للمقاولات العامة شركة شخص واحد,,developer,,2425,,الهيئة العامة للعقار — المنشآت المؤهلة (وافي),https://rega.gov.sa/en/rega-services/platforms/wafi-off-plan-sales-and-lease/?currentDeveloperPage=80&tabActive=Wafi+Developers,2026-10-01,2425:شركة مساكن فيو للمقاولات العامة شركة شخص واحد
شركة مساكن هاجر العقارية,,developer,,1550,,الهيئة العامة للعقار — المنشآت المؤهلة (وافي),https://rega.gov.sa/en/rega-services/platforms/wafi-off-plan-sales-and-lease/?currentDeveloperPage=13&tabActive=Wafi+Developers,2026-10-01,1550:شركة مساكن هاجر العقارية
شركة مساكن هاجر العقارية,,developer,,1703,,الهيئة العامة للعقار — المنشآت المؤهلة (وافي),https://rega.gov.sa/en/rega-services/platforms/wafi-off-plan-sales-and-lease/?currentDeveloperPage=9&tabActive=Wafi+Developers,2026-10-01,1703:شركة مساكن هاجر العقارية
شركة مساوات للتطوير العقاري,,developer,,1773,,الهيئة العامة للعقار — المنشآت المؤهلة (وافي),https://rega.gov.sa/en/rega-services/platforms/wafi-off-plan-sales-and-lease/?currentDeveloperPage=16&tabActive=Wafi+Developers,2026-10-01,1773:شركة مساوات للتطوير العقاري
شركة مسقا الأولى للتطوير العقاري,,developer,,1889,,الهيئة العامة للعقار — المنشآت المؤهلة (وافي),https://rega.gov.sa/en/rega-services/platforms/wafi-off-plan-sales-and-lease/?currentDeveloperPage=28&tabActive=Wafi+Developers,2026-10-01,1889:شركة مسقا الأولى للتطوير العقاري
شركة مسقا للإستثمار,,developer,,1545,,الهيئة العامة للعقار — المنشآت المؤهلة (وافي),https://rega.gov.sa/en/rega-services/platforms/wafi-off-plan-sales-and-lease/?currentDeveloperPage=11&tabActive=Wafi+Developers,2026-10-01,1545:شركة مسقا للإستثمار
شركة مسكان الصناعية شركة شخص واحد,,developer,,433,,الهيئة العامة للعقار — المنشآت المؤهلة (وافي),https://rega.gov.sa/en/rega-services/platforms/wafi-off-plan-sales-and-lease/?currentDeveloperPage=27&tabActive=Wafi+Developers,2026-10-01,433:شركة مسكان الصناعية شركة شخص واحد
شركة مسكن إعمار للتطوير العقاري شركة شخص واحد,,developer,,1953,,الهيئة العامة للعقار — المنشآت المؤهلة (وافي),https://rega.gov.sa/en/rega-services/platforms/wafi-off-plan-sales-and-lease/?currentDeveloperPage=31&tabActive=Wafi+Developers,2026-10-01,1953:شركة مسكن إعمار للتطوير العقاري شركة شخص واحد
شركة مسكن الأفق,,developer,,2218,,الهيئة العامة للعقار — المنشآت المؤهلة (وافي),https://rega.gov.sa/en/rega-services/platforms/wafi-off-plan-sales-and-lease/?currentDeveloperPage=61&tabActive=Wafi+Developers,2026-10-01,2218:شركة مسكن الأفق
شركة مسكن العربيه للاستثمار والتطوير العقاري شركة مساهمة مقفلة,,developer,,389,,الهيئة العامة للعقار — المنشآت المؤهلة (وافي),https://rega.gov.sa/en/rega-services/platforms/wafi-off-plan-sales-and-lease/?currentDeveloperPage=68&tabActive=Wafi+Developers,2026-10-01,389:شركة مسكن العربيه للاستثمار والتطوير العقاري شركة مساهمة مقفلة
شركة مسكن العقارية شركة شخص واحد,,developer,,1087,,الهيئة العامة للعقار — المنشآت المؤهلة (وافي),https://rega.gov.sa/en/rega-services/platforms/wafi-off-plan-sales-and-lease/?currentDeveloperPage=15&tabActive=Wafi+Developers,2026-10-01,1087:شركة مسكن العقارية شركة شخص واحد
شركة مسكن المتقدمة العقارية,,developer,,2169,,الهيئة العامة للعقار — المنشآت المؤهلة (وافي),https://rega.gov.sa/en/rega-services/platforms/wafi-off-plan-sales-and-lease/?currentDeveloperPage=55&tabActive=Wafi+Developers,2026-10-01,2169:شركة مسكن المتقدمة العقارية
شركة مسكن الين العقارية شركة مساهمة سعودية غير مدرجة,,developer,,1628,,الهيئة العامة للعقار — المنشآت المؤهلة (وافي),https://rega.gov.sa/en/rega-services/platforms/wafi-off-plan-sales-and-lease/?currentDeveloperPage=12&tabActive=Wafi+Developers,2026-10-01,1628:شركة مسكن الين العقارية شركة مساهمة سعودية غير مدرجة
شركة مسكن جال,,developer,,2537,,الهيئة العامة للعقار — المنشآت المؤهلة (وافي),https://rega.gov.sa/en/rega-services/platforms/wafi-off-plan-sales-and-lease/?currentDeveloperPage=89&tabActive=Wafi+Developers,2026-10-01,2537:شركة مسكن جال
شركة مسكن رخاء العقارية شركة شخص واحد,,developer,,1565,,الهيئة العامة للعقار — المنشآت المؤهلة (وافي),https://rega.gov.sa/en/rega-services/platforms/wafi-off-plan-sales-and-lease/?currentDeveloperPage=19&tabActive=Wafi+Developers,2026-10-01,1565:شركة مسكن رخاء العقارية شركة شخص واحد
شركة مسكن رخاء العقارية شركة شخص واحد,,developer,,2024,,الهيئة العامة للعقار — المنشآت المؤهلة (وافي),https://rega.gov.sa/en/rega-services/platforms/wafi-off-plan-sales-and-lease/?currentDeveloperPage=41&tabActive=Wafi+Developers,2026-10-01,2024:شركة مسكن رخاء العقارية شركة شخص واحد
شركة مسكن رفاه العقارية,,developer,,1842,,الهيئة العامة للعقار — المنشآت المؤهلة (وافي),https://rega.gov.sa/en/rega-services/platforms/wafi-off-plan-sales-and-lease/?currentDeveloperPage=25&tabActive=Wafi+Developers,2026-10-01,1842:شركة مسكن رفاه العقارية
شركة مشارف الحجاز العقارية,,developer,,1956,,الهيئة العامة للعقار — المنشآت المؤهلة (وافي),https://rega.gov.sa/en/rega-services/platforms/wafi-off-plan-sales-and-lease/?currentDeveloperPage=33&tabActive=Wafi+Developers,2026-10-01,1956:شركة مشارف الحجاز العقارية
شركة مشارف الدولية المحدودة شركة شخص واحد,,developer,,1550,,الهيئة العامة للعقار — المنشآت المؤهلة (وافي),https://rega.gov.sa/en/rega-services/platforms/wafi-off-plan-sales-and-lease/?currentDeveloperPage=21&tabActive=Wafi+Developers,2026-10-01,1550:شركة مشارف الدولية المحدودة شركة شخص واحد
شركة مشارف لدن للتطوير العقاري,,developer,,2309,,الهيئة العامة للعقار — المنشآت المؤهلة (وافي),https://rega.gov.sa/en/rega-services/platforms/wafi-off-plan-sales-and-lease/?currentDeveloperPage=69&tabActive=Wafi+Developers,2026-10-01,2309:شركة مشارف لدن للتطوير العقاري
شركة مشاركة المتحدة للتطوير والاستثمار العقاري,,developer,,1674,,الهيئة العامة للعقار — المنشآت المؤهلة (وافي),https://rega.gov.sa/en/rega-services/platforms/wafi-off-plan-sales-and-lease/?currentDeveloperPage=49&tabActive=Wafi+Developers,2026-10-01,1674:شركة مشاركة المتحدة للتطوير والاستثمار العقاري
شركة مشاري محمد اليحيى العقارية,,developer,,2343,,الهيئة العامة للعقار — المنشآت المؤهلة (وافي),https://rega.gov.sa/en/rega-services/platforms/wafi-off-plan-sales-and-lease/?currentDeveloperPage=64&tabActive=Wafi+Developers,2026-10-01,2343:شركة مشاري محمد اليحيى العقارية
شركة مشاريع,,developer,,1809,,الهيئة العامة للعقار — المنشآت المؤهلة (وافي),https://rega.gov.sa/en/rega-services/platforms/wafi-off-plan-sales-and-lease/?currentDeveloperPage=22&tabActive=Wafi+Developers,2026-10-01,1809:شركة مشاريع
شركة مشاريع الترفيه السعودية شركة شخص واحد مساهمه سعودية مقفلة,,developer,,2138,,الهيئة العامة للعقار — المنشآت المؤهلة (وافي),https://rega.gov.sa/en/rega-services/platforms/wafi-off-plan-sales-and-lease/?currentDeveloperPage=28&tabActive=Wafi+Developers,2026-10-01,2138:شركة مشاريع الترفيه السعودية شركة شخص واحد مساهمه سعودية مقفلة
شركة مشاريع التطوير للتجارة والمقاولات,,developer,,1622,,الهيئة العامة للعقار — المنشآت المؤهلة (وافي),https://rega.gov.sa/en/rega-services/platforms/wafi-off-plan-sales-and-lease/?currentDeveloperPage=9&tabActive=Wafi+Developers,2026-10-01,1622:شركة مشاريع التطوير للتجارة والمقاولات
شركة مشاريع ضمان العقارية شركة شخص واحد,,developer,,1731,,الهيئة العامة للعقار — المنشآت المؤهلة (وافي),https://rega.gov.sa/en/rega-services/platforms/wafi-off-plan-sales-and-lease/?currentDeveloperPage=18&tabActive=Wafi+Developers,2026-10-01,1731:شركة مشاريع ضمان العقارية شركة شخص واحد
شركة مشاع العقارية,,developer,,2270,,الهيئة العامة للعقار — المنشآت المؤهلة (وافي),https://rega.gov.sa/en/rega-services/platforms/wafi-off-plan-sales-and-lease/?currentDeveloperPage=66&tabActive=Wafi+Developers,2026-10-01,2270:شركة مشاع العقارية
شركة مشراف العربية العقارية,,developer,,2513,,الهيئة العامة للعقار — المنشآت المؤهلة (وافي),https://rega.gov.sa/en/rega-services/platforms/wafi-off-plan-sales-and-lease/?currentDeveloperPage=89&tabActive=Wafi+Developers,2026-10-01,2513:شركة مشراف العربية العقارية
شركة مشراف المدائن للمقاولات شركة شخص واحد,,developer,,1916,,الهيئة العامة للعقار — المنشآت المؤهلة (وافي),https://rega.gov.sa/en/rega-services/platforms/wafi-off-plan-sales-and-lease/?currentDeveloperPage=29&tabActive=Wafi+Developers,2026-10-01,1916:شركة مشراف المدائن للمقاولات شركة شخص واحد
شركة مشراف للتطوير العقاري,,developer,,2183,,الهيئة العامة للعقار — المنشآت المؤهلة (وافي),https://rega.gov.sa/en/rega-services/platforms/wafi-off-plan-sales-and-lease/?currentDeveloperPage=39&tabActive=Wafi+Developers,2026-10-01,2183:شركة مشراف للتطوير العقاري
شركة مشروع البركة,,developer,,2196,,الهيئة العامة للعقار — المنشآت المؤهلة (وافي),https://rega.gov.sa/en/rega-services/platforms/wafi-off-plan-sales-and-lease/?currentDeveloperPage=59&tabActive=Wafi+Developers,2026-10-01,2196:شركة مشروع البركة
شركة معاد المطورة للتجارة,,developer,,2418,,الهيئة العامة للعقار — المنشآت المؤهلة (وافي),https://rega.gov.sa/en/rega-services/platforms/wafi-off-plan-sales-and-lease/?currentDeveloperPage=79&tabActive=Wafi+Developers,2026-10-01,2418:شركة معاد المطورة للتجارة
شركة معارج الماسية للتطوير العقاري,,developer,,1531,,الهيئة العامة للعقار — المنشآت المؤهلة (وافي),https://rega.gov.sa/en/rega-services/platforms/wafi-off-plan-sales-and-lease/?currentDeveloperPage=89&tabActive=Wafi+Developers,2026-10-01,1531:شركة معارج الماسية للتطوير العقاري
شركة معالم الإعمار للتطوير والاستثمار العقاري شركة شخص واحد,,developer,,1677,,الهيئة العامة للعقار — المنشآت المؤهلة (وافي),https://rega.gov.sa/en/rega-services/platforms/wafi-off-plan-sales-and-lease/?currentDeveloperPage=9&tabActive=Wafi+Developers,2026-10-01,1677:شركة معالم الإعمار للتطوير والاستثمار العقاري شركة شخص واحد
شركة معالم العقارية شركة ذات المسؤولية محدودة,,developer,,1592,,الهيئة العامة للعقار — المنشآت المؤهلة (وافي),https://rega.gov.sa/en/rega-services/platforms/wafi-off-plan-sales-and-lease/?currentDeveloperPage=37&tabActive=Wafi+Developers,2026-10-01,1592:شركة معالم العقارية شركة ذات المسؤولية محدودة
شركة معالم المتميزة للمقاولات,,developer,,2153,,الهيئة العامة للعقار — المنشآت المؤهلة (وافي),https://rega.gov.sa/en/rega-services/platforms/wafi-off-plan-sales-and-lease/?currentDeveloperPage=38&tabActive=Wafi+Developers,2026-10-01,2153:شركة معالم المتميزة للمقاولات
شركة معمار المملكة للتطوير والاستثمار العقاري,,developer,,2206,,الهيئة العامة للعقار — المنشآت المؤهلة (وافي),https://rega.gov.sa/en/rega-services/platforms/wafi-off-plan-sales-and-lease/?currentDeveloperPage=58&tabActive=Wafi+Developers,2026-10-01,2206:شركة معمار المملكة للتطوير والاستثمار العقاري
شركة معمور العقارية,,developer,,2485,,الهيئة العامة للعقار — المنشآت المؤهلة (وافي),https://rega.gov.sa/en/rega-services/platforms/wafi-off-plan-sales-and-lease/?currentDeveloperPage=86&tabActive=Wafi+Developers,2026-10-01,2485:شركة معمور العقارية
شركة معيار الشاطئ العقاري شركة شخص واحد,,developer,,1997,,الهيئة العامة للعقار — المنشآت المؤهلة (وافي),https://rega.gov.sa/en/rega-services/platforms/wafi-off-plan-sales-and-lease/?currentDeveloperPage=37&tabActive=Wafi+Developers,2026-10-01,1997:شركة معيار الشاطئ العقاري شركة شخص واحد
شركة معيار العمران العقارية شركة شخص واحد,,developer,,1977,,الهيئة العامة للعقار — المنشآت المؤهلة (وافي),https://rega.gov.sa/en/rega-services/platforms/wafi-off-plan-sales-and-lease/?currentDeveloperPage=37&tabActive=Wafi+Developers,2026-10-01,1977:شركة معيار العمران العقارية شركة شخص واحد
شركة مغامس الاعمار للتطوير العقاري,,developer,,1579,,الهيئة العامة للعقار — المنشآت المؤهلة (وافي),https://rega.gov.sa/en/rega-services/platforms/wafi-off-plan-sales-and-lease/?currentDeveloperPage=15&tabActive=Wafi+Developers,2026-10-01,1579:شركة مغامس الاعمار للتطوير العقاري
شركة مغامس الاعمار للتطوير العقاري,,developer,,1888,,الهيئة العامة للعقار — المنشآت المؤهلة (وافي),https://rega.gov.sa/en/rega-services/platforms/wafi-off-plan-sales-and-lease/?currentDeveloperPage=28&tabActive=Wafi+Developers,2026-10-01,1888:شركة مغامس الاعمار للتطوير العقاري
شركة مغنى التميز العقارية شركة شخص واحد,,developer,,2515,,الهيئة العامة للعقار — المنشآت المؤهلة (وافي),https://rega.gov.sa/en/rega-services/platforms/wafi-off-plan-sales-and-lease/?currentDeveloperPage=87&tabActive=Wafi+Developers,2026-10-01,2515:شركة مغنى التميز العقارية شركة شخص واحد
شركة مفازا ديفيلوبمنتس,,developer,,2145,,الهيئة العامة للعقار — المنشآت المؤهلة (وافي),https://rega.gov.sa/en/rega-services/platforms/wafi-off-plan-sales-and-lease/?currentDeveloperPage=55&tabActive=Wafi+Developers,2026-10-01,2145:شركة مفازا ديفيلوبمنتس
شركة مفلح منصور القحطانى للتطوير والاستثمار العقاري,,developer,,2099,,الهيئة العامة للعقار — المنشآت المؤهلة (وافي),https://rega.gov.sa/en/rega-services/platforms/wafi-off-plan-sales-and-lease/?currentDeveloperPage=45&tabActive=Wafi+Developers,2026-10-01,2099:شركة مفلح منصور القحطانى للتطوير والاستثمار العقاري
شركة مقام العقارية شركة شخص واحد,,developer,,2049,,الهيئة العامة للعقار — المنشآت المؤهلة (وافي),https://rega.gov.sa/en/rega-services/platforms/wafi-off-plan-sales-and-lease/?currentDeveloperPage=43&tabActive=Wafi+Developers,2026-10-01,2049:شركة مقام العقارية شركة شخص واحد
شركة مكارم الجود العقارية,,developer,,46,,الهيئة العامة للعقار — المنشآت المؤهلة (وافي),https://rega.gov.sa/en/rega-services/platforms/wafi-off-plan-sales-and-lease/?currentDeveloperPage=10&tabActive=Wafi+Developers,2026-10-01,46:شركة مكارم الجود العقارية
شركة مكعب الماسية للتطوير العقاري,,developer,,2133,,الهيئة العامة للعقار — المنشآت المؤهلة (وافي),https://rega.gov.sa/en/rega-services/platforms/wafi-off-plan-sales-and-lease/?currentDeveloperPage=50&tabActive=Wafi+Developers,2026-10-01,2133:شركة مكعب الماسية للتطوير العقاري
شركة مكيون مطورون عمرانيون مساهمة مقفلة,,developer,,365,,الهيئة العامة للعقار — المنشآت المؤهلة (وافي),https://rega.gov.sa/en/rega-services/platforms/wafi-off-plan-sales-and-lease/?currentDeveloperPage=67&tabActive=Wafi+Developers,2026-10-01,365:شركة مكيون مطورون عمرانيون مساهمة مقفلة
شركة مكيون مطورون عمرانيون مساهمة مقفلة,,developer,,4,,الهيئة العامة للعقار — المنشآت المؤهلة (وافي),https://rega.gov.sa/en/rega-services/platforms/wafi-off-plan-sales-and-lease/?currentDeveloperPage=6&tabActive=Wafi+Developers,2026-10-01,4:شركة مكيون مطورون عمرانيون مساهمة مقفلة
شركة ملفانا المتقدمة للتطوير والاستثمار العقاري,,developer,,1758,,الهيئة العامة للعقار — المنشآت المؤهلة (وافي),https://rega.gov.sa/en/rega-services/platforms/wafi-off-plan-sales-and-lease/?currentDeveloperPage=19&tabActive=Wafi+Developers,2026-10-01,1758:شركة ملفانا المتقدمة للتطوير والاستثمار العقاري
شركة ملكية للتجارة,,developer,,1950,,الهيئة العامة للعقار — المنشآت المؤهلة (وافي),https://rega.gov.sa/en/rega-services/platforms/wafi-off-plan-sales-and-lease/?currentDeveloperPage=31&tabActive=Wafi+Developers,2026-10-01,1950:شركة ملكية للتجارة
شركة ملهمة العقارية,,developer,,21,,الهيئة العامة للعقار — المنشآت المؤهلة (وافي),https://rega.gov.sa/en/rega-services/platforms/wafi-off-plan-sales-and-lease/?currentDeveloperPage=6&tabActive=Wafi+Developers,2026-10-01,21:شركة ملهمة العقارية
شركة منازل الجزيرة العقارية شركة شخص واحد,,developer,,1708,,الهيئة العامة للعقار — المنشآت المؤهلة (وافي),https://rega.gov.sa/en/rega-services/platforms/wafi-off-plan-sales-and-lease/?currentDeveloperPage=16&tabActive=Wafi+Developers,2026-10-01,1708:شركة منازل الجزيرة العقارية شركة شخص واحد
شركة منازل الدار,,developer,,2512,,الهيئة العامة للعقار — المنشآت المؤهلة (وافي),https://rega.gov.sa/en/rega-services/platforms/wafi-off-plan-sales-and-lease/?currentDeveloperPage=78&tabActive=Wafi+Developers,2026-10-01,2512:شركة منازل الدار
شركة منازل الشعلة العقارية شركة شخص واحد,,developer,,1653,,الهيئة العامة للعقار — المنشآت المؤهلة (وافي),https://rega.gov.sa/en/rega-services/platforms/wafi-off-plan-sales-and-lease/?currentDeveloperPage=12&tabActive=Wafi+Developers,2026-10-01,1653:شركة منازل الشعلة العقارية شركة شخص واحد
شركة منازل العصرية للتطوير والاستثمار العقاري,,developer,,582,,الهيئة العامة للعقار — المنشآت المؤهلة (وافي),https://rega.gov.sa/en/rega-services/platforms/wafi-off-plan-sales-and-lease/?currentDeveloperPage=92&tabActive=Wafi+Developers,2026-10-01,582:شركة منازل العصرية للتطوير والاستثمار العقاري
شركة منازل العمران للتطوير والاستثمار العقاري,,developer,,2417,,الهيئة العامة للعقار — المنشآت المؤهلة (وافي),https://rega.gov.sa/en/rega-services/platforms/wafi-off-plan-sales-and-lease/?currentDeveloperPage=79&tabActive=Wafi+Developers,2026-10-01,2417:شركة منازل العمران للتطوير والاستثمار العقاري
شركة منازل اليمامة للتطوير العقاري,,developer,,2013,,الهيئة العامة للعقار — المنشآت المؤهلة (وافي),https://rega.gov.sa/en/rega-services/platforms/wafi-off-plan-sales-and-lease/?currentDeveloperPage=34&tabActive=Wafi+Developers,2026-10-01,2013:شركة منازل اليمامة للتطوير العقاري
شركة منازل للتطوير العقاري,,developer,,1817,,الهيئة العامة للعقار — المنشآت المؤهلة (وافي),https://rega.gov.sa/en/rega-services/platforms/wafi-off-plan-sales-and-lease/?currentDeveloperPage=23&tabActive=Wafi+Developers,2026-10-01,1817:شركة منازل للتطوير العقاري
شركة مناف العقارية مساهمة مبسطة,,developer,,1917,,الهيئة العامة للعقار — المنشآت المؤهلة (وافي),https://rega.gov.sa/en/rega-services/platforms/wafi-off-plan-sales-and-lease/?currentDeveloperPage=27&tabActive=Wafi+Developers,2026-10-01,1917:شركة مناف العقارية مساهمة مبسطة
شركة منافع الاقتصادية المتطورة للتطوير العقاري,,developer,,2580,,الهيئة العامة للعقار — المنشآت المؤهلة (وافي),https://rega.gov.sa/en/rega-services/platforms/wafi-off-plan-sales-and-lease/?currentDeveloperPage=88&tabActive=Wafi+Developers,2026-10-01,2580:شركة منافع الاقتصادية المتطورة للتطوير العقاري
شركة منافع الاقتصادية للعقار,,developer,,2572,,الهيئة العامة للعقار — المنشآت المؤهلة (وافي),https://rega.gov.sa/en/rega-services/platforms/wafi-off-plan-sales-and-lease/?currentDeveloperPage=88&tabActive=Wafi+Developers,2026-10-01,2572:شركة منافع الاقتصادية للعقار
شركة منزل المستقبل للتطوير والاستثمار العقاري شخص واحد,,developer,,2035,,الهيئة العامة للعقار — المنشآت المؤهلة (وافي),https://rega.gov.sa/en/rega-services/platforms/wafi-off-plan-sales-and-lease/?currentDeveloperPage=34&tabActive=Wafi+Developers,2026-10-01,2035:شركة منزل المستقبل للتطوير والاستثمار العقاري شخص واحد
شركة منسوب للتطوير العقاري شركة شخص واحد,,developer,,2502,,الهيئة العامة للعقار — المنشآت المؤهلة (وافي),https://rega.gov.sa/en/rega-services/platforms/wafi-off-plan-sales-and-lease/?currentDeveloperPage=85&tabActive=Wafi+Developers,2026-10-01,2502:شركة منسوب للتطوير العقاري شركة شخص واحد
شركة منصة كيان للتطوير والاستثمار العقاري,,developer,,1362,,الهيئة العامة للعقار — المنشآت المؤهلة (وافي),https://rega.gov.sa/en/rega-services/platforms/wafi-off-plan-sales-and-lease/?currentDeveloperPage=12&tabActive=Wafi+Developers,2026-10-01,1362:شركة منصة كيان للتطوير والاستثمار العقاري
شركة منوة الماسية للتطوير والاستثمار العقاري,,developer,,2350,,الهيئة العامة للعقار — المنشآت المؤهلة (وافي),https://rega.gov.sa/en/rega-services/platforms/wafi-off-plan-sales-and-lease/?currentDeveloperPage=72&tabActive=Wafi+Developers,2026-10-01,2350:شركة منوة الماسية للتطوير والاستثمار العقاري
شركة مهاد للتطوير العقاري شركة شخص واحد,,developer,,1556,,الهيئة العامة للعقار — المنشآت المؤهلة (وافي),https://rega.gov.sa/en/rega-services/platforms/wafi-off-plan-sales-and-lease/?currentDeveloperPage=16&tabActive=Wafi+Developers,2026-10-01,1556:شركة مهاد للتطوير العقاري شركة شخص واحد
شركة مهاد للتطوير العقاري شركة شخص واحد,,developer,,2059,,الهيئة العامة للعقار — المنشآت المؤهلة (وافي),https://rega.gov.sa/en/rega-services/platforms/wafi-off-plan-sales-and-lease/?currentDeveloperPage=43&tabActive=Wafi+Developers,2026-10-01,2059:شركة مهاد للتطوير العقاري شركة شخص واحد
شركة مهند علي عابدين قرامش للتطوير العقاري,,developer,,42,,الهيئة العامة للعقار — المنشآت المؤهلة (وافي),https://rega.gov.sa/en/rega-services/platforms/wafi-off-plan-sales-and-lease/?currentDeveloperPage=9&tabActive=Wafi+Developers,2026-10-01,42:شركة مهند علي عابدين قرامش للتطوير العقاري
شركة مهير العقارية,,developer,,1559,,الهيئة العامة للعقار — المنشآت المؤهلة (وافي),https://rega.gov.sa/en/rega-services/platforms/wafi-off-plan-sales-and-lease/?currentDeveloperPage=17&tabActive=Wafi+Developers,2026-10-01,1559:شركة مهير العقارية
شركة مهير العقارية,,developer,,1697,,الهيئة العامة للعقار — المنشآت المؤهلة (وافي),https://rega.gov.sa/en/rega-services/platforms/wafi-off-plan-sales-and-lease/?currentDeveloperPage=15&tabActive=Wafi+Developers,2026-10-01,1697:شركة مهير العقارية
شركة موان العقارية شركة شخص واحد,,developer,,2097,,الهيئة العامة للعقار — المنشآت المؤهلة (وافي),https://rega.gov.sa/en/rega-services/platforms/wafi-off-plan-sales-and-lease/?currentDeveloperPage=46&tabActive=Wafi+Developers,2026-10-01,2097:شركة موان العقارية شركة شخص واحد
شركة مورث للتطوير العقاري,,developer,,2360,,الهيئة العامة للعقار — المنشآت المؤهلة (وافي),https://rega.gov.sa/en/rega-services/platforms/wafi-off-plan-sales-and-lease/?currentDeveloperPage=72&tabActive=Wafi+Developers,2026-10-01,2360:شركة مورث للتطوير العقاري
شركة موطن العقاريه مساهمة مقفلة,,developer,,1936,,الهيئة العامة للعقار — المنشآت المؤهلة (وافي),https://rega.gov.sa/en/rega-services/platforms/wafi-off-plan-sales-and-lease/?currentDeveloperPage=31&tabActive=Wafi+Developers,2026-10-01,1936:شركة موطن العقاريه مساهمة مقفلة
شركة ميارة الانشاءات العقارية,,developer,,2327,,الهيئة العامة للعقار — المنشآت المؤهلة (وافي),https://rega.gov.sa/en/rega-services/platforms/wafi-off-plan-sales-and-lease/?currentDeveloperPage=69&tabActive=Wafi+Developers,2026-10-01,2327:شركة ميارة الانشاءات العقارية
شركة مياف ريل إستيت,,developer,,1623,,الهيئة العامة للعقار — المنشآت المؤهلة (وافي),https://rega.gov.sa/en/rega-services/platforms/wafi-off-plan-sales-and-lease/?currentDeveloperPage=78&tabActive=Wafi+Developers,2026-10-01,1623:شركة مياف ريل إستيت
شركة ميان هايتس,,developer,,2278,,الهيئة العامة للعقار — المنشآت المؤهلة (وافي),https://rega.gov.sa/en/rega-services/platforms/wafi-off-plan-sales-and-lease/?currentDeveloperPage=66&tabActive=Wafi+Developers,2026-10-01,2278:شركة ميان هايتس
شركة ميثاق العربية لخدمات الأعمال قابضة,,developer,,1381,,الهيئة العامة للعقار — المنشآت المؤهلة (وافي),https://rega.gov.sa/en/rega-services/platforms/wafi-off-plan-sales-and-lease/?currentDeveloperPage=24&tabActive=Wafi+Developers,2026-10-01,1381:شركة ميثاق العربية لخدمات الأعمال قابضة
شركة ميثاق حياة,,developer,,2175,,الهيئة العامة للعقار — المنشآت المؤهلة (وافي),https://rega.gov.sa/en/rega-services/platforms/wafi-off-plan-sales-and-lease/?currentDeveloperPage=57&tabActive=Wafi+Developers,2026-10-01,2175:شركة ميثاق حياة
شركة ميراج للتجارة شركة شخص واحد,,developer,,1608,,الهيئة العامة للعقار — المنشآت المؤهلة (وافي),https://rega.gov.sa/en/rega-services/platforms/wafi-off-plan-sales-and-lease/?currentDeveloperPage=9&tabActive=Wafi+Developers,2026-10-01,1608:شركة ميراج للتجارة شركة شخص واحد
شركة مينا للتطوير والاستثمار العقاري,,developer,,851,,الهيئة العامة للعقار — المنشآت المؤهلة (وافي),https://rega.gov.sa/en/rega-services/platforms/wafi-off-plan-sales-and-lease/?currentDeveloperPage=23&tabActive=Wafi+Developers,2026-10-01,851:شركة مينا للتطوير والاستثمار العقاري
شركة ناز الذهبية للتطوير والاستثمار العقاري,,developer,,2055,,الهيئة العامة للعقار — المنشآت المؤهلة (وافي),https://rega.gov.sa/en/rega-services/platforms/wafi-off-plan-sales-and-lease/?currentDeveloperPage=38&tabActive=Wafi+Developers,2026-10-01,2055:شركة ناز الذهبية للتطوير والاستثمار العقاري
شركة ناف للتطوير العقاري,,developer,,2304,,الهيئة العامة للعقار — المنشآت المؤهلة (وافي),https://rega.gov.sa/en/rega-services/platforms/wafi-off-plan-sales-and-lease/?currentDeveloperPage=66&tabActive=Wafi+Developers,2026-10-01,2304:شركة ناف للتطوير العقاري
شركة نافذ,,developer,,1867,,الهيئة العامة للعقار — المنشآت المؤهلة (وافي),https://rega.gov.sa/en/rega-services/platforms/wafi-off-plan-sales-and-lease/?currentDeveloperPage=27&tabActive=Wafi+Developers,2026-10-01,1867:شركة نافذ
شركة نافذة المسكن للتطوير العقاري,,developer,,2124,,الهيئة العامة للعقار — المنشآت المؤهلة (وافي),https://rega.gov.sa/en/rega-services/platforms/wafi-off-plan-sales-and-lease/?currentDeveloperPage=48&tabActive=Wafi+Developers,2026-10-01,2124:شركة نافذة المسكن للتطوير العقاري
شركة نام العربية,,developer,,1863,,الهيئة العامة للعقار — المنشآت المؤهلة (وافي),https://rega.gov.sa/en/rega-services/platforms/wafi-off-plan-sales-and-lease/?currentDeveloperPage=23&tabActive=Wafi+Developers,2026-10-01,1863:شركة نام العربية
شركة نايا نجد العقارية,,developer,,1606,,الهيئة العامة للعقار — المنشآت المؤهلة (وافي),https://rega.gov.sa/en/rega-services/platforms/wafi-off-plan-sales-and-lease/?currentDeveloperPage=50&tabActive=Wafi+Developers,2026-10-01,1606:شركة نايا نجد العقارية
شركة نايف صالح العضيبي للتطوير العقاري,,developer,,2235,,الهيئة العامة للعقار — المنشآت المؤهلة (وافي),https://rega.gov.sa/en/rega-services/platforms/wafi-off-plan-sales-and-lease/?currentDeveloperPage=55&tabActive=Wafi+Developers,2026-10-01,2235:شركة نايف صالح العضيبي للتطوير العقاري
شركة نبل العقارية,,developer,,2407,,الهيئة العامة للعقار — المنشآت المؤهلة (وافي),https://rega.gov.sa/en/rega-services/platforms/wafi-off-plan-sales-and-lease/?currentDeveloperPage=59&tabActive=Wafi+Developers,2026-10-01,2407:شركة نبل العقارية
شركة نجاح المستقبل للتطوير والاستثمار العقاري,,developer,,1760,,الهيئة العامة للعقار — المنشآت المؤهلة (وافي),https://rega.gov.sa/en/rega-services/platforms/wafi-off-plan-sales-and-lease/?currentDeveloperPage=19&tabActive=Wafi+Developers,2026-10-01,1760:شركة نجاح المستقبل للتطوير والاستثمار العقاري
شركة نجمة التميز للعقارات شركة شخص واحد,,developer,,2521,,الهيئة العامة للعقار — المنشآت المؤهلة (وافي),https://rega.gov.sa/en/rega-services/platforms/wafi-off-plan-sales-and-lease/?currentDeveloperPage=88&tabActive=Wafi+Developers,2026-10-01,2521:شركة نجمة التميز للعقارات شركة شخص واحد
شركة نجوم الاعمار العقارية,,developer,,2268,,الهيئة العامة للعقار — المنشآت المؤهلة (وافي),https://rega.gov.sa/en/rega-services/platforms/wafi-off-plan-sales-and-lease/?currentDeveloperPage=36&tabActive=Wafi+Developers,2026-10-01,2268:شركة نجوم الاعمار العقارية
شركة نحت الأصول العقارية,,developer,,1709,,الهيئة العامة للعقار — المنشآت المؤهلة (وافي),https://rega.gov.sa/en/rega-services/platforms/wafi-off-plan-sales-and-lease/?currentDeveloperPage=15&tabActive=Wafi+Developers,2026-10-01,1709:شركة نحت الأصول العقارية
شركة نخبة المباني للتطوير العقاري,,developer,,2027,,الهيئة العامة للعقار — المنشآت المؤهلة (وافي),https://rega.gov.sa/en/rega-services/platforms/wafi-off-plan-sales-and-lease/?currentDeveloperPage=41&tabActive=Wafi+Developers,2026-10-01,2027:شركة نخبة المباني للتطوير العقاري
شركة نخبة المطورين العقارية,,developer,,1723,,الهيئة العامة للعقار — المنشآت المؤهلة (وافي),https://rega.gov.sa/en/rega-services/platforms/wafi-off-plan-sales-and-lease/?currentDeveloperPage=16&tabActive=Wafi+Developers,2026-10-01,1723:شركة نخبة المطورين العقارية
شركة ند للتطوير العقاري,,developer,,1824,,الهيئة العامة للعقار — المنشآت المؤهلة (وافي),https://rega.gov.sa/en/rega-services/platforms/wafi-off-plan-sales-and-lease/?currentDeveloperPage=25&tabActive=Wafi+Developers,2026-10-01,1824:شركة ند للتطوير العقاري
شركة نصل العقارية,,developer,,1593,,الهيئة العامة للعقار — المنشآت المؤهلة (وافي),https://rega.gov.sa/en/rega-services/platforms/wafi-off-plan-sales-and-lease/?currentDeveloperPage=36&tabActive=Wafi+Developers,2026-10-01,1593:شركة نصل العقارية
شركة نصل العقارية,,developer,,2379,,الهيئة العامة للعقار — المنشآت المؤهلة (وافي),https://rega.gov.sa/en/rega-services/platforms/wafi-off-plan-sales-and-lease/?currentDeveloperPage=74&tabActive=Wafi+Developers,2026-10-01,2379:شركة نصل العقارية
شركة نطاق الاولى للتطوير العقاري,,developer,,1972,,الهيئة العامة للعقار — المنشآت المؤهلة (وافي),https://rega.gov.sa/en/rega-services/platforms/wafi-off-plan-sales-and-lease/?currentDeveloperPage=33&tabActive=Wafi+Developers,2026-10-01,1972:شركة نطاق الاولى للتطوير العقاري
شركة نطاق الجزيرة للتطوير العقاري,,developer,,1959,,الهيئة العامة للعقار — المنشآت المؤهلة (وافي),https://rega.gov.sa/en/rega-services/platforms/wafi-off-plan-sales-and-lease/?currentDeveloperPage=24&tabActive=Wafi+Developers,2026-10-01,1959:شركة نطاق الجزيرة للتطوير العقاري
شركة نفذ صفقة,,developer,,2167,,الهيئة العامة للعقار — المنشآت المؤهلة (وافي),https://rega.gov.sa/en/rega-services/platforms/wafi-off-plan-sales-and-lease/?currentDeveloperPage=55&tabActive=Wafi+Developers,2026-10-01,2167:شركة نفذ صفقة
شركة نقش للاستثمار,,developer,,1563,,الهيئة العامة للعقار — المنشآت المؤهلة (وافي),https://rega.gov.sa/en/rega-services/platforms/wafi-off-plan-sales-and-lease/?currentDeveloperPage=19&tabActive=Wafi+Developers,2026-10-01,1563:شركة نقش للاستثمار
شركة نقش للاستثمار,,developer,,2042,,الهيئة العامة للعقار — المنشآت المؤهلة (وافي),https://rega.gov.sa/en/rega-services/platforms/wafi-off-plan-sales-and-lease/?currentDeveloperPage=42&tabActive=Wafi+Developers,2026-10-01,2042:شركة نقش للاستثمار
شركة نما المعماريه للتطوير العقاري,,developer,,2310,,الهيئة العامة للعقار — المنشآت المؤهلة (وافي),https://rega.gov.sa/en/rega-services/platforms/wafi-off-plan-sales-and-lease/?currentDeveloperPage=67&tabActive=Wafi+Developers,2026-10-01,2310:شركة نما المعماريه للتطوير العقاري
شركة نمو,,developer,,2581,,الهيئة العامة للعقار — المنشآت المؤهلة (وافي),https://rega.gov.sa/en/rega-services/platforms/wafi-off-plan-sales-and-lease/?currentDeveloperPage=86&tabActive=Wafi+Developers,2026-10-01,2581:شركة نمو
شركة نمو المتكاملة العقارية,,developer,,1609,,الهيئة العامة للعقار — المنشآت المؤهلة (وافي),https://rega.gov.sa/en/rega-services/platforms/wafi-off-plan-sales-and-lease/?currentDeveloperPage=59&tabActive=Wafi+Developers,2026-10-01,1609:شركة نمو المتكاملة العقارية
شركة نمو كدن العقارية شركة شخص واحد,,developer,,1592,,الهيئة العامة للعقار — المنشآت المؤهلة (وافي),https://rega.gov.sa/en/rega-services/platforms/wafi-off-plan-sales-and-lease/?currentDeveloperPage=8&tabActive=Wafi+Developers,2026-10-01,1592:شركة نمو كدن العقارية شركة شخص واحد
شركة نهضة البناء العقارية,,developer,,633,,الهيئة العامة للعقار — المنشآت المؤهلة (وافي),https://rega.gov.sa/en/rega-services/platforms/wafi-off-plan-sales-and-lease/?currentDeveloperPage=75&tabActive=Wafi+Developers,2026-10-01,633:شركة نهضة البناء العقارية
شركة نهضة المحدودة,,developer,,1351,,الهيئة العامة للعقار — المنشآت المؤهلة (وافي),https://rega.gov.sa/en/rega-services/platforms/wafi-off-plan-sales-and-lease/?currentDeveloperPage=16&tabActive=Wafi+Developers,2026-10-01,1351:شركة نهضة المحدودة
شركة نهضة المحدودة,,developer,,33,,الهيئة العامة للعقار — المنشآت المؤهلة (وافي),https://rega.gov.sa/en/rega-services/platforms/wafi-off-plan-sales-and-lease/?currentDeveloperPage=7&tabActive=Wafi+Developers,2026-10-01,33:شركة نهضة المحدودة
شركة نواف جميل عبيدالله الفهمي للتطوير العقاري شركة شخص واحد,,developer,,1624,,الهيئة العامة للعقار — المنشآت المؤهلة (وافي),https://rega.gov.sa/en/rega-services/platforms/wafi-off-plan-sales-and-lease/?currentDeveloperPage=78&tabActive=Wafi+Developers,2026-10-01,1624:شركة نواف جميل عبيدالله الفهمي للتطوير العقاري شركة شخص واحد
شركة نواف جميل عبيدالله الفهمي للتطوير العقاري شركة شخص واحد,,developer,,2461,,الهيئة العامة للعقار — المنشآت المؤهلة (وافي),https://rega.gov.sa/en/rega-services/platforms/wafi-off-plan-sales-and-lease/?currentDeveloperPage=82&tabActive=Wafi+Developers,2026-10-01,2461:شركة نواف جميل عبيدالله الفهمي للتطوير العقاري شركة شخص واحد
شركة نوالا ريزيدنس للتطوير والاستثمار العقاري,,developer,,2375,,الهيئة العامة للعقار — المنشآت المؤهلة (وافي),https://rega.gov.sa/en/rega-services/platforms/wafi-off-plan-sales-and-lease/?currentDeveloperPage=75&tabActive=Wafi+Developers,2026-10-01,2375:شركة نوالا ريزيدنس للتطوير والاستثمار العقاري
شركة نوايف العاصمة للتطوير والاستثمار العقاري شركة شخص واحد,,developer,,1637,,الهيئة العامة للعقار — المنشآت المؤهلة (وافي),https://rega.gov.sa/en/rega-services/platforms/wafi-off-plan-sales-and-lease/?currentDeveloperPage=12&tabActive=Wafi+Developers,2026-10-01,1637:شركة نوايف العاصمة للتطوير والاستثمار العقاري شركة شخص واحد
شركة نوت العقارية,,developer,,1999,,الهيئة العامة للعقار — المنشآت المؤهلة (وافي),https://rega.gov.sa/en/rega-services/platforms/wafi-off-plan-sales-and-lease/?currentDeveloperPage=34&tabActive=Wafi+Developers,2026-10-01,1999:شركة نوت العقارية
شركة نوى المتقدمة للتطوير العقاري,,developer,,2464,,الهيئة العامة للعقار — المنشآت المؤهلة (وافي),https://rega.gov.sa/en/rega-services/platforms/wafi-off-plan-sales-and-lease/?currentDeveloperPage=81&tabActive=Wafi+Developers,2026-10-01,2464:شركة نوى المتقدمة للتطوير العقاري
شركة نيشان جولد العقارية,,developer,,2355,,الهيئة العامة للعقار — المنشآت المؤهلة (وافي),https://rega.gov.sa/en/rega-services/platforms/wafi-off-plan-sales-and-lease/?currentDeveloperPage=68&tabActive=Wafi+Developers,2026-10-01,2355:شركة نيشان جولد العقارية
شركة نيلوفر نما للتطوير,,developer,,2468,,الهيئة العامة للعقار — المنشآت المؤهلة (وافي),https://rega.gov.sa/en/rega-services/platforms/wafi-off-plan-sales-and-lease/?currentDeveloperPage=84&tabActive=Wafi+Developers,2026-10-01,2468:شركة نيلوفر نما للتطوير
شركة نيو إيفنت,,developer,,2181,,الهيئة العامة للعقار — المنشآت المؤهلة (وافي),https://rega.gov.sa/en/rega-services/platforms/wafi-off-plan-sales-and-lease/?currentDeveloperPage=51&tabActive=Wafi+Developers,2026-10-01,2181:شركة نيو إيفنت
شركة نيو غلف,,developer,,2203,,الهيئة العامة للعقار — المنشآت المؤهلة (وافي),https://rega.gov.sa/en/rega-services/platforms/wafi-off-plan-sales-and-lease/?currentDeveloperPage=59&tabActive=Wafi+Developers,2026-10-01,2203:شركة نيو غلف
شركة هام المدن للتطوير والاستثمار العقاري,,developer,,1750,,الهيئة العامة للعقار — المنشآت المؤهلة (وافي),https://rega.gov.sa/en/rega-services/platforms/wafi-off-plan-sales-and-lease/?currentDeveloperPage=18&tabActive=Wafi+Developers,2026-10-01,1750:شركة هام المدن للتطوير والاستثمار العقاري
شركة هدب العقارية شركة شخص واحد ذات مسؤوليه محدودة,,developer,,1352,,الهيئة العامة للعقار — المنشآت المؤهلة (وافي),https://rega.gov.sa/en/rega-services/platforms/wafi-off-plan-sales-and-lease/?currentDeveloperPage=5&tabActive=Wafi+Developers,2026-10-01,1352:شركة هدب العقارية شركة شخص واحد ذات مسؤوليه محدودة
شركة هدف للتطوير والاستثمار العقاري شركة شخص واحد,,developer,,1586,,الهيئة العامة للعقار — المنشآت المؤهلة (وافي),https://rega.gov.sa/en/rega-services/platforms/wafi-off-plan-sales-and-lease/?currentDeveloperPage=29&tabActive=Wafi+Developers,2026-10-01,1586:شركة هدف للتطوير والاستثمار العقاري شركة شخص واحد
شركة هدف للتطوير والاستثمار العقاري شركة شخص واحد,,developer,,1911,,الهيئة العامة للعقار — المنشآت المؤهلة (وافي),https://rega.gov.sa/en/rega-services/platforms/wafi-off-plan-sales-and-lease/?currentDeveloperPage=31&tabActive=Wafi+Developers,2026-10-01,1911:شركة هدف للتطوير والاستثمار العقاري شركة شخص واحد
شركة هشام الموسى للتطوير والاستثمار العقاري,,developer,,2051,,الهيئة العامة للعقار — المنشآت المؤهلة (وافي),https://rega.gov.sa/en/rega-services/platforms/wafi-off-plan-sales-and-lease/?currentDeveloperPage=43&tabActive=Wafi+Developers,2026-10-01,2051:شركة هشام الموسى للتطوير والاستثمار العقاري
شركة همه العربية العقارية,,developer,,2082,,الهيئة العامة للعقار — المنشآت المؤهلة (وافي),https://rega.gov.sa/en/rega-services/platforms/wafi-off-plan-sales-and-lease/?currentDeveloperPage=41&tabActive=Wafi+Developers,2026-10-01,2082:شركة همه العربية العقارية
شركة هنداز للتطوير العقاري,,developer,,1835,,الهيئة العامة للعقار — المنشآت المؤهلة (وافي),https://rega.gov.sa/en/rega-services/platforms/wafi-off-plan-sales-and-lease/?currentDeveloperPage=25&tabActive=Wafi+Developers,2026-10-01,1835:شركة هنداز للتطوير العقاري
شركة هوادي المحدودة,,developer,,1680,,الهيئة العامة للعقار — المنشآت المؤهلة (وافي),https://rega.gov.sa/en/rega-services/platforms/wafi-off-plan-sales-and-lease/?currentDeveloperPage=11&tabActive=Wafi+Developers,2026-10-01,1680:شركة هوادي المحدودة
شركة هوازن الحديثه للمقاولات,,developer,,1546,,الهيئة العامة للعقار — المنشآت المؤهلة (وافي),https://rega.gov.sa/en/rega-services/platforms/wafi-off-plan-sales-and-lease/?currentDeveloperPage=12&tabActive=Wafi+Developers,2026-10-01,1546:شركة هوازن الحديثه للمقاولات
شركة هوازن الحديثه للمقاولات,,developer,,1614,,الهيئة العامة للعقار — المنشآت المؤهلة (وافي),https://rega.gov.sa/en/rega-services/platforms/wafi-off-plan-sales-and-lease/?currentDeveloperPage=11&tabActive=Wafi+Developers,2026-10-01,1614:شركة هوازن الحديثه للمقاولات
شركة هيال العربية للتطوير العقاري,,developer,,2476,,الهيئة العامة للعقار — المنشآت المؤهلة (وافي),https://rega.gov.sa/en/rega-services/platforms/wafi-off-plan-sales-and-lease/?currentDeveloperPage=83&tabActive=Wafi+Developers,2026-10-01,2476:شركة هيال العربية للتطوير العقاري
شركة هيف العقارية,,developer,,2346,,الهيئة العامة للعقار — المنشآت المؤهلة (وافي),https://rega.gov.sa/en/rega-services/platforms/wafi-off-plan-sales-and-lease/?currentDeveloperPage=71&tabActive=Wafi+Developers,2026-10-01,2346:شركة هيف العقارية
شركة هيل العقارية,,developer,,1938,,الهيئة العامة للعقار — المنشآت المؤهلة (وافي),https://rega.gov.sa/en/rega-services/platforms/wafi-off-plan-sales-and-lease/?currentDeveloperPage=30&tabActive=Wafi+Developers,2026-10-01,1938:شركة هيل العقارية
شركة واجهة الغربية العقارية شركة شخص واحد,,developer,,1465,,الهيئة العامة للعقار — المنشآت المؤهلة (وافي),https://rega.gov.sa/en/rega-services/platforms/wafi-off-plan-sales-and-lease/?currentDeveloperPage=8&tabActive=Wafi+Developers,2026-10-01,1465:شركة واجهة الغربية العقارية شركة شخص واحد
شركة واجهة ألفا للاستثمار,,developer,,2524,,الهيئة العامة للعقار — المنشآت المؤهلة (وافي),https://rega.gov.sa/en/rega-services/platforms/wafi-off-plan-sales-and-lease/?currentDeveloperPage=71&tabActive=Wafi+Developers,2026-10-01,2524:شركة واجهة ألفا للاستثمار
شركة واحة أرجان العقارية,,developer,,2450,,الهيئة العامة للعقار — المنشآت المؤهلة (وافي),https://rega.gov.sa/en/rega-services/platforms/wafi-off-plan-sales-and-lease/?currentDeveloperPage=80&tabActive=Wafi+Developers,2026-10-01,2450:شركة واحة أرجان العقارية
شركة واحة الملهم العقارية,,developer,,1958,,الهيئة العامة للعقار — المنشآت المؤهلة (وافي),https://rega.gov.sa/en/rega-services/platforms/wafi-off-plan-sales-and-lease/?currentDeveloperPage=29&tabActive=Wafi+Developers,2026-10-01,1958:شركة واحة الملهم العقارية
شركة واحة هيا العقارية,,developer,,1882,,الهيئة العامة للعقار — المنشآت المؤهلة (وافي),https://rega.gov.sa/en/rega-services/platforms/wafi-off-plan-sales-and-lease/?currentDeveloperPage=27&tabActive=Wafi+Developers,2026-10-01,1882:شركة واحة هيا العقارية
شركة وارف التطوير للتطوير والاستثمار العقاري,,developer,,2567,,الهيئة العامة للعقار — المنشآت المؤهلة (وافي),https://rega.gov.sa/en/rega-services/platforms/wafi-off-plan-sales-and-lease/?currentDeveloperPage=91&tabActive=Wafi+Developers,2026-10-01,2567:شركة وارف التطوير للتطوير والاستثمار العقاري
شركة واعد العقارية,,developer,,2165,,الهيئة العامة للعقار — المنشآت المؤهلة (وافي),https://rega.gov.sa/en/rega-services/platforms/wafi-off-plan-sales-and-lease/?currentDeveloperPage=54&tabActive=Wafi+Developers,2026-10-01,2165:شركة واعد العقارية
شركة واعدة للاستثمار,,developer,,1947,,الهيئة العامة للعقار — المنشآت المؤهلة (وافي),https://rega.gov.sa/en/rega-services/platforms/wafi-off-plan-sales-and-lease/?currentDeveloperPage=23&tabActive=Wafi+Developers,2026-10-01,1947:شركة واعدة للاستثمار
شركة وايت سكوير ريال إستيت ديفيلوبمنت,,developer,,1952,,الهيئة العامة للعقار — المنشآت المؤهلة (وافي),https://rega.gov.sa/en/rega-services/platforms/wafi-off-plan-sales-and-lease/?currentDeveloperPage=34&tabActive=Wafi+Developers,2026-10-01,1952:شركة وايت سكوير ريال إستيت ديفيلوبمنت
شركة وبيل العمارة للتطوير والاستثمار العقاري,,developer,,1516,,الهيئة العامة للعقار — المنشآت المؤهلة (وافي),https://rega.gov.sa/en/rega-services/platforms/wafi-off-plan-sales-and-lease/?currentDeveloperPage=4&tabActive=Wafi+Developers,2026-10-01,1516:شركة وبيل العمارة للتطوير والاستثمار العقاري
شركة وتان للتطوير والاستثمار العقاري,,developer,,1702,,الهيئة العامة للعقار — المنشآت المؤهلة (وافي),https://rega.gov.sa/en/rega-services/platforms/wafi-off-plan-sales-and-lease/?currentDeveloperPage=15&tabActive=Wafi+Developers,2026-10-01,1702:شركة وتان للتطوير والاستثمار العقاري
شركة وتد البلاتينية,,developer,,2242,,الهيئة العامة للعقار — المنشآت المؤهلة (وافي),https://rega.gov.sa/en/rega-services/platforms/wafi-off-plan-sales-and-lease/?currentDeveloperPage=59&tabActive=Wafi+Developers,2026-10-01,2242:شركة وتد البلاتينية
شركة وثبة للاستثمار,,developer,,1694,,الهيئة العامة للعقار — المنشآت المؤهلة (وافي),https://rega.gov.sa/en/rega-services/platforms/wafi-off-plan-sales-and-lease/?currentDeveloperPage=14&tabActive=Wafi+Developers,2026-10-01,1694:شركة وثبة للاستثمار
شركة وثوب للاستثمار,,developer,,2520,,الهيئة العامة للعقار — المنشآت المؤهلة (وافي),https://rega.gov.sa/en/rega-services/platforms/wafi-off-plan-sales-and-lease/?currentDeveloperPage=88&tabActive=Wafi+Developers,2026-10-01,2520:شركة وثوب للاستثمار
شركة وثير للتطوير العقاري شركة مساهمة مقفلة,,developer,,1598,,الهيئة العامة للعقار — المنشآت المؤهلة (وافي),https://rega.gov.sa/en/rega-services/platforms/wafi-off-plan-sales-and-lease/?currentDeveloperPage=9&tabActive=Wafi+Developers,2026-10-01,1598:شركة وثير للتطوير العقاري شركة مساهمة مقفلة
شركة وجاد المتحدة العقارية,,developer,,1539,,الهيئة العامة للعقار — المنشآت المؤهلة (وافي),https://rega.gov.sa/en/rega-services/platforms/wafi-off-plan-sales-and-lease/?currentDeveloperPage=4&tabActive=Wafi+Developers,2026-10-01,1539:شركة وجاد المتحدة العقارية
شركة وجهات الادارة المحدودة,,developer,,1969,,الهيئة العامة للعقار — المنشآت المؤهلة (وافي),https://rega.gov.sa/en/rega-services/platforms/wafi-off-plan-sales-and-lease/?currentDeveloperPage=34&tabActive=Wafi+Developers,2026-10-01,1969:شركة وجهات الادارة المحدودة
شركة وجهات الجزيرة العقاري,,developer,,1578,,الهيئة العامة للعقار — المنشآت المؤهلة (وافي),https://rega.gov.sa/en/rega-services/platforms/wafi-off-plan-sales-and-lease/?currentDeveloperPage=17&tabActive=Wafi+Developers,2026-10-01,1578:شركة وجهات الجزيرة العقاري
شركة وردة التنمية العقارية,,developer,,1683,,الهيئة العامة للعقار — المنشآت المؤهلة (وافي),https://rega.gov.sa/en/rega-services/platforms/wafi-off-plan-sales-and-lease/?currentDeveloperPage=8&tabActive=Wafi+Developers,2026-10-01,1683:شركة وردة التنمية العقارية
شركة وريف للتطوير والاستثمار العقاري,,developer,,1970,,الهيئة العامة للعقار — المنشآت المؤهلة (وافي),https://rega.gov.sa/en/rega-services/platforms/wafi-off-plan-sales-and-lease/?currentDeveloperPage=35&tabActive=Wafi+Developers,2026-10-01,1970:شركة وريف للتطوير والاستثمار العقاري
شركة وريف للتطوير والاستثمار العقاري,,developer,,43,,الهيئة العامة للعقار — المنشآت المؤهلة (وافي),https://rega.gov.sa/en/rega-services/platforms/wafi-off-plan-sales-and-lease/?currentDeveloperPage=9&tabActive=Wafi+Developers,2026-10-01,43:شركة وريف للتطوير والاستثمار العقاري
شركة وساع للمقاولات شركة شخص واحد,,developer,,1941,,الهيئة العامة للعقار — المنشآت المؤهلة (وافي),https://rega.gov.sa/en/rega-services/platforms/wafi-off-plan-sales-and-lease/?currentDeveloperPage=31&tabActive=Wafi+Developers,2026-10-01,1941:شركة وساع للمقاولات شركة شخص واحد
شركة وسب للصيانة والتشغيل المحدودة,,developer,,1103,,الهيئة العامة للعقار — المنشآت المؤهلة (وافي),https://rega.gov.sa/en/rega-services/platforms/wafi-off-plan-sales-and-lease/?currentDeveloperPage=55&tabActive=Wafi+Developers,2026-10-01,1103:شركة وسب للصيانة والتشغيل المحدودة
شركة وسط جدة للتطوير,,developer,,1827,,الهيئة العامة للعقار — المنشآت المؤهلة (وافي),https://rega.gov.sa/en/rega-services/platforms/wafi-off-plan-sales-and-lease/?currentDeveloperPage=24&tabActive=Wafi+Developers,2026-10-01,1827:شركة وسط جدة للتطوير
شركة وضح للتطوير العقاري,,developer,,2307,,الهيئة العامة للعقار — المنشآت المؤهلة (وافي),https://rega.gov.sa/en/rega-services/platforms/wafi-off-plan-sales-and-lease/?currentDeveloperPage=46&tabActive=Wafi+Developers,2026-10-01,2307:شركة وضح للتطوير العقاري
شركة وعد الشمال للصيانة,,developer,,2025,,الهيئة العامة للعقار — المنشآت المؤهلة (وافي),https://rega.gov.sa/en/rega-services/platforms/wafi-off-plan-sales-and-lease/?currentDeveloperPage=41&tabActive=Wafi+Developers,2026-10-01,2025:شركة وعد الشمال للصيانة
شركة وفاق العقارية,,developer,,2473,,الهيئة العامة للعقار — المنشآت المؤهلة (وافي),https://rega.gov.sa/en/rega-services/platforms/wafi-off-plan-sales-and-lease/?currentDeveloperPage=86&tabActive=Wafi+Developers,2026-10-01,2473:شركة وفاق العقارية
شركة وقت المباني العقارية,,developer,,2120,,الهيئة العامة للعقار — المنشآت المؤهلة (وافي),https://rega.gov.sa/en/rega-services/platforms/wafi-off-plan-sales-and-lease/?currentDeveloperPage=49&tabActive=Wafi+Developers,2026-10-01,2120:شركة وقت المباني العقارية
شركة وكن للتطوير والاستثمار العقاري,,developer,,1561,,الهيئة العامة للعقار — المنشآت المؤهلة (وافي),https://rega.gov.sa/en/rega-services/platforms/wafi-off-plan-sales-and-lease/?currentDeveloperPage=16&tabActive=Wafi+Developers,2026-10-01,1561:شركة وكن للتطوير والاستثمار العقاري
شركة وكن للتطوير والاستثمار العقاري,,developer,,1783,,الهيئة العامة للعقار — المنشآت المؤهلة (وافي),https://rega.gov.sa/en/rega-services/platforms/wafi-off-plan-sales-and-lease/?currentDeveloperPage=21&tabActive=Wafi+Developers,2026-10-01,1783:شركة وكن للتطوير والاستثمار العقاري
شركة وكنة العقارية,,developer,,2542,,الهيئة العامة للعقار — المنشآت المؤهلة (وافي),https://rega.gov.sa/en/rega-services/platforms/wafi-off-plan-sales-and-lease/?currentDeveloperPage=89&tabActive=Wafi+Developers,2026-10-01,2542:شركة وكنة العقارية
شركة ون للاستثمار شركة شخص واحد,,developer,,2339,,الهيئة العامة للعقار — المنشآت المؤهلة (وافي),https://rega.gov.sa/en/rega-services/platforms/wafi-off-plan-sales-and-lease/?currentDeveloperPage=72&tabActive=Wafi+Developers,2026-10-01,2339:شركة ون للاستثمار شركة شخص واحد
شركة وهج المساكن العقارية,,developer,,1567,,الهيئة العامة للعقار — المنشآت المؤهلة (وافي),https://rega.gov.sa/en/rega-services/platforms/wafi-off-plan-sales-and-lease/?currentDeveloperPage=19&tabActive=Wafi+Developers,2026-10-01,1567:شركة وهج المساكن العقارية
شركة وهج المساكن العقارية,,developer,,1816,,الهيئة العامة للعقار — المنشآت المؤهلة (وافي),https://rega.gov.sa/en/rega-services/platforms/wafi-off-plan-sales-and-lease/?currentDeveloperPage=23&tabActive=Wafi+Developers,2026-10-01,1816:شركة وهج المساكن العقارية
شركة وهيج العقارية,,developer,,2014,,الهيئة العامة للعقار — المنشآت المؤهلة (وافي),https://rega.gov.sa/en/rega-services/platforms/wafi-off-plan-sales-and-lease/?currentDeveloperPage=41&tabActive=Wafi+Developers,2026-10-01,2014:شركة وهيج العقارية
شركة وهيج العقارية,,developer,,49,,الهيئة العامة للعقار — المنشآت المؤهلة (وافي),https://rega.gov.sa/en/rega-services/platforms/wafi-off-plan-sales-and-lease/?currentDeveloperPage=10&tabActive=Wafi+Developers,2026-10-01,49:شركة وهيج العقارية
شركة ياقوت الرواد للإستثمار والتطوير العقاري,,developer,,2231,,الهيئة العامة للعقار — المنشآت المؤهلة (وافي),https://rega.gov.sa/en/rega-services/platforms/wafi-off-plan-sales-and-lease/?currentDeveloperPage=63&tabActive=Wafi+Developers,2026-10-01,2231:شركة ياقوت الرواد للإستثمار والتطوير العقاري
شركة يامن للتطوير والاستثمار العقاري شخص واحد قابضة,,developer,,1596,,الهيئة العامة للعقار — المنشآت المؤهلة (وافي),https://rega.gov.sa/en/rega-services/platforms/wafi-off-plan-sales-and-lease/?currentDeveloperPage=39&tabActive=Wafi+Developers,2026-10-01,1596:شركة يامن للتطوير والاستثمار العقاري شخص واحد قابضة
شركة يسر للتطوير والاستثمار العقاري غير مدرجة,,developer,,2087,,الهيئة العامة للعقار — المنشآت المؤهلة (وافي),https://rega.gov.sa/en/rega-services/platforms/wafi-off-plan-sales-and-lease/?currentDeveloperPage=47&tabActive=Wafi+Developers,2026-10-01,2087:شركة يسر للتطوير والاستثمار العقاري غير مدرجة
شركة يمام نجد للاستثمار,,developer,,1946,,الهيئة العامة للعقار — المنشآت المؤهلة (وافي),https://rega.gov.sa/en/rega-services/platforms/wafi-off-plan-sales-and-lease/?currentDeveloperPage=28&tabActive=Wafi+Developers,2026-10-01,1946:شركة يمام نجد للاستثمار
شركة يوسف احمد آل نازح للتطوير والاستثمار العقاري,,developer,,2205,,الهيئة العامة للعقار — المنشآت المؤهلة (وافي),https://rega.gov.sa/en/rega-services/platforms/wafi-off-plan-sales-and-lease/?currentDeveloperPage=59&tabActive=Wafi+Developers,2026-10-01,2205:شركة يوسف احمد آل نازح للتطوير والاستثمار العقاري
شركة يونينكو للمقاولات,,developer,,1860,,الهيئة العامة للعقار — المنشآت المؤهلة (وافي),https://rega.gov.sa/en/rega-services/platforms/wafi-off-plan-sales-and-lease/?currentDeveloperPage=17&tabActive=Wafi+Developers,2026-10-01,1860:شركة يونينكو للمقاولات
شركه اوراك الدوليه,,developer,,839,,الهيئة العامة للعقار — المنشآت المؤهلة (وافي),https://rega.gov.sa/en/rega-services/platforms/wafi-off-plan-sales-and-lease/?currentDeveloperPage=20&tabActive=Wafi+Developers,2026-10-01,839:شركه اوراك الدوليه
فرع شركة الامتيازات العربية المحدودة,,developer,,1399,,الهيئة العامة للعقار — المنشآت المؤهلة (وافي),https://rega.gov.sa/en/rega-services/platforms/wafi-off-plan-sales-and-lease/?currentDeveloperPage=21&tabActive=Wafi+Developers,2026-10-01,1399:فرع شركة الامتيازات العربية المحدودة
مؤسسة آلار للتطوير العقاري,,developer,,2245,,الهيئة العامة للعقار — المنشآت المؤهلة (وافي),https://rega.gov.sa/en/rega-services/platforms/wafi-off-plan-sales-and-lease/?currentDeveloperPage=45&tabActive=Wafi+Developers,2026-10-01,2245:مؤسسة آلار للتطوير العقاري
مؤسسة ابيات التمليك للعقارات,,developer,,2040,,الهيئة العامة للعقار — المنشآت المؤهلة (وافي),https://rega.gov.sa/en/rega-services/platforms/wafi-off-plan-sales-and-lease/?currentDeveloperPage=42&tabActive=Wafi+Developers,2026-10-01,2040:مؤسسة ابيات التمليك للعقارات
مؤسسة أركان المتميزة للتطوير العقاري,,developer,,1317,,الهيئة العامة للعقار — المنشآت المؤهلة (وافي),https://rega.gov.sa/en/rega-services/platforms/wafi-off-plan-sales-and-lease/?currentDeveloperPage=4&tabActive=Wafi+Developers,2026-10-01,1317:مؤسسة أركان المتميزة للتطوير العقاري
مؤسسة اصرار وطن للمقاولات,,developer,,1745,,الهيئة العامة للعقار — المنشآت المؤهلة (وافي),https://rega.gov.sa/en/rega-services/platforms/wafi-off-plan-sales-and-lease/?currentDeveloperPage=18&tabActive=Wafi+Developers,2026-10-01,1745:مؤسسة اصرار وطن للمقاولات
مؤسسة افاق الغربية للتطوير العقاري,,developer,,1579,,الهيئة العامة للعقار — المنشآت المؤهلة (وافي),https://rega.gov.sa/en/rega-services/platforms/wafi-off-plan-sales-and-lease/?currentDeveloperPage=10&tabActive=Wafi+Developers,2026-10-01,1579:مؤسسة افاق الغربية للتطوير العقاري
مؤسسة الابتكار المعماري للتطوير العقاري,,developer,,2189,,الهيئة العامة للعقار — المنشآت المؤهلة (وافي),https://rega.gov.sa/en/rega-services/platforms/wafi-off-plan-sales-and-lease/?currentDeveloperPage=58&tabActive=Wafi+Developers,2026-10-01,2189:مؤسسة الابتكار المعماري للتطوير العقاري
مؤسسة البنيان المتقدمة للتطوير العقاري,,developer,,2344,,الهيئة العامة للعقار — المنشآت المؤهلة (وافي),https://rega.gov.sa/en/rega-services/platforms/wafi-off-plan-sales-and-lease/?currentDeveloperPage=72&tabActive=Wafi+Developers,2026-10-01,2344:مؤسسة البنيان المتقدمة للتطوير العقاري
مؤسسة الجود المتقدمة للتطوير العقاري,,developer,,1974,,الهيئة العامة للعقار — المنشآت المؤهلة (وافي),https://rega.gov.sa/en/rega-services/platforms/wafi-off-plan-sales-and-lease/?currentDeveloperPage=32&tabActive=Wafi+Developers,2026-10-01,1974:مؤسسة الجود المتقدمة للتطوير العقاري
مؤسسة الجودة الفاخرة للتطوير العقاري,,developer,,2280,,الهيئة العامة للعقار — المنشآت المؤهلة (وافي),https://rega.gov.sa/en/rega-services/platforms/wafi-off-plan-sales-and-lease/?currentDeveloperPage=66&tabActive=Wafi+Developers,2026-10-01,2280:مؤسسة الجودة الفاخرة للتطوير العقاري
مؤسسة الجوهرة الرائده للتطوير العقاري,,developer,,1906,,الهيئة العامة للعقار — المنشآت المؤهلة (وافي),https://rega.gov.sa/en/rega-services/platforms/wafi-off-plan-sales-and-lease/?currentDeveloperPage=30&tabActive=Wafi+Developers,2026-10-01,1906:مؤسسة الجوهرة الرائده للتطوير العقاري
مؤسسة الدار العصري العقارية,,developer,,2214,,الهيئة العامة للعقار — المنشآت المؤهلة (وافي),https://rega.gov.sa/en/rega-services/platforms/wafi-off-plan-sales-and-lease/?currentDeveloperPage=58&tabActive=Wafi+Developers,2026-10-01,2214:مؤسسة الدار العصري العقارية
مؤسسة الدولة الحديثة للمقاولات العامة,,developer,,2011,,الهيئة العامة للعقار — المنشآت المؤهلة (وافي),https://rega.gov.sa/en/rega-services/platforms/wafi-off-plan-sales-and-lease/?currentDeveloperPage=36&tabActive=Wafi+Developers,2026-10-01,2011:مؤسسة الدولة الحديثة للمقاولات العامة
مؤسسة الرؤياالذاتيه للمقاولات العامة,,developer,,1787,,الهيئة العامة للعقار — المنشآت المؤهلة (وافي),https://rega.gov.sa/en/rega-services/platforms/wafi-off-plan-sales-and-lease/?currentDeveloperPage=19&tabActive=Wafi+Developers,2026-10-01,1787:مؤسسة الرؤياالذاتيه للمقاولات العامة
مؤسسة الروابي الحديثة للتطوير العقاري,,developer,,1765,,الهيئة العامة للعقار — المنشآت المؤهلة (وافي),https://rega.gov.sa/en/rega-services/platforms/wafi-off-plan-sales-and-lease/?currentDeveloperPage=18&tabActive=Wafi+Developers,2026-10-01,1765:مؤسسة الروابي الحديثة للتطوير العقاري
مؤسسة الصكوك الاولى للتطوير العقاري,,developer,,2208,,الهيئة العامة للعقار — المنشآت المؤهلة (وافي),https://rega.gov.sa/en/rega-services/platforms/wafi-off-plan-sales-and-lease/?currentDeveloperPage=56&tabActive=Wafi+Developers,2026-10-01,2208:مؤسسة الصكوك الاولى للتطوير العقاري
مؤسسة العنود عواد المظيبرى,,developer,,2378,,الهيئة العامة للعقار — المنشآت المؤهلة (وافي),https://rega.gov.sa/en/rega-services/platforms/wafi-off-plan-sales-and-lease/?currentDeveloperPage=75&tabActive=Wafi+Developers,2026-10-01,2378:مؤسسة العنود عواد المظيبرى
مؤسسة الغربية الذهبية المتحدة للمقاولات,,developer,,1610,,الهيئة العامة للعقار — المنشآت المؤهلة (وافي),https://rega.gov.sa/en/rega-services/platforms/wafi-off-plan-sales-and-lease/?currentDeveloperPage=57&tabActive=Wafi+Developers,2026-10-01,1610:مؤسسة الغربية الذهبية المتحدة للمقاولات
مؤسسة الغربية الذهبية المتحدة للمقاولات,,developer,,1705,,الهيئة العامة للعقار — المنشآت المؤهلة (وافي),https://rega.gov.sa/en/rega-services/platforms/wafi-off-plan-sales-and-lease/?currentDeveloperPage=15&tabActive=Wafi+Developers,2026-10-01,1705:مؤسسة الغربية الذهبية المتحدة للمقاولات
مؤسسة الكساء الاول للمقاولات العامة,,developer,,1613,,الهيئة العامة للعقار — المنشآت المؤهلة (وافي),https://rega.gov.sa/en/rega-services/platforms/wafi-off-plan-sales-and-lease/?currentDeveloperPage=25&tabActive=Wafi+Developers,2026-10-01,1613:مؤسسة الكساء الاول للمقاولات العامة
مؤسسة النهج العمراني للتطوير العقاري,,developer,,1217,,الهيئة العامة للعقار — المنشآت المؤهلة (وافي),https://rega.gov.sa/en/rega-services/platforms/wafi-off-plan-sales-and-lease/?currentDeveloperPage=53&tabActive=Wafi+Developers,2026-10-01,1217:مؤسسة النهج العمراني للتطوير العقاري
مؤسسة إمضاء العقارية,,developer,,1569,,الهيئة العامة للعقار — المنشآت المؤهلة (وافي),https://rega.gov.sa/en/rega-services/platforms/wafi-off-plan-sales-and-lease/?currentDeveloperPage=14&tabActive=Wafi+Developers,2026-10-01,1569:مؤسسة إمضاء العقارية
مؤسسة إنماء المدن العصرية للمقاولات العامة,,developer,,2447,,الهيئة العامة للعقار — المنشآت المؤهلة (وافي),https://rega.gov.sa/en/rega-services/platforms/wafi-off-plan-sales-and-lease/?currentDeveloperPage=80&tabActive=Wafi+Developers,2026-10-01,2447:مؤسسة إنماء المدن العصرية للمقاولات العامة
مؤسسة بيرفكت هاوس,,developer,,1968,,الهيئة العامة للعقار — المنشآت المؤهلة (وافي),https://rega.gov.sa/en/rega-services/platforms/wafi-off-plan-sales-and-lease/?currentDeveloperPage=35&tabActive=Wafi+Developers,2026-10-01,1968:مؤسسة بيرفكت هاوس
مؤسسة بيوت السمو للتطوير العقاري,,developer,,1449,,الهيئة العامة للعقار — المنشآت المؤهلة (وافي),https://rega.gov.sa/en/rega-services/platforms/wafi-off-plan-sales-and-lease/?currentDeveloperPage=36&tabActive=Wafi+Developers,2026-10-01,1449:مؤسسة بيوت السمو للتطوير العقاري
مؤسسة بيوتات التميز للمقاولات العامة,,developer,,1535,,الهيئة العامة للعقار — المنشآت المؤهلة (وافي),https://rega.gov.sa/en/rega-services/platforms/wafi-off-plan-sales-and-lease/?currentDeveloperPage=4&tabActive=Wafi+Developers,2026-10-01,1535:مؤسسة بيوتات التميز للمقاولات العامة
مؤسسة تلال المربع للمقاولات العامة,,developer,,1808,,الهيئة العامة للعقار — المنشآت المؤهلة (وافي),https://rega.gov.sa/en/rega-services/platforms/wafi-off-plan-sales-and-lease/?currentDeveloperPage=20&tabActive=Wafi+Developers,2026-10-01,1808:مؤسسة تلال المربع للمقاولات العامة
مؤسسة ثراء كابيتال للتطوير العقاري,,developer,,2215,,الهيئة العامة للعقار — المنشآت المؤهلة (وافي),https://rega.gov.sa/en/rega-services/platforms/wafi-off-plan-sales-and-lease/?currentDeveloperPage=55&tabActive=Wafi+Developers,2026-10-01,2215:مؤسسة ثراء كابيتال للتطوير العقاري
مؤسسة ثوابت البناء للعقارات,,developer,,2387,,الهيئة العامة للعقار — المنشآت المؤهلة (وافي),https://rega.gov.sa/en/rega-services/platforms/wafi-off-plan-sales-and-lease/?currentDeveloperPage=75&tabActive=Wafi+Developers,2026-10-01,2387:مؤسسة ثوابت البناء للعقارات
مؤسسة جزال العقارية,,developer,,1672,,الهيئة العامة للعقار — المنشآت المؤهلة (وافي),https://rega.gov.sa/en/rega-services/platforms/wafi-off-plan-sales-and-lease/?currentDeveloperPage=14&tabActive=Wafi+Developers,2026-10-01,1672:مؤسسة جزال العقارية
مؤسسة جسور التمكين للتطوير العقاري,,developer,,1905,,الهيئة العامة للعقار — المنشآت المؤهلة (وافي),https://rega.gov.sa/en/rega-services/platforms/wafi-off-plan-sales-and-lease/?currentDeveloperPage=30&tabActive=Wafi+Developers,2026-10-01,1905:مؤسسة جسور التمكين للتطوير العقاري
مؤسسة جسور المستقبل للتطوير العقاري,,developer,,1568,,الهيئة العامة للعقار — المنشآت المؤهلة (وافي),https://rega.gov.sa/en/rega-services/platforms/wafi-off-plan-sales-and-lease/?currentDeveloperPage=7&tabActive=Wafi+Developers,2026-10-01,1568:مؤسسة جسور المستقبل للتطوير العقاري
مؤسسة جود المنورة للتطوير العقاري,,developer,,2479,,الهيئة العامة للعقار — المنشآت المؤهلة (وافي),https://rega.gov.sa/en/rega-services/platforms/wafi-off-plan-sales-and-lease/?currentDeveloperPage=82&tabActive=Wafi+Developers,2026-10-01,2479:مؤسسة جود المنورة للتطوير العقاري
مؤسسة جوهرة التمليك العقارية,,developer,,1591,,الهيئة العامة للعقار — المنشآت المؤهلة (وافي),https://rega.gov.sa/en/rega-services/platforms/wafi-off-plan-sales-and-lease/?currentDeveloperPage=8&tabActive=Wafi+Developers,2026-10-01,1591:مؤسسة جوهرة التمليك العقارية
مؤسسة حسن محمد حسن آل السيار الوادعي للمقاولات العامة,,developer,,1655,,الهيئة العامة للعقار — المنشآت المؤهلة (وافي),https://rega.gov.sa/en/rega-services/platforms/wafi-off-plan-sales-and-lease/?currentDeveloperPage=13&tabActive=Wafi+Developers,2026-10-01,1655:مؤسسة حسن محمد حسن آل السيار الوادعي للمقاولات العامة
مؤسسة حوال احمد حوال الرشيدي للتطوير والاستثمار العقاري,,developer,,2415,,الهيئة العامة للعقار — المنشآت المؤهلة (وافي),https://rega.gov.sa/en/rega-services/platforms/wafi-off-plan-sales-and-lease/?currentDeveloperPage=75&tabActive=Wafi+Developers,2026-10-01,2415:مؤسسة حوال احمد حوال الرشيدي للتطوير والاستثمار العقاري
مؤسسة خالد بن علي بن عثمان الماجد للتطوير العقاري,,developer,,1998,,الهيئة العامة للعقار — المنشآت المؤهلة (وافي),https://rega.gov.sa/en/rega-services/platforms/wafi-off-plan-sales-and-lease/?currentDeveloperPage=35&tabActive=Wafi+Developers,2026-10-01,1998:مؤسسة خالد بن علي بن عثمان الماجد للتطوير العقاري
مؤسسة دار القمه,,developer,,2197,,الهيئة العامة للعقار — المنشآت المؤهلة (وافي),https://rega.gov.sa/en/rega-services/platforms/wafi-off-plan-sales-and-lease/?currentDeveloperPage=58&tabActive=Wafi+Developers,2026-10-01,2197:مؤسسة دار القمه
مؤسسة دارك للتطوير العقاري,,developer,,1872,,الهيئة العامة للعقار — المنشآت المؤهلة (وافي),https://rega.gov.sa/en/rega-services/platforms/wafi-off-plan-sales-and-lease/?currentDeveloperPage=25&tabActive=Wafi+Developers,2026-10-01,1872:مؤسسة دارك للتطوير العقاري
مؤسسة درر الاعمار للتطوير العقاري,,developer,,1415,,الهيئة العامة للعقار — المنشآت المؤهلة (وافي),https://rega.gov.sa/en/rega-services/platforms/wafi-off-plan-sales-and-lease/?currentDeveloperPage=9&tabActive=Wafi+Developers,2026-10-01,1415:مؤسسة درر الاعمار للتطوير العقاري
مؤسسة درهام العقارية,,developer,,2105,,الهيئة العامة للعقار — المنشآت المؤهلة (وافي),https://rega.gov.sa/en/rega-services/platforms/wafi-off-plan-sales-and-lease/?currentDeveloperPage=47&tabActive=Wafi+Developers,2026-10-01,2105:مؤسسة درهام العقارية
مؤسسة دروازة الدار للمقاولات,,developer,,1836,,الهيئة العامة للعقار — المنشآت المؤهلة (وافي),https://rega.gov.sa/en/rega-services/platforms/wafi-off-plan-sales-and-lease/?currentDeveloperPage=23&tabActive=Wafi+Developers,2026-10-01,1836:مؤسسة دروازة الدار للمقاولات
مؤسسة رقي الانشاء للتطوير العقاري,,developer,,1409,,الهيئة العامة للعقار — المنشآت المؤهلة (وافي),https://rega.gov.sa/en/rega-services/platforms/wafi-off-plan-sales-and-lease/?currentDeveloperPage=5&tabActive=Wafi+Developers,2026-10-01,1409:مؤسسة رقي الانشاء للتطوير العقاري
مؤسسة ركايز المعمارية,,developer,,2496,,الهيئة العامة للعقار — المنشآت المؤهلة (وافي),https://rega.gov.sa/en/rega-services/platforms/wafi-off-plan-sales-and-lease/?currentDeveloperPage=86&tabActive=Wafi+Developers,2026-10-01,2496:مؤسسة ركايز المعمارية
مؤسسة رمال الغربية العقارية,,developer,,2312,,الهيئة العامة للعقار — المنشآت المؤهلة (وافي),https://rega.gov.sa/en/rega-services/platforms/wafi-off-plan-sales-and-lease/?currentDeveloperPage=70&tabActive=Wafi+Developers,2026-10-01,2312:مؤسسة رمال الغربية العقارية
مؤسسة رمز طويق,,developer,,1994,,الهيئة العامة للعقار — المنشآت المؤهلة (وافي),https://rega.gov.sa/en/rega-services/platforms/wafi-off-plan-sales-and-lease/?currentDeveloperPage=35&tabActive=Wafi+Developers,2026-10-01,1994:مؤسسة رمز طويق
مؤسسة روشم للتطوير العقاري,,developer,,1528,,الهيئة العامة للعقار — المنشآت المؤهلة (وافي),https://rega.gov.sa/en/rega-services/platforms/wafi-off-plan-sales-and-lease/?currentDeveloperPage=4&tabActive=Wafi+Developers,2026-10-01,1528:مؤسسة روشم للتطوير العقاري
مؤسسة روعة الشرق العقارية,,developer,,2330,,الهيئة العامة للعقار — المنشآت المؤهلة (وافي),https://rega.gov.sa/en/rega-services/platforms/wafi-off-plan-sales-and-lease/?currentDeveloperPage=48&tabActive=Wafi+Developers,2026-10-01,2330:مؤسسة روعة الشرق العقارية
مؤسسة ريف الإبداع العقارية,,developer,,1902,,الهيئة العامة للعقار — المنشآت المؤهلة (وافي),https://rega.gov.sa/en/rega-services/platforms/wafi-off-plan-sales-and-lease/?currentDeveloperPage=26&tabActive=Wafi+Developers,2026-10-01,1902:مؤسسة ريف الإبداع العقارية
مؤسسة سعود بن محمد بن حامد المطيري العقارية,,developer,,2573,,الهيئة العامة للعقار — المنشآت المؤهلة (وافي),https://rega.gov.sa/en/rega-services/platforms/wafi-off-plan-sales-and-lease/?currentDeveloperPage=86&tabActive=Wafi+Developers,2026-10-01,2573:مؤسسة سعود بن محمد بن حامد المطيري العقارية
مؤسسة سعيد معيض سعد بن دعجم للتطوير العقاري,,developer,,1791,,الهيئة العامة للعقار — المنشآت المؤهلة (وافي),https://rega.gov.sa/en/rega-services/platforms/wafi-off-plan-sales-and-lease/?currentDeveloperPage=21&tabActive=Wafi+Developers,2026-10-01,1791:مؤسسة سعيد معيض سعد بن دعجم للتطوير العقاري
مؤسسة سفر سالم دخيل الله الثبيتي للتطوير العقاري,,developer,,2332,,الهيئة العامة للعقار — المنشآت المؤهلة (وافي),https://rega.gov.sa/en/rega-services/platforms/wafi-off-plan-sales-and-lease/?currentDeveloperPage=70&tabActive=Wafi+Developers,2026-10-01,2332:مؤسسة سفر سالم دخيل الله الثبيتي للتطوير العقاري
مؤسسة سكون المباني للتطوير العقاري,,developer,,2104,,الهيئة العامة للعقار — المنشآت المؤهلة (وافي),https://rega.gov.sa/en/rega-services/platforms/wafi-off-plan-sales-and-lease/?currentDeveloperPage=48&tabActive=Wafi+Developers,2026-10-01,2104:مؤسسة سكون المباني للتطوير العقاري
مؤسسة سليمان بن محمد بن ابراهيم الحسني العقارية,,developer,,2249,,الهيئة العامة للعقار — المنشآت المؤهلة (وافي),https://rega.gov.sa/en/rega-services/platforms/wafi-off-plan-sales-and-lease/?currentDeveloperPage=64&tabActive=Wafi+Developers,2026-10-01,2249:مؤسسة سليمان بن محمد بن ابراهيم الحسني العقارية
مؤسسة سمو للتطوير والاستثمار العقاري,,developer,,1737,,الهيئة العامة للعقار — المنشآت المؤهلة (وافي),https://rega.gov.sa/en/rega-services/platforms/wafi-off-plan-sales-and-lease/?currentDeveloperPage=18&tabActive=Wafi+Developers,2026-10-01,1737:مؤسسة سمو للتطوير والاستثمار العقاري
مؤسسة صالح يوسف صالح زهراني للمقاولات العامة,,developer,,2469,,الهيئة العامة للعقار — المنشآت المؤهلة (وافي),https://rega.gov.sa/en/rega-services/platforms/wafi-off-plan-sales-and-lease/?currentDeveloperPage=84&tabActive=Wafi+Developers,2026-10-01,2469:مؤسسة صالح يوسف صالح زهراني للمقاولات العامة
مؤسسة صرح الجزيرة للتطوير العقاري,,developer,,1615,,الهيئة العامة للعقار — المنشآت المؤهلة (وافي),https://rega.gov.sa/en/rega-services/platforms/wafi-off-plan-sales-and-lease/?currentDeveloperPage=10&tabActive=Wafi+Developers,2026-10-01,1615:مؤسسة صرح الجزيرة للتطوير العقاري
مؤسسة عادل يحي علي الرداعي للمقاولات عامة,,developer,,2551,,الهيئة العامة للعقار — المنشآت المؤهلة (وافي),https://rega.gov.sa/en/rega-services/platforms/wafi-off-plan-sales-and-lease/?currentDeveloperPage=89&tabActive=Wafi+Developers,2026-10-01,2551:مؤسسة عادل يحي علي الرداعي للمقاولات عامة
مؤسسة عبدالله محمد سليمان المزيني,,developer,,2452,,الهيئة العامة للعقار — المنشآت المؤهلة (وافي),https://rega.gov.sa/en/rega-services/platforms/wafi-off-plan-sales-and-lease/?currentDeveloperPage=82&tabActive=Wafi+Developers,2026-10-01,2452:مؤسسة عبدالله محمد سليمان المزيني
مؤسسة علي عمر عقيل النهدي للخدمات العقارية,,developer,,1159,,الهيئة العامة للعقار — المنشآت المؤهلة (وافي),https://rega.gov.sa/en/rega-services/platforms/wafi-off-plan-sales-and-lease/?currentDeveloperPage=24&tabActive=Wafi+Developers,2026-10-01,1159:مؤسسة علي عمر عقيل النهدي للخدمات العقارية
مؤسسة علي عمر عقيل النهدي للخدمات العقارية,,developer,,9,,الهيئة العامة للعقار — المنشآت المؤهلة (وافي),https://rega.gov.sa/en/rega-services/platforms/wafi-off-plan-sales-and-lease/?currentDeveloperPage=6&tabActive=Wafi+Developers,2026-10-01,9:مؤسسة علي عمر عقيل النهدي للخدمات العقارية
مؤسسة غمام المجد للتطوير والاستثمار العقاري,,developer,,1748,,الهيئة العامة للعقار — المنشآت المؤهلة (وافي),https://rega.gov.sa/en/rega-services/platforms/wafi-off-plan-sales-and-lease/?currentDeveloperPage=11&tabActive=Wafi+Developers,2026-10-01,1748:مؤسسة غمام المجد للتطوير والاستثمار العقاري
مؤسسة فال البنيان للتطوير والاستثمار العقاري,,developer,,2414,,الهيئة العامة للعقار — المنشآت المؤهلة (وافي),https://rega.gov.sa/en/rega-services/platforms/wafi-off-plan-sales-and-lease/?currentDeveloperPage=78&tabActive=Wafi+Developers,2026-10-01,2414:مؤسسة فال البنيان للتطوير والاستثمار العقاري
مؤسسة قبص الأولى للعقارات,,developer,,2518,,الهيئة العامة للعقار — المنشآت المؤهلة (وافي),https://rega.gov.sa/en/rega-services/platforms/wafi-off-plan-sales-and-lease/?currentDeveloperPage=89&tabActive=Wafi+Developers,2026-10-01,2518:مؤسسة قبص الأولى للعقارات
مؤسسة قمة الشرقية للخدمات العقارية,,developer,,2009,,الهيئة العامة للعقار — المنشآت المؤهلة (وافي),https://rega.gov.sa/en/rega-services/platforms/wafi-off-plan-sales-and-lease/?currentDeveloperPage=37&tabActive=Wafi+Developers,2026-10-01,2009:مؤسسة قمة الشرقية للخدمات العقارية
مؤسسة كواسب المتحدة العقارية,,developer,,1752,,الهيئة العامة للعقار — المنشآت المؤهلة (وافي),https://rega.gov.sa/en/rega-services/platforms/wafi-off-plan-sales-and-lease/?currentDeveloperPage=19&tabActive=Wafi+Developers,2026-10-01,1752:مؤسسة كواسب المتحدة العقارية
مؤسسة محمد بن علي بن محمد الغامدي للتطوير العقاري,,developer,,1754,,الهيئة العامة للعقار — المنشآت المؤهلة (وافي),https://rega.gov.sa/en/rega-services/platforms/wafi-off-plan-sales-and-lease/?currentDeveloperPage=16&tabActive=Wafi+Developers,2026-10-01,1754:مؤسسة محمد بن علي بن محمد الغامدي للتطوير العقاري
مؤسسة محمد نويشر رداد الحارثي للتطوير العقاري,,developer,,1294,,الهيئة العامة للعقار — المنشآت المؤهلة (وافي),https://rega.gov.sa/en/rega-services/platforms/wafi-off-plan-sales-and-lease/?currentDeveloperPage=21&tabActive=Wafi+Developers,2026-10-01,1294:مؤسسة محمد نويشر رداد الحارثي للتطوير العقاري
مؤسسة مرشود طمحي العتيبي,,developer,,2552,,الهيئة العامة للعقار — المنشآت المؤهلة (وافي),https://rega.gov.sa/en/rega-services/platforms/wafi-off-plan-sales-and-lease/?currentDeveloperPage=90&tabActive=Wafi+Developers,2026-10-01,2552:مؤسسة مرشود طمحي العتيبي
مؤسسة مساكن الاخيار للمقاولات العامة,,developer,,2325,,الهيئة العامة للعقار — المنشآت المؤهلة (وافي),https://rega.gov.sa/en/rega-services/platforms/wafi-off-plan-sales-and-lease/?currentDeveloperPage=70&tabActive=Wafi+Developers,2026-10-01,2325:مؤسسة مساكن الاخيار للمقاولات العامة
مؤسسة مساكن التمليك العقارية,,developer,,1544,,الهيئة العامة للعقار — المنشآت المؤهلة (وافي),https://rega.gov.sa/en/rega-services/platforms/wafi-off-plan-sales-and-lease/?currentDeveloperPage=4&tabActive=Wafi+Developers,2026-10-01,1544:مؤسسة مساكن التمليك العقارية
مؤسسة مساكن الهنوف للمقاولات,,developer,,1733,,الهيئة العامة للعقار — المنشآت المؤهلة (وافي),https://rega.gov.sa/en/rega-services/platforms/wafi-off-plan-sales-and-lease/?currentDeveloperPage=18&tabActive=Wafi+Developers,2026-10-01,1733:مؤسسة مساكن الهنوف للمقاولات
مؤسسة مصطفى بن عبدالرحمن بن مصطفى رجب للمقاولات العامة,,developer,,2012,,الهيئة العامة للعقار — المنشآت المؤهلة (وافي),https://rega.gov.sa/en/rega-services/platforms/wafi-off-plan-sales-and-lease/?currentDeveloperPage=35&tabActive=Wafi+Developers,2026-10-01,2012:مؤسسة مصطفى بن عبدالرحمن بن مصطفى رجب للمقاولات العامة
مؤسسة معالم المباني الحديثة للمقاولات,,developer,,1304,,الهيئة العامة للعقار — المنشآت المؤهلة (وافي),https://rega.gov.sa/en/rega-services/platforms/wafi-off-plan-sales-and-lease/?currentDeveloperPage=4&tabActive=Wafi+Developers,2026-10-01,1304:مؤسسة معالم المباني الحديثة للمقاولات
مؤسسة معالم المباني الحديثة للمقاولات,,developer,,1564,,الهيئة العامة للعقار — المنشآت المؤهلة (وافي),https://rega.gov.sa/en/rega-services/platforms/wafi-off-plan-sales-and-lease/?currentDeveloperPage=18&tabActive=Wafi+Developers,2026-10-01,1564:مؤسسة معالم المباني الحديثة للمقاولات
مؤسسة مكتب بوابة التمليك للعقار,,developer,,2107,,الهيئة العامة للعقار — المنشآت المؤهلة (وافي),https://rega.gov.sa/en/rega-services/platforms/wafi-off-plan-sales-and-lease/?currentDeveloperPage=50&tabActive=Wafi+Developers,2026-10-01,2107:مؤسسة مكتب بوابة التمليك للعقار
مؤسسة مكتب سهم الموقع للعقارات,,developer,,1635,,الهيئة العامة للعقار — المنشآت المؤهلة (وافي),https://rega.gov.sa/en/rega-services/platforms/wafi-off-plan-sales-and-lease/?currentDeveloperPage=12&tabActive=Wafi+Developers,2026-10-01,1635:مؤسسة مكتب سهم الموقع للعقارات
مؤسسة منازل الأمان للتطوير العقاري,,developer,,2239,,الهيئة العامة للعقار — المنشآت المؤهلة (وافي),https://rega.gov.sa/en/rega-services/platforms/wafi-off-plan-sales-and-lease/?currentDeveloperPage=64&tabActive=Wafi+Developers,2026-10-01,2239:مؤسسة منازل الأمان للتطوير العقاري
مؤسسة منظومة الابتكار الحديث,,developer,,2398,,الهيئة العامة للعقار — المنشآت المؤهلة (وافي),https://rega.gov.sa/en/rega-services/platforms/wafi-off-plan-sales-and-lease/?currentDeveloperPage=76&tabActive=Wafi+Developers,2026-10-01,2398:مؤسسة منظومة الابتكار الحديث
مؤسسة نظم الاتفاق للمقاولات العامة,,developer,,2348,,الهيئة العامة للعقار — المنشآت المؤهلة (وافي),https://rega.gov.sa/en/rega-services/platforms/wafi-off-plan-sales-and-lease/?currentDeveloperPage=66&tabActive=Wafi+Developers,2026-10-01,2348:مؤسسة نظم الاتفاق للمقاولات العامة
مؤسسة نمو الرواسي للتطوير العقاري,,developer,,2486,,الهيئة العامة للعقار — المنشآت المؤهلة (وافي),https://rega.gov.sa/en/rega-services/platforms/wafi-off-plan-sales-and-lease/?currentDeveloperPage=85&tabActive=Wafi+Developers,2026-10-01,2486:مؤسسة نمو الرواسي للتطوير العقاري
مؤسسة نواف شريد خالد المطيري للتطوير العقاري,,developer,,2504,,الهيئة العامة للعقار — المنشآت المؤهلة (وافي),https://rega.gov.sa/en/rega-services/platforms/wafi-off-plan-sales-and-lease/?currentDeveloperPage=85&tabActive=Wafi+Developers,2026-10-01,2504:مؤسسة نواف شريد خالد المطيري للتطوير العقاري
مؤسسة نيكسوس العقارية,,developer,,2313,,الهيئة العامة للعقار — المنشآت المؤهلة (وافي),https://rega.gov.sa/en/rega-services/platforms/wafi-off-plan-sales-and-lease/?currentDeveloperPage=69&tabActive=Wafi+Developers,2026-10-01,2313:مؤسسة نيكسوس العقارية
مؤسسة هضاب السويس,,developer,,2103,,الهيئة العامة للعقار — المنشآت المؤهلة (وافي),https://rega.gov.sa/en/rega-services/platforms/wafi-off-plan-sales-and-lease/?currentDeveloperPage=48&tabActive=Wafi+Developers,2026-10-01,2103:مؤسسة هضاب السويس
مؤسسة هيا عبدالعزيز عبدالله الموسى للاستثمار,,developer,,2253,,الهيئة العامة للعقار — المنشآت المؤهلة (وافي),https://rega.gov.sa/en/rega-services/platforms/wafi-off-plan-sales-and-lease/?currentDeveloperPage=64&tabActive=Wafi+Developers,2026-10-01,2253:مؤسسة هيا عبدالعزيز عبدالله الموسى للاستثمار
مؤسسة واصف عارف واصف نصار للتطوير والاستثمار العقاري,,developer,,1908,,الهيئة العامة للعقار — المنشآت المؤهلة (وافي),https://rega.gov.sa/en/rega-services/platforms/wafi-off-plan-sales-and-lease/?currentDeveloperPage=31&tabActive=Wafi+Developers,2026-10-01,1908:مؤسسة واصف عارف واصف نصار للتطوير والاستثمار العقاري
مؤسسة وتين الغربية لتقنية المعلومات,,developer,,1645,,الهيئة العامة للعقار — المنشآت المؤهلة (وافي),https://rega.gov.sa/en/rega-services/platforms/wafi-off-plan-sales-and-lease/?currentDeveloperPage=12&tabActive=Wafi+Developers,2026-10-01,1645:مؤسسة وتين الغربية لتقنية المعلومات
مؤسسة وهب النخبة,,developer,,2222,,الهيئة العامة للعقار — المنشآت المؤهلة (وافي),https://rega.gov.sa/en/rega-services/platforms/wafi-off-plan-sales-and-lease/?currentDeveloperPage=60&tabActive=Wafi+Developers,2026-10-01,2222:مؤسسة وهب النخبة
ماهر حمد المغامس واخوانه للاستثماروالتطويرالعقاري والمقاولات,,developer,,2095,,الهيئة العامة للعقار — المنشآت المؤهلة (وافي),https://rega.gov.sa/en/rega-services/platforms/wafi-off-plan-sales-and-lease/?currentDeveloperPage=49&tabActive=Wafi+Developers,2026-10-01,2095:ماهر حمد المغامس واخوانه للاستثماروالتطويرالعقاري والمقاولات
مجموعة السامي,,developer,,1473,,الهيئة العامة للعقار — المنشآت المؤهلة (وافي),https://rega.gov.sa/en/rega-services/platforms/wafi-off-plan-sales-and-lease/?currentDeveloperPage=5&tabActive=Wafi+Developers,2026-10-01,1473:مجموعة السامي
مجموعة الشريف يحي آل زيد للمقاولات,,developer,,1673,,الهيئة العامة للعقار — المنشآت المؤهلة (وافي),https://rega.gov.sa/en/rega-services/platforms/wafi-off-plan-sales-and-lease/?currentDeveloperPage=14&tabActive=Wafi+Developers,2026-10-01,1673:مجموعة الشريف يحي آل زيد للمقاولات
مجموعة العطير العقارية,,developer,,1767,,الهيئة العامة للعقار — المنشآت المؤهلة (وافي),https://rega.gov.sa/en/rega-services/platforms/wafi-off-plan-sales-and-lease/?currentDeveloperPage=20&tabActive=Wafi+Developers,2026-10-01,1767:مجموعة العطير العقارية
مجموعة المنار الدولية للتجارة,,developer,,1766,,الهيئة العامة للعقار — المنشآت المؤهلة (وافي),https://rega.gov.sa/en/rega-services/platforms/wafi-off-plan-sales-and-lease/?currentDeveloperPage=20&tabActive=Wafi+Developers,2026-10-01,1766:مجموعة المنار الدولية للتجارة
مجموعة فرسان التمليك للخدمات العقارية شركة شخص واحد,,developer,,2096,,الهيئة العامة للعقار — المنشآت المؤهلة (وافي),https://rega.gov.sa/en/rega-services/platforms/wafi-off-plan-sales-and-lease/?currentDeveloperPage=47&tabActive=Wafi+Developers,2026-10-01,2096:مجموعة فرسان التمليك للخدمات العقارية شركة شخص واحد
مجموعة موسى عبدالعزيز الموسى وأولاده العقارية القابضة,,developer,,2016,,الهيئة العامة للعقار — المنشآت المؤهلة (وافي),https://rega.gov.sa/en/rega-services/platforms/wafi-off-plan-sales-and-lease/?currentDeveloperPage=41&tabActive=Wafi+Developers,2026-10-01,2016:مجموعة موسى عبدالعزيز الموسى وأولاده العقارية القابضة
نايف صالح عبدالعزيز الراجحي الاستثمارية المحدودة شركة شخص واحد,,developer,,1447,,الهيئة العامة للعقار — المنشآت المؤهلة (وافي),https://rega.gov.sa/en/rega-services/platforms/wafi-off-plan-sales-and-lease/?currentDeveloperPage=5&tabActive=Wafi+Developers,2026-10-01,1447:نايف صالح عبدالعزيز الراجحي الاستثمارية المحدودة شركة شخص واحد
